PAIR_ID	SOURCE_FILE	EN_TEXT	ZH_TEXT	IT_TEXT	CITATION_EN	CITATION_ZH	EN_CHAR_LEN	ZH_CHAR_LEN
pair_0000_0000_023_241009	0000_0000_023_241009.txt	The cult that liberates the spiritual aspirant by helping him in expanding his mind and spirit is Tantra. And when a sádhaka, a spiritual aspirant, tries to enlarge his mind, naturally debasing forces become very active. The depraving forces, debasing forces, become very active, and the sádhaka is to enlarge his mind and spirit by fighting at each and every step, each and every stage of life.	幫助靈性修持者擴展心靈，以達到解脫的法門鍛鍊就稱為「密宗」。 當修行者努力擴展其心靈時，自然許多阻礙會迎面而來。這些墮落、粗鈍的力量是如此張牙舞爪，為了對抗它們以擴展心靈和靈性，修行者在生命的每一步都必須不停地奮鬥。		Shrii Shrii Ánandamúrti | Date not known | 04 Fighting at Each and Every Step | Ánanda Vacanámrtam Part 34	Shrii Shrii Ánandamúrti | 日期未知 | 04 每一步都必須奮鬥 | 喜悅甘露集 卷11，P.23	397	108
pair_0000_0000_024_250516	0000_0000_024_250516.txt	Now, a Tantric is called, a sádhaka is called, a soldier. [Sádhanásamara] [“the battle of sádhaná”]. Samara means “war”, “battle”, “fight”. The sádhaka is engaged in fight. It is for the brave, it is for courageous people. Sádhanásamara. And this cult is the cult of Tantra. He who wants to keep himself away from fight is unknowingly committing suicide, mental and spiritual suicide. Each and every man should be ready for fight – fight in the mental stratum, fight in the family stratum, fight in each and every stratum of life. This is Tantra.	靈性的修持者被稱為「戰士」。靈性修持的戰場稱為Sádhanásamara。Samara是指「戰爭」、「交戰」、「奮鬥」。修行者必須奮戰，靈性的修持是為勇者而備的。而此戰鬥的法門就是「Tantra」。一個意欲躲避戰鬥的人，在不知不覺間犯了自我毀滅的罪行，他毀滅了自己的心靈和靈性。所以每個人都必須隨時備戰，在生命的每個層面都要有戰鬥的準備，這就是「Tantra」。		Shrii Shrii Ánandamúrti | Date not known | 04 Fighting at Each and Every Step | Ánanda Vacanámrtam Part 34	Shrii Shrii Ánandamúrti | 日期未知 | 04 每一步都必須奮鬥 | 喜悅甘露集 卷11，P.24	554	181
pair_0000_0000_033_240618	0000_0000_033_240618.txt	You are in the midst of so many minute expressions of Náráyańa. Each and every expression is Náráyańa in a particular form, Náráyańa in a particular shape, Náráyańa in a particular style. You are to serve them, and this serving of Náráyańa in human form is your objective adjustment, and your movement towards the Non-Attributional Supreme Puruśa is your subjective approach.	你們處在上主森羅萬象的微小展現中，你們必須為眾生服務，你們的客體調適就是以人的形相為祂服務，而你們朝向主體的前進就是往無屬性至上本體的行動。		Shrii Shrii Ánandamúrti | Fighting at Each and Every Step | Ánanda Vacanámrtam Part 34	Shrii Shrii Ánandamúrti | 每一步都必須奮鬥 | 喜悅甘露集卷11，P.33	391	70
pair_0000_0000_035_251018	0000_0000_035_251018.txt	Life is to fight. Now when one starts fight, then he becomes a man in human structure. He is no longer a brute in human structure, he is a man in human structure. And in that phase he says: “O Lord, by Your mercy, by Your grace, I have become a hero, I have started fighting against debasing forces functioning within my mind, functioning within my family, functioning within the society. So by Your grace I have become a hero. I am a hero, I am a viira, thou art Viireshvara [Lord of Heroes].” So in the second phase of sádhaná, Pashupati becomes Viireshvara. It is another name of Lord Shiva. Pashupati becomes Viireshvara. And as a result of further fight, when this fighting tendency, this belligerent tendency, becomes his wont, in that case He becomes a deva, he is called a deva.	生命就是要奮鬥。當一個人起身奮戰時，他始成為真正的人，而不再是徒具人形的野獸。在此階段，他會說：「哦，主啊！由於您的慈悲，我成了英勇的戰士，開始對抗心中卑劣的習性，也開始與在家庭、社會生活中的阻礙奮戰。所以，因為有您的恩典，我才得以成就自身為英雄，才是個真正的勇者，哦，您是勇者之主(Viireshvara)!」 在靈性修持的第二個階段裡，上主從動物之主(Pashupati)變成勇者之主，這是上主希瓦的另一個稱呼。由於更加努力奮戰，此戰鬥的傾向業已形成習慣，此時他將成為一個神人，他就變成了神。		Shrii Shrii Ánandamúrti | Date not known | 05 I Have Become a Hero | Ánanda Vacanámrtam Part 34	Shrii Shrii Ánandamúrti | 日期未知 | 05 成就自身為英雄 | 喜悅甘露集 卷11，P.35	788	248
pair_0000_0000_036_250830	0000_0000_036_250830.txt	In human life there should be – what? Subjective approach through objective adjustment. If only the subjective approach is there and there is no objective adjustment, there equilibrium will be lost. The entire human society will become degraded and destroyed. And if there is only physical activity and no spiritual advancement, human existence will be rendered to the status of brutes or plants, which is not at all desirable. So a spiritual aspirant must always remember the subjective approach through objective adjustment. There is no alternative.	在生命的進展中，人類必須藉由客體的調適以接近主體。只從事主體的接近，而未有客體的調適，那麼人會失去平衡。整體人類社會也會跟著墮落和毀滅。然而如果只重視客體層面的活動，而忽略靈性的進展，那麼人類的存在將淪落如動、植物般的生命，此非吾人所樂見之結果。所以靈性的修持者一定要牢記「透過客體的調適以接近主體」這句話，此外別無他途可循。		Shrii Shrii Ánandamúrti | Date not known | 05 There Should Be Subjective Approach through Objective Adjustment | Ánanda Vacanámrtam Part 31	Shrii Shrii Ánandamúrti | 日期未知 | 05 透過客體的調適以接近主體 | 喜悅甘露集 卷9，P.36	551	163
pair_0000_0000_037_241030	0000_0000_037_241030.txt	The resultant of these vrttis, or expressed sentiments, is the saḿskára of the mind concerned. Saḿskáras have a momentum whose inherent force causes the unit body to propel to the force of momentum activating therein. Resultant propensity consists of three aspects – physical [desire], psychic urge and spiritual [longing]. The last one causes neither a good nor a bad reaction; here is a balanced state. The propensitive equipoise is a characteristic only of the Macrocosmic Entity, since in It lies everything, nothing is beyond or external to It. Hence it remains unassailed.	情感的展現或習性作用的結果和心靈中潛藏的因果業力有關。業力含有一股非表達不可的動力，這活躍的動力驅策著個體。 習性的表達包含三個方面：物質層面的慾望、心理層面以及靈性層面的渴望。靈性層面的渴望所造成的業力沒有所謂好壞，在此它是處於一種平衡的狀態。 唯有大宇宙心靈才有平衡的心靈習性，因為萬有一切均含攝其中，沒有任何東西超越它而存在，故它永恆如新，不受影響。		Shrii Shrii Ánandamúrti | Date not known | 06 Macro-Propensitive Equipoise and Non-Propensitive Desideratum | Ánanda Vacanámrtam Part 31	Shrii Shrii Ánandamúrti | 日期未知 | 06 大宇宙心靈的意願及無習性作用的至上目標 | 喜悅甘露集 卷9，P.37~38	582	178
pair_0000_0000_039_240906	0000_0000_039_240906.txt	How to attain bhakti, how to withdraw the mind from baser propensities and drive it towards the subtlest entity, the abhiiśt́a? The simplest formula is “action minus jiṋánam [knowledge] is equal to devotion” – “karma minus jiṋánam is equal to bhakti.”	如何獲得虔誠？如何從低下、粗鈍的心靈習性中將心靈回收導向最精細的實體(abhiiśt́a)?最簡單的方式就是下列的公式：行動減去知識等於虔誠。		Shrii Shrii Ánandamúrti | Date not known, Bangalore | 06 I Will Not Discourage Jiṋánam | Ánanda Vacanámrtam Part 34	Shrii Shrii Ánandamúrti | 日期未知，於Bangalore | 06 我並非反對知識 | 喜悅甘露集 卷11，P.39	256	71
pair_0000_0000_040_231214	0000_0000_040_231214.txt	Every incident of this universe takes place within His mind, every entity is a creation of His vast imagination. He does not require hands and legs to do his work. He guides and rejuvenates all with His psychic power.	宇宙中的每一事件都在祂的心靈內發生，所有實體皆是祂無限想像的創造，祂不需手和腳來完成祂的工作，而是以其心智力量來引導並賦予一切活力。		All Shine with His Effulgence,  | Subháśita Saḿgraha Part 6	萬物皆閃耀著至上的榮光，靈性科學集成卷六，P.40	217	66
pair_0000_0000_109_240524	0000_0000_109_240524.txt	You are dancing in His mind; your dances are creating a special type of vibration within His mind; it gives Him pleasure. You are doing good work; your good work creates a special type of vibration in His mind; it gives Him pleasure. Whatever good thing you do, it gives Him pleasure.	你在祂的心靈裡跳舞，你的舞蹈在祂的心靈裡製造出某種波動，讓祂覺得快樂。你正在行善，你所做的事也在祂的心靈裡製造出某種波動，這也讓祂感到快樂。不論你做了什麼好事，都會取悅祂。任何你所發展的好念頭都會取悅祂。		Shrii Shrii Ánandamúti | He Thinks and We Perceive | Ánanda Vacanámrtam Part 34	Shrii Shrii Ánandamúti | 究竟真理 | 喜悅甘露集 卷11，P.109	284	102
pair_0000_0000_109_250121	0000_0000_109_250121.txt	All inferences are emanated from the Cosmic Mind, from the mind of the Supreme Father. You are dancing, you will be dancing; but these dances you are dancing within the mind of your Supreme Father. You are dancing within the mind of Parama Puruśa. You are dancing in His mind; your dances are creating a special type of vibration within His mind; it gives Him pleasure. You are doing good work; your good work creates a special type of vibration in His mind; it gives Him pleasure. Whatever good thing you do, it gives Him pleasure.	所有的微波元素都是從大宇宙心靈、至上之父的心靈而來。你在跳舞，你將要跳舞，但你所跳的舞正在你至上父親的心靈裡，你在至上意識的心靈裡跳舞。你在祂的心靈裡跳舞，你的舞蹈在祂的心靈裡製造出某種波動，讓祂覺得快樂。你正在行善，你所做的事也在祂的心靈裡製造出某種波動，這也讓祂感到快樂。不論你做了什麼好事，都會取悅祂。任何你所發展的好念頭都會取悅祂。		Shrii Shrii Ánandamúrti | Date not known | 16 He Thinks and We Perceive | Ánanda Vacanámrtam Part 34	Shrii Shrii Ánandamúrti | 日期未知 | 16 究竟真理 | 喜悅甘露集 卷11，P.109	533	170
pair_0000_0000_111_241017	0000_0000_111_241017.txt	In quest of subtler objects, man felt, man realized, that the subtlest of this universe from which all waves, all expressions, emanate, is my Supreme Goal. And that Supreme Goal, that subtlest object, that perennial source of all inferences, is my goal, is my Parama Puruśa, is my Supreme Father. So a spiritual aspirant must always remember that his goal is not something physical or something psychic. His only goal is the hub of this universe, is the nucleus of this Cosmological order, is that Parama Puruśa, the Supreme Father. All human aspirations culminate at that very point. All human desires and longings coincide there at that particular desideratum.	在精益求精的過程中，人類了悟到至上意識才是宇宙間最精細的目標，祂是所有波動、表達之源。這所有微波元素永恆之源方才是我至上的目標，祂就是至上意識，是我至上的父親。所以，靈性修持者應牢記於心，此至上的目標絕非一物質或心理產物。生命唯一的目標就是宇宙的核心，就是至上意識、至上之父。人類所有的渴望在此達到極致，在此目標一切均皆合一。		Shrii Shrii Ánandamúrti | Date not known | 16 He Thinks and We Perceive | Ánanda Vacanámrtam Part 34	Shrii Shrii Ánandamúrti | 日期未知 | 16 究竟真理 | 喜悦甘露集 卷11，P.111	664	163
pair_0000_0000_134_250919	0000_0000_134_250919.txt	After having analysed the various types of ahaḿkára and their evil effects, we need to examine the ways and means of getting rid of these defects. Chaitanya Mahaprabhu has offered a psychological method to save oneself from the malady of ahaḿkára. Ahaḿkára is really a mental ailment, and a person suffering from this disease requires psychological treatment. The following shloka summarizes the line of treatment suggested by Chaitanya Mahaprabhu: Trńádapi suniicena taroriva sahiśńuna; Amanitá mánadeyaḿ kiirttaniya sadá Harih. [You must be more humble than the grass and more tolerant than the trees. You must give respect to those whom no one respects, and always do kiirtana to the Lord.]	分析各種我執所帶來的不良作用後，我們必須找出對治之道。Chaitanya Mahaprabhu提出一個心理對治法，以使人免於這種自負的「大頭症」。因為我執的確是一種心理疾病，心病需要心藥來治療。下述偈子就是他所提出的方法：Trńádapi suniicena taroriva sahiśńuna; Amanitá mánadeyaḿ kiirttaniya sadá Harih. 「你必須比小草謙卑，比大樹堅忍不拔。你必須尊敬那些不為人所尊敬的人，並且永遠唱頌至上的聖名(kiirtana)。」		Shrii Shrii Ánandamúrti | Date not known | 18 Safeguards against the Defects of Jiṋána and Karma | Ánanda Vacanámrtam Part 23	Shrii Shrii Ánandamúrti | 日期未知 | 19 擺脫知識與行動的缺點 | 喜悅甘露集 卷7，P.134~135	707	249
pair_0000_0000_152_240923	0000_0000_152_240923.txt	By becoming a true spiritual aspirant you know God in yourself. You know that truth in yourself. That is what your life is to be.	當你成為真正的靈性修持者時，你就會在你的內在了悟到上主。你會知道真理不假外求，就在你的裡面。這才是你的人生。		Shrii Shrii Ánandamúrti | Date not known | 28 Dharma Sádhaná | Ánanda Vacanámrtam Part 31	Shrii Shrii Ánandamúrti | 日期未知 | 28 法性修持 | 喜悅甘露集 卷9，P.152	129	54
pair_0000_0000_153_240821	0000_0000_153_240821.txt	The purpose of all creation, the purpose of all human beings, is to know what we are; that is why we are all born in this world. The very purpose of our human existence is to know what we are. There is no other purpose in this universe. Remember always that the very purpose of our creation is to know Him, the Supreme Entity which is in front of you all the time.	萬有眾生之目的、人類之目的皆在於了知自身為何，這就是我們來到這個世界的原因。所以我們存在的唯一目的為的就是了悟我們自己，再也沒有其他的目的了；永遠要記住萬有一切的目的就是了悟那個時時刻刻都呈現在你面前的祂。		Shrii Shrii Ánandamúrti | Date not known | 28 Dharma Sádhaná | Ánanda Vacanámrtam Part 31	Shrii Shrii Ánandamúrti | 日期未知 | 28 法性修持 | 喜悅甘露集 卷9，P.153~154	364	103
pair_0000_0000_156_240327	0000_0000_156_240327.txt	The very purpose of our human creation is to follow the true dharma; is to maintain spiritual practices in this very life, and to become one in Him. So dharma sádhaná means that by following dharma we follow our sádhaná, we follow our spiritual practices. By following the spiritual practices we become one with Him. That is the final victory. That is the final goal of all human beings on this planet. Having proper restraint over your animal nature, try to follow the true human nature; the true human nature is to know yourself.	遵循我們真正的法性、此生堅守靈性修持並且努力與至上意識合一就是我們人類真正的目的。遵循法性即靈性修持，因靈性修持而得以與祂合一，這就是法性修持之意；這是極致的成就，也是人類最終的目標。適當控制住你的動物傾向，努力奉行人類真正的法性，人類真正的法性就是了悟真我。		Shrii Shrii Ánandamúrti | Date not known | Dharma Sádhaná | Ánanda Vacanámrtam Part 31	Shrii Shrii Ánandamúrti | 日期未知 | 法性修持 | 喜悅甘露集 卷9，P.156	535	130
pair_0000_1955_006_240507	0000_1955_006_240507.txt	Happiness is derived by getting what one desires. If one does not get what one desires, one cannot be happy. One becomes sad and miserable. The clearly-reflected consciousness in people, which alone distinguishes them from animals, seeks the Cosmic Entity or the Infinite. And so people derive real happiness only when they can attain the Cosmic Entity or get into the process of attaining It.	快樂之產生是由於得到了想要的東西，一個人如果得不到所想要的東西就不會快樂。人內在清晰反映的意識，使其有別於動物，使其不斷地追求宇宙本體或永恆。因此人只有在達到宇宙本體或學會達到祂的方法時，才能得到真正的快樂。		Shrii Shrii Ánandamúti | 1955, Jamalpur | What Is Dharma? | Ananda Marga: Elementary Philosophy	Shrii Shrii Ánandamúti | 1955年於Jamalpur | 何為法性 | 阿南達瑪迦：激揚生命的哲學，P.6	393	104
pair_0000_1955_015_231210	0000_1955_015_231210.txt	There are innumerable individual minds in this universe, and as there is a reflection [of Paramátman] on each one, there appear to be many átmans [unit consciousnesses]. The collective name for all these átmans or unit consciousnesses is Paramátman, Bhúmácaetanya, Brahma or Bhagaván.	在這宇宙中有無數個體，並且因為個體意識反映在每個人身上，因此顯得有許多自性本體或個體意識。所有這些自性本體或個體意識之總稱為「至上本體」、「宇宙意識」或「薄伽梵」。			1955年於加滿坡，何為法性，阿南達瑪迦：激揚生命的哲學，P.15	291	82
pair_0000_1955_021_241122	0000_1955_021_241122.txt	Only by advancing in the direction of Brahma, and by attaining this original form, can human beings be liberated from this illusory world. To attain oneʼs original self is to attain the universal Puruśa. The object-free unit soul and the object-free universal soul are one and the same entity.	只有朝著至上意識的方向前進，回到其原來的樣子，人才能從虛幻的世界中得到解脫。要達到我們本來的自性就是要達到宇宙意識。沒有客體的個體靈魂和沒有客體的宇宙靈魂是一體的。		Shrii Shrii Ánandamúrti | 1955 DMC, Monghyr | 04 Spiritual Practice and the Cosmic Science (Sádhaná and Madhuvidyá) | Subháśita Saḿgraha Part 1	Shrii Shrii Ánandamúrti | 1955年講於Monghyr瑜伽道場開幕典禮 | 02 靈性修持與大宇宙的科學 | 行動與解脫的奧秘，P.21	294	82
pair_0000_1955_055_240421	0000_1955_055_240421.txt	What Is This World? Ananda Marga: Elementary Philosophy	在完全不含振波微素的精細領域中，振波微素對於精細事物的認知完全用不上。要想能夠辨識精細事物，則需要我們客體心靈的內向波流（亦即bhávaná），而要知道粗鈍領域中的事物，則振波微素是絕對需要的。			1955 | 03 世界的本質 | 激揚生命的哲學，P.55	55	97
pair_0000_1955_066_240218	0000_1955_066_240218.txt	"1955, 'What Is This World?', ""Ananda Marga: Elementary Philosophy”"	俱屬性宇宙本體之所以在特定時期接受造化勢能的影響，其唯一目的就是要祂的每個個體意識都能成為跟祂一樣的解脫的意識。			1955，世界的本質，激揚生命的哲學，P.66	66	56
pair_0000_1955_071_240225	0000_1955_071_240225.txt	The effort with an intense desire to liberate itself from the bondage of Prakrti will only bring results if unit consciousness is alive to its subservient position and understands its bondage to the qualifying principles of Prakrti.	只有在個體意識覺察到自身所居地位的卑屈及了解到造化勢能所施加的束縛時，其強烈的慾望要使自己由造化勢能的束縛中解脫的努力才有結果。			1955，世界的本質，阿南達瑪迦：激揚生命的哲學，P.71	232	64
pair_0000_1955_071_240303	0000_1955_071_240303.txt	Both the realization of being in bondage and a methodical effort to obtain liberation are required by unit consciousness for attaining emancipation.	個體意識為要得到解脫，則對身受束縛的認知與解脫所需的努力方法都是需要的。			1955，世界的本質，阿南達瑪迦：激揚生命的哲學，P.71	148	36
pair_0000_1955_071_240802	0000_1955_071_240802.txt	The effort with an intense desire to liberate itself from the bondage of Prakrti will only bring results if unit consciousness is alive to its subservient position and understands its bondage to the qualifying principles of Prakrti.	在個體意識覺察到自身所居地位的卑屈及了解到造化勢能所施加的束縛時，其強烈的慾望要使自己由造化勢能的束縛中解脫的努力才有結果。		Shrii Shrii Ánandamúrti | 1955 | 03 What Is This World? | Ananda Marga: Elementary Philosophy	Shrii Shrii Ánandamúrti | 1955年 | 03 世界的本質 | 阿南達瑪迦：激揚生命的哲學，P.71	232	62
pair_0000_1955_072_240310	0000_1955_072_240310.txt	Humans were created only to do sádhaná and attain emancipation.	人類被創造出來主要就是為了從事修持並達到解脫。			1955年，世界的本質，阿南達瑪迦：激揚生命的哲學，P.72	65	23
pair_0000_1955_074_240526	0000_1955_074_240526.txt	The last and most important difference between Brahma and human beings is the difference in their characteristic property, or dharma. The dharma of human beings is to do sádhaná and become a muktapuruśa (emancipated being), while that of Saguńa Brahma is to provide an opportunity to each and every one of its units to become a muktapuruśa.	宇宙本體與人之間最後也是最重要的不同處是在他們的特質或法性。人的法性是從事修持並成為一個解脫的人，而俱屬性宇宙本體的特性則是為祂的每個個體提供成為一個解脫者的機會。		"Shrii Shrii Ánandamúti | 1955, 'What Is This World?', ""Ananda Marga: Elementary Philosophy"""	Shrii Shrii Ánandamúti | 1955，世界的本質，激揚生命的哲學，P.74	345	82
pair_0000_1955_078_240811	0000_1955_078_240811.txt	Buddhitattva comes into being due to the qualifying influence of the sentient principle of Prakrti on the unit consciousness. This also brings about the feeling of “I” and creates the knowledge of existence of unit consciousness.	我覺是由於造化勢能的悅性力量影響個體意識而產生的。這同時產生了「我」的感覺及個體意識對存在的認識。		Shrii Shrii Ánandamúrti | 1955 | 04 Who Am I and What Am I? | Ananda Marga: Elementary Philosophy	Shrii Shrii Ánandamúrti | 1955年 | 04 我是誰？我是什麼？ | 阿南達瑪迦：激揚生命的哲學，P.78	229	49
pair_0000_1955_089_240901	0000_1955_089_240901.txt	The process or reaction which restores mind to its original form, the deformity being due to the actions of mind, is experienced as karmaphala (result of actions). The intensity with which an action is performed and thus deforms the mind will be exhibited to the same extent in the reaction or karmaphala.	心靈由於行為而變形，若要回復至原來的形態，則必須經歷其反作用，此一過程即稱為因果業報。造成心靈變形的行為強度，在行為的反作用力（果報）發生時，也會展現出同樣的強度。		Shrii Shrii Ánandamúrti | 1955 | 05 What Is My Relation with the Universe and the Cosmic Entity? | Ananda Marga: Elementary Philosophy	Shrii Shrii Ánandamúrti | 1955年 | 05 我與世界及宇宙本體之關係 | 阿南達瑪迦：激揚生命的哲學，P.89	305	82
pair_0000_1955_100_240610	0000_1955_100_240610.txt	Human beings themselves are answerable for their fate as it is their actions alone which create it. They alone will have to bear the consequences of all their actions. No one else can substitute for them. Their good deeds beget good results, while bad ones beget bad results, and they will have to experience both without any exception. This is the law of Prakrti and no one can change this law.	人本身應為其命運負責，因為是他自己的行為造成的。只有他本人須為其所有行為承受後果，沒有人能代替。好行為產生好的果報，不良的行為產生壞的結果，而當事者必須毫無例外的經歷二者。這是造化勢能的法則，沒有人能改變此法則。		Shrii Shrii Ánandamúti | 1955 | What Is My Relation with the Universe and the Cosmic Entity? | Ananda Marga: Elementary Philosophy	Shrii Shrii Ánandamúti | 1955 | 我與世界及宇宙本體之關係 | 阿南達瑪迦：激揚生命的哲學，P.100	395	106
pair_0000_1955_100_240908	0000_1955_100_240908.txt	One experiences the result of oneʼs actions in a subsequent life and cannot then recollect the actions whose results bring happiness and grief, because a personʼs memory is not large enough to remember or know the deeds of their past lives. Reactions which humans experience were collected in previous lives, and in present life they cannot make out the cause of such experiences, and hence term these experiences as fate or the unknown future.	一個人在來世經歷其前一世的行為果報，不過在經歷前世果報時，人並無法記得給他帶來快樂及悲傷後果的前世行為，因為人的記憶並沒有強到足以記得或知道其前世的行為。人經歷的反作用由前一世累積下來，在這一世，他無法了解這種經歷的原因，因此稱此種經歷為命運或不可知的未來。		Shrii Shrii Ánandamúrti | 1955 | 05 What Is My Relation with the Universe and the Cosmic Entity? | Ananda Marga: Elementary Philosophy	Shrii Shrii Ánandamúrti | 1955 | 05 我與世界及宇宙本體之關係  | 阿南達瑪迦：激揚生命的哲學，P.100	444	129
pair_0000_1955_104_240221	0000_1955_104_240221.txt	Good deeds are those which enlarge the reflection of Consciousness without leading one to go against the laws of Prakrti, called Vidyámáyá – which is associated with vaerágya and viveka. Vaerágya means to attempt to understand the proper use of things and to use them correctly. Discrimination between good and evil is viveka. Viveka is, therefore, necessary for following vaerágya, and vaerágya is a great contributory factor in achieving emancipation (mukti).	良好的行為就是能擴張意識的反映，即是符合「宇宙向心力」(Vidyámáyá)的行為，亦即不執著(Vaerágya)與明辨(Viveka) 。 不執著是要人了解對東西正確及適當的運用，能分别善惡即是明辨。 要遵循不執著先要能明辨，而不執著是達到解脫的必要因素。			1955，人應如何活在世界上，激揚生命的哲學，P.104	468	129
pair_0000_1955_105_241110	0000_1955_105_241110.txt	This right use of a thing is vaerágya. Right use of anything within the idea of vaerágya does not make oneʼs mind a slave to a constant longing for the object. One becomes indifferent to it. By developing indifference or not being constantly attracted by crude things, oneʼs mind becomes subtle.	在不執著的觀念下正確運用事物，可使人心不會成為欲望的奴隸，而會使一個人對於物質無所掛心，再藉著發展不執著或始終不受粗鈍事物所吸引，則心智將愈趨精細。		Shrii Shrii Ánandamúrti | 1955 | 06 How Should Human Beings Live In This World? | Ananda Marga: Elementary Philosophy	Shrii Shrii Ánandamúrti | 1955年 | 06 人應如何活在世界上 | 阿南達瑪迦：激昂生命的哲學，P.105	297	74
pair_0000_1955_105_260528	0000_1955_105_260528.txt	Discrimination between good and evil is viveka. To consider the use of alcohol as an intoxicant to be evil and its use as a medicine to be good is viveka. The same thing by change in its use can become good or evil, and discrimination between the two is viveka. It is with discrimination (viveka) only that mind can determine the goodness or evil in a thing or in its uses. Viveka is, therefore, necessary for following vaerágya, and vaerágya is a great contributory factor in achieving emancipation (mukti). Thus vaerágya and viveka alone are good deeds or Vidyámáyá.	能分別善惡即是明辨，將酒精用來迷醉他人身心即是為惡，而當作藥用即是為善，這就是明辨之用。同一件東西的用途可好可壞，而能分別其中是非者即是明辨。唯具有明辨，心靈才能決定某物及其用途是好是壞。因此要遵循不執著先要能明辨，而不執著是達到解脫的必要因素。因此只有不執著及明辨才是良好的行為。	La discriminazione tra bene e male è viveka. Considerare cattivo l’uso dell’alcol come sostanza inebriante e considerare buono il suo uso come medicina è viveka. La stessa cosa, cambiando il suo utilizzo, può diventare buona o cattiva, e la discriminazione tra le due possibilità è viveka. È soltanto attraverso il discernimento (viveka) che la mente può determinare il bene o il male presenti in una cosa o nel suo utilizzo. Viveka è dunque necessario per seguire il vaerágya (l'uso corretto di ogni cosa), e il vaerágya è un importante fattore che contribuisce al raggiungimento della liberazione (mukti). Perciò soltanto vaerágya e viveka sono vere buone azioni, ovvero Vidyámáyá.	Shrii Shrii Ánandamúrti | 1955 | 06 How Should Human Beings Live In This World? | Ananda Marga: Elementary Philosophy	Shrii Shrii Ánandamúrti | 1955年 | 06 人應如何活在世界上 | 阿南達瑪迦：激揚生命的哲學，P.105	574	141
pair_0000_1955_107_260422	0000_1955_107_260422.txt	The purpose of the Qualified Supreme Entity (Saguńa Brahma) in creating human beings is to make them follow Its course towards the subtle so as to take them back to the supreme rank. This forms the nature (dharma) of human beings. To get back to the supreme rank, effort for the elevation of unit consciousness is necessary, and actions should also be in keeping with the laws of Prakrti so that She does not create obstacles to progress. Hence the people of the first category, that is, good people, are natural (prákrta manuśya), as they work according to their nature (dharma), and they alone serve the purpose for which the Qualified Supreme Entity (Saguńa Brahma) made them.	俱屬性至上本體創造人的目的，乃是為了使人遵循祂的方針而走向精細，以便將他帶返最高的本源，這形成了人的本性。要回到最高的境界，則必須為提昇個體意識而努力，同時行為也應遵守造化勢能的法則，如此造化勢能才不致在前進的道路上製造障礙。因此，只有第一等的人才是合乎自然的，因為他們是依循著自己的本性而行，也只有他們才符合俱屬性至上本體創造他們的目的。	Lo scopo dell’Entità Suprema qualificata (Saguṇa Brahma) nel creare gli esseri umani è far sì che essi seguano il Suo percorso verso il sottile, così da ricondurli allo stato supremo. Questa è la natura (dharma) dell’essere umano. Per ritornare allo stato supremo è necessario uno sforzo volto all’elevazione della coscienza individuale, e le azioni devono essere in accordo con le leggi di Prakṛti, affinché essa non ponga ostacoli al progresso. Per questo motivo, le persone della prima categoria — cioè le persone buone — sono naturali (prākṛta manuṣya), poiché agiscono secondo la loro natura (dharma), e solo esse realizzano il fine per cui l’Entità Suprema qualificata (Saguṇa Brahma) le ha create.	Shrii Shrii Ánandamúrti | 1955 | 06 How Should Human Beings Live In This World? | Ananda Marga: Elementary Philosophy	Shrii Shrii Ánandamúrti | 1955年 | 06 人應如何活在世界上 | 阿南達瑪迦：激揚生命的哲學，P.107	683	170
pair_0000_1955_114_241227	0000_1955_114_241227.txt	The human mind is so made that it has the capacity of becoming like the object to which it is attached. The unit consciousness that wants to return to Cosmic Consciousness quickly has to become devoted to Cosmic Consciousness, and this is bhakti. “I am That” is the idea to which the unit consciousness has to be completely devoted in order to become That one day. Bhakti, devotion, or calling Cosmic Consciousness, thus leads one to become like That.	人類的心靈被造得有能力變成與它所專注的事物一樣。個體意識要想很快地回到宇宙意識也必須專注於宇宙意識，而這就是虔誠。「我就是祂」是個體意識必須完全專注的思想，以便有一天能成為「祂」。因此虔誠或呼喚宇宙意識是讓人變得像祂。		Shrii Shrii Ánandamúrti | 1955 | 06 How Should Human Beings Live In This World | Ananda Marga: Elementary Philosophy	Shrii Shrii Ánandamúrti | 1955年 | 06 人應如何活在世界上 | 阿南達瑪迦──激揚生命的哲學，P.114	451	109
pair_0000_1955_120_231203	0000_1955_120_231203.txt	The wish of the Qualified Supreme Entity is to obtain merger with the Non-Qualified Entity or the supreme rank for every one of Its units.	俱屬性至上本體的意願，是在使祂的每個個體與無屬性宇宙本體或無上的境界合一。			1955 | 〈人生之目標〉，《阿南達瑪迦：激揚生命的哲學》 P.120	138	37
pair_0000_1955_131_250119	0000_1955_131_250119.txt	To steady the vacillation of the mind, to concentrate the mind, to make the mind more subtle, are the ways to achieve freedom from the bondage of Prakrti.	安定浮盪的心靈與集中心靈，使心靈由粗鈍變為更精細，這些都是從造化勢能的束縛中解脫出來的方法或途徑。		Shrii Shrii Ánandamúrti | 1955 | Intuitional Practice and Its Necessity | Ananda Marga: Elementary Philosophy	Shrii Shrii Ánandamúrti | 1955年 | 08 靈修及其必要性 | 阿南達瑪迦──激揚生命的哲學，P.131	154	49
pair_0000_1955_135_250126	0000_1955_135_250126.txt	People have been shackled by Prakrti and imprisoned in this wide prison – the world. It would never be possible for them to become free without the help of another person. Besides this, it is not possible for anyone to learn an art all by themselves. One must have someone who can teach them or whom they can imitate. Such a person from whom one can learn an art is a preceptor. Intuitional practice (sádhaná) is also an art and has to be learned from a preceptor. Hence emancipation is not possible without a preceptor (guru). A guru is always a prime necessity for obtaining emancipation.	人被造化勢能關在這個廣大的監獄（世界）裡，若無他人的幫助，便絕不可能身獲自由。 此外，一個人不可能靠自己習得所有的微奧法門，他需要旁人的教導或借鏡，而可使人們從其學習的人即為導師。修持也是一種方法，必須從師學習，因此若無一位真正的上師指引，解脫是不可能的。上師永遠是求得解脫的必要條件。		Shrii Shrii Ánandamúrti | 1955 | 08 Intuitional Practice and Its Necessity | Ananda Marga: Elementary Philosophy	Shrii Shrii Ánandamúrti | 1955年 | 08 靈修及其必要性 | 阿南達瑪迦──激揚生命的哲學，P.135	592	143
pair_0000_1955_136_250209	0000_1955_136_250209.txt	The purpose of the Qualified Supreme Entity in manifesting the creation is to obtain emancipation for each one of Its units. In order to fulfil this purpose, It will have to appear before anyone who has a yearning for emancipation. This yearning or state of mental uneasiness caused by the intense desire for emancipation heralds the arrival of the opportune moment. The Qualified Supreme Entity, in the form of a great preceptor, will appear to those who have reached this opportune moment by virtue of their intense desire for liberation.	俱屬性至上本體創造此宇宙的目的是在為祂的每一個體求得解脫，而為了達到此目的，祂必將出現在每個渴求解脫的人面前。這種渴望或由於強烈地渴望解脫而心神不安的狀態稱為機緣的成熟。俱屬性至上本體所示現的偉大上師，只會接觸有強烈解脫欲望且時機成熟的人。		Shrii Shrii Ánandamúrti | 1955 | 08 Intuitional Practice and Its Necessity | Ananda Marga: Elementary Philosophy	Shrii Shrii Ánandamúrti | 1955年 | 08 靈修及其必要性 | 阿南達瑪迦──激揚生命的哲學，P.136	540	120
pair_0000_1955_139_240424	0000_1955_139_240424.txt	1955, Intuitional Practice and Its Necessity Ananda Marga: Elementary Philosophy	靈修意指由造化勢能的束縛影響下得到自由。由上師所傳授的修持法門即是去除宇宙離心力的方法。因此真正的靈修在開始時，會遭遇到宇宙離心力更大更明顯的反抗力。障礙是由造化勢能所製造，所以要得到解脫，必須以靈修作為武器來打敗它，宇宙離心力則利用障礙作為武器來阻止修行者的成功。我們應將靈修中的障礙視為好的兆頭，象徵著宇宙離心力開始衰竭。			1955，靈修及其必要性，激揚生命哲學，P.139	80	163
pair_0000_1955_146_250302	0000_1955_146_250302.txt	Forcing oneself to leave worldly life only to keep away from its attractions will serve no purpose. This causes mental agitation and pain and may even bring about oneʼs downfall. To give up the world merely for one doubtful advantage, instead of developing strength of character and firmness of mind, brings one no credit. The brave live among temptations in order to face and overcome them step by step rather than avoiding them due to their fear. Sádhaná means waging war on avidyá, and to win it one has to face the enemy instead of running away or appeasing him. Thus to give up the worldly life merely due to fear of its temptations is not a reasonable approach.	一個人若不發展堅定的品德及堅強的心靈，而只是為了這個不確定的小小方便就遠離世俗是無益的。勇者會生活在誘惑之中，面對它們，逐步地克服，而不是由於害怕而一昧地逃避。靈修即是向宇宙離心力宣戰，為了要戰勝，就必須面對敵人，而非逃跑或姑息。因此只是為了害怕誘惑而放棄世俗的生活實非明智之舉。		Shrii Shrii Ánandamúrti | 1955 | 09 Why Are People Afraid of Intuitional Practice? | Ananda Marga: Elementary Philosophy	Shrii Shrii Ánandamúrti | 1955年 | 09人為何畏懼靈修 | 阿南達瑪迦──激揚生命的哲學，P.146	670	140
pair_0000_1955_148_250316	0000_1955_148_250316.txt	To lead a worldly life and also to practise sádhaná is very convenient. For a person living the normal life of a householder has far greater conveniences and advantages available to him or her than has an ascetic who renounces the world. Retreating to the jungle is not a way to obtain relief from the trials and worries of the world. There is yet another great advantage in living a worldly life. It provides one with the opportunity to serve humanity.	不規避世俗生活同時也從事靈修是最合宜的。因為普通家居生活，遠較棄世的苦行生活有著更多的方便。在山林中尋找清靜並不可能脫離世俗的憂慮煩惱。世俗的生活還有另一極大的益利，亦即提供服務人群的機會。		Shrii Shrii Ánandamúrti | 1955 | 09 Why Are People Afraid of Intuitional Practice? | Ananda Marga: Elementary Philosophy	Shrii Shrii Ánandamúrti | 1955年 | 09 人為何畏懼靈修 | 阿南達瑪迦：激揚生命的哲學，P.148	455	95
pair_0000_1955c_124_241018	0000_1955c_124_241018.txt	The feelings of weal and woe are creations of the mind. Although the mind is limited, its orbit is vast. The aspirant undertakes spiritual practice through the mind. When the aspirant merges his or her mind in Brahma through sádhaná, he or she attains Brahma. They earn an eternal abode above all weal and woe and they cannot entertain any feeling of difference. They see Brahma in everything.	福與禍的感受都是心靈的產物。心靈雖然有限，但它的範疇卻是浩瀚無垠。修行者透過心靈來從事靈性的修持，將心靈融入至上意識，他就到達了至上意識。在所有的禍與福上，他獲得了永恆的住所，他們不再持有任何的分別心，他們在萬有中都見到至上意識。		Shrii Shrii Ánandamúrti | c. 1955 DMC | 08 The Form of Sádhaná | Subháśita Saḿgraha Part 1	Shrii Shrii Ánandamúrti | 約1955年於某大法會 | 09 云何靈性修持 | 靈性科學集成 卷1，P.124	395	115
pair_0000_1956_015_240528	0000_1956_015_240528.txt	The principles of Yama and Niyama perfectly illustrate how one should deal with the surrounding world. The potentiality of an ideal humanity is inherent in Yama and Niyama. Those who are established in Yama and Niyama attain emancipation from the aśt́apásha and śad́aripu arising from Avidyá (the extroversial force). In this connection it is important to remember that overcoming the aśt́apásha and śad́aripu is not the same as eliminating them. In order to survive, one will have to maintain these páshas and ripus, but you should not be subservient to them, rather they should be subservient to you.	持戒與精進完整地教導了吾人處世之道，遵守持戒與精進可發展出理想的人性，並能從無明力量的八大束縛與六大敵人中得到解脫。克服八大束縛與六大敵人不是意謂在消除它們；為了生存，個人必須要維繫這些束縛與敵人，但不應受其宰制，反之應成為其主人。		Shrii Shrii Ánandamúti | 1956, Jamalpur | Sádhaná, Ananda Marga Caryácarya Part 1	Shrii Shrii Ánandamúti | 1956年於加滿坡 | 靈性修持(Sádhaná)，阿南達瑪迦生活指引卷一，P.15	610	116
pair_0000_1956_028_240712	0000_1956_028_240712.txt	Let us move together, let us radiate the same thought-wave, let us come to know our minds together, Let us share our wealth without differentiation, like sages of the past, so that all may enjoy the universe. Let our aspirations be united, let our hearts be inseparable, Let our minds be as one mind, so that we live in harmony and become one with the Supreme.	Shrii Shrii Ánandamúrti 1956年於加滿坡 09 團體靜坐阿南達瑪迦生活指引卷1,P.28		Shrii Shrii Ánandamúrti | 1956, Jamalpur  | 09 Dharmacakra  | Ananda Marga Caryácarya Part 1		360	57
pair_0000_1956_114_241013	0000_1956_114_241013.txt	Your Treasures Sublime ideology, universal love, and unshakeable unity among yourselves. Your Flag A triangular saffron flag with a white swastika inside. Your Pratiika [Emblem] A triangle with one vertex up superimposed on another triangle with one vertex down, with the rising sun having a swastika inside. These are symbols of energy, knowledge, advancement and permanent victory, respectively. You shall protect, in all respects and at all costs, the dignity of your treasures and the sanctity of your flag, of your emblem, and of the pratikrti [photo] of Márga Guru.	你們的寶藏崇高的理念、宇宙之愛、以及你們彼此間堅定不移的團結。 你們的旗幟橘紅色的三角形旗幟，裡面有白色的卐(swastika)符號。 你們的靈性標誌(Pratiika) 一個頂點向上的三角形加在另一個頂點向下的三角形，中間有一個向上昇起的太陽，太陽裡面有一個卐(swastika)符號。它分別象徵能量、知識、前進和永恆勝利。 你們要不計代價在各方面，保護這些寶藏的尊嚴，以及旗幟、靈性標誌及瑪迦上師照片的神聖性。		Shrii Shrii Ánandamúrti | 1956, Jamalpur | 42 Treasures of Ananda Marga | Ananda Marga Caryácarya Part 1	Shrii Shrii Ánandamúrti | 1956年於Jamalpur | 42 阿南達瑪迦的寶藏 | 阿南達瑪迦生活指引 卷1，P.114~115	572	207
pair_0000_1956_131_231204	0000_1956_131_231204.txt	Mandatory observances (duties) of Ananda Margis: The one formless, beginningless and infinite Parama Brahma (Supreme Consciousness) is the only entity to be attained by living beings – That alone is Jagat Guru (the Supreme preceptor), That alone has revealed Brahmavidyá (intuitional science) to us through the medium of the name and form of Anandamúrtijii. Unit beings must be made to appreciate Its majesty.	阿南達瑪琪必須要遵守的責任：無形、無始、無限的至上意識是眾生應追尋的唯一實體，此實體即是至上的上師；祂以阿南達慕提之名及形象，向我們揭示了靈性直覺科學，應竭盡所能讓眾生皆能體察其神聖性。		1956, Jamalpur | Sádhaná (Intuitional Practice),  | Ananda Marga Caryácarya Part 2	1956年於加滿坡 | 靈性修持(直覺鍛鍊)， | 阿南達瑪珈生活指引卷二 P.131	411	93
pair_0000_1956_136_231209	0000_1956_136_231209.txt	Through all works, big and small, humanity has to be awakened. Humanity in its fullest sense is divinity, and its perfection is Brahmatva (Brahma-hood). The aspirant must not forget this even for a moment.	透過各種大大小小的工作來喚醒人性。人性的真諦就是神性，而其完美就是至上之境。對此，靈性修持者務必須臾不可忘懷。		1956, Jamalpur | Sádhaná (Intuitional Practice),  | Ananda Marga Caryácarya Part 2	1956年於加滿坡 | 靈性修持(直覺鍛鍊)， | 阿南達瑪珈生活指引（卷二） P.136	205	55
pair_0000_1957_071_250202	0000_1957_071_250202.txt	What place does knowledge or reasoning occupy in tapah sádhaná? This is a very important question. Truly speaking, far greater knowledge is required to render service pertaining to tapah than to render service pertaining to shaoca. Tapah devoid of knowledge is bound to be misused.	實踐奉獻服務時，知識或推理佔何種地位是個非常重要的問題。實在地說，在從事與奉獻服務有關的鍛鍊時，所需的知識遠比從事潔淨鍛鍊時所需的知識要多。沒有足夠的知識，必然會誤用奉獻服務。		Shrii Shrii Ánandamúrti | Ánanda Púrńimá 1957, Jamalpur | Niyama Sádhaná/Tapah | A Guide to Human Conduct	Shrii Shrii Ánandamúrti | 1957年喜悅滿月日於Jamalpur | 內在行為控制的修持／奉獻服務 | 修行的基礎：人類行為指引，P.71	283	88
pair_0000_1962_000_240212_Getta摘阿南達經	0000_1962_000_240212_Getta摘阿南達經.txt	The attachment to happiness is the primary vrtti (propensity) of living beings. Infinite happiness is ánanda (bliss). This ánanda is called Brahma. That (Brahma) having been attained, all thirst is permanently quenched. To long for and run after the Great is dharma. Therefore dharma should always be practised.	對快樂的渴望是所有生靈首要的心靈情緒傾向；無限的快樂即是喜悅，這個喜悅即稱為至上意識；達到至上意識時，所有的渴望都得到了永恆的滿足；對至上意識的渴望和追求即是法性。因此，必須不斷的從事法性的修持。				313	98
pair_0000_1963_083_250801	0000_1963_083_250801.txt	What you must do is simply surrender to the Lord and leave everything else to Him and Him alone. Your ideal should be the Lord, and your effort should be towards a complete self-surrender. You should ask the Lord to make you what He wants. You should ask the Lord to take that work from You which He desires.	你應該做的只有「臣服」，對上主完全的臣服，一無所求地將一切都交給祂。故你生命的典範應是上主本身，你應努力達到完全的臣服。你應該隨上主高興把你變成祂想要的，你應請上主讓那個你做祂想要你做的事。		Shrii Shrii Ánandamúrti | March 1963 morning, Jamalpur | 11 Your Ideal in Life | Ánanda Vacanámrtam Part 31	Shrii Shrii Ánandamúrti | 1963年3月晨於Jamalpur | 11 生命的典範 | 喜悅甘露集 卷9，P.83	308	95
pair_0000_1965_116_240714	0000_1965_116_240714.txt	Salutations to that respected Guru having the form of an unbroken, undivided circle, by whom the movable and immovable worlds are pervaded, by whom the supreme stance of salvation is shown.  Salutations to that respected Guru by whom the eyes of one blinded by the darkness of ignorance are opened with a stick that applies the ointment of spiritual knowledge.  The Guru as Supreme Progenitor, the Guru as Guardian, the Guru as the one who has the withdrawing power, the Guru who alone is the Supreme Subject – salutations to that respected Guru.	謹向本自圓滿俱足的至上古魯致敬，祂遍佈三千大千世界祂賜予眾生究竟的解脫。 謹向本自圓滿俱足的至上古魯致敬，祂以靈性的知識，打開了眾生為無明黑暗所遮蔽的雙眼。 古魯即是至上的創造者，古魯即是至上的維繫者，古魯即是至上的毀滅者；古魯即是至上意識，謹向尊敬的古魯，獻上最深的禮敬。		Shrii Shrii Ánandamúrti | 1965, Jamalpur | 43 Guru Vandaná | Ananda Marga Caryácarya Part 1	Shrii Shrii Ánandamúrti | 1965年於加滿坡 | 43 向上師奉獻 | 阿南達瑪迦生活指引卷1，P.116	546	137
pair_0000_1966_280_260123	0000_1966_280_260123.txt	What is bhajana? You know, in the process of ideation there are several varieties. One of those varieties is bhajana. When the sádhaka employs all his or her sensory and motor organs in serving his or her object of ideation, that is called bhajana. Devotees sing the name of their Lord, and their ears hear that kiirtana, that bhajana; that is, all their indriyas, all their sensory and motor organs, are engaged in serving the Lord. That particular type of ideation is called bhajana.	何謂「虔誠之歌」(bhajana)?你們知道，在理念作用的過程中，有許多不同的類型，其中一種就是「虔誠之歌」。靈性的修持者運用其所有的感覺和運動器官，為其理念作用的目標而服務，就稱為「虔誠之歌」。虔誠者唱頌著上主的聖名，他們的耳朵聆聽著上主聖名之唱頌以及虔誠的歌曲，也就是說他們所有的器官（包括所有的感覺和運動器官）都致力於對上主的服務。這種特別的理念作用型態，即稱之為「虔誠之歌」。	Che cos’è il bhajana? Come sapete, nel processo dell’ideazione esistono diverse modalità. Una di queste modalità è il bhajana. Quando il sādhaka impiega tutti i propri organi sensoriali e motori al servizio dell’oggetto della sua ideazione, questo si chiama bhajana. I devoti cantano il nome del loro Signore e le loro orecchie ascoltano quel kīrtana, quel bhajana; cioè, tutti i loro indriya, tutti gli organi sensoriali e motori, sono impegnati nel servizio del Signore. Questa particolare forma di ideazione si chiama bhajana.	Shrii Shrii Ánandamúrti | June 1966, Madras | 02 Devotion: The Only Way to Salvation | Ánanda Vacanámrtam Part 23	Shrii Shrii Ánandamúrti | 1966年6月於Madras | 24 虔誠是究竟解脫的唯一途徑 | 虔誠瑜伽的真諦，P.280	486	192
pair_0000_1969_000_250729	0000_1969_000_250729.txt	Psycho-physical parallelism is very easy, while psycho-spiritual parallelism requires repeated mental efforts. That is why wise sádhakas superimpose Brahmabháva on physical objects and mental thoughts. At once they cease to be physical or mental, they become spiritual. After all, each and every object – physical or psychic – is nothing but an expression of Brahma. As a result, one will not have to reap the consequences of oneʼs actions. This is the only way by which one can prevent oneʼs mind from being crudified due to constant psycho-physical parallelism.	心理欲取得與物質層面的平行是非常容易的，然而心理欲取得與靈性層面的平行卻需要持續有恆的心智鍛鍊。這就是為什麼明智的修行者要將至上理念波流(Brahmabháva)置於物質客體和心理念頭之上的原因。只要他們不再被引導朝向物質或心理，他們就會導向於靈性。畢竟不管是物質或心理，每一種客體終究都是至上意識的展現，所以如果將至上理念波流置於一切事物之上，那麼吾人的任何行動就不會有果報的問題產生。這是在不斷與物質取得平行的過程中，避免心靈粗鈍化的唯一方法。		Shrii Shrii Ánandamúrt | 1969, Ranchi | 15 Bhusuku and Brahmabháva | Ánanda Vacanámrtam Part 33	Shrii Shrii Ánandamúrt | 1969年於Ranchi | 27 至上理念的作用 | 靈性修持與三摩地	565	224
pair_0000_1969_021_260517	0000_1969_021_260517.txt	People were carefree on elephantsʼ backs, but they are sufficiently careful when they are driving a motor car or scooter. When going to the moon or Mars, people should be sufficiently cautious. The body and mind should be properly adjusted. This is called environmental adjustment. Ásana, práńáyáma [yogic postures and breathing], etc., help us in this adjustment.	人坐在象背上可悠哉悠哉的，但是駕車或騎摩托車就得小心，當他們要上太空到月球或火星，就要更謹慎了。人類的身、心都必須適當地調適，這就是對於環境的調適。瑜伽體位法、呼吸控制法等都能幫助我們做這方面的調適。	In passato le persone stavano tranquille sul dorso degli elefanti, ma oggi, quando guidano un’automobile o uno scooter, devono prestare molta attenzione. E quando andranno sulla Luna o su Marte, dovranno essere ancora più prudenti. Il corpo e la mente devono essere adeguatamente adattati. Questo è chiamato adattamento ambientale. Le ásana, il pránáyáma  [le posture e respirazione yogica], ecc., ci aiutano in questo adattamento.	Shrii Shrii Ánandamúrti | c. 1969 | 04 Scope for Environmental Adjustment | Ánanda Vacanámrtam Part 33	Shrii Shrii Ánandamúrti | 約1969年 | 04 環境的調適 | 喜悅甘露集 卷10，P.21	369	100
pair_0000_1969_028_260108	0000_1969_028_260108.txt	The Cosmic will guides animals and other objects of the universe. Humans are also guided by Him. But due to the influence of ego, humans are directly controlled by ego and indirectly by the Cosmic Mind. If humans move according to the will of the Cosmic Mind, their speed will be accelerated.	大宇宙的心意引導著生物以及宇宙間其他各種物體，人類雖然也在祂的引導下，但受自我感的影響，人類直接受制於自我感的操控，間接受制於大宇宙心靈。如果人類能夠順應大宇宙心靈的心意而行動，則他們前進的速度會加快許多。	La volontà cosmica guida gli animali e gli altri oggetti dell’universo. Anche gli esseri umani sono guidati da Lui. Ma, sotto l’influenza dell’ego, gli esseri umani sono guidati direttamente da esso e solo indirettamente dalla Mente Cosmica. Se gli esseri umani si muovono secondo la volontà della Mente Cosmica, la loro velocità sarà accelerata.	Shrii Shrii Ánandamúrti | c. 1969 | 05 Our Concept of Creation and Cosmic Mind | Ánanda Vacanámrtam Part 33	Shrii Shrii Ánandamúrti | 約1969年 | 05 創造與大宇宙心靈 | 喜悅甘露集 卷10，P.28	292	103
pair_0000_1969_040_240807	0000_1969_040_240807.txt	If human beings cannot surrender themselves at the altar of Parama Puruśa they can never attain spiritual progress in life. Without total surrender, Macrocosmic grace is not attained, and without Macrocosmic grace nothing is attained. Besides this there is no other way, (Nányah Panthá Vidyateyanáya).	倘若人不能臣服於至上意識，他們就無法獲得靈性生命的進展。沒有全然的臣服，無法得到大宇宙的恩典，沒有大宇宙的恩典，則終將一無所獲。除此之外，別無他途可循(Nányah Panthá Vidyateyanáya)。		Shrii Shrii Ánandamúrti | c. 1969 | 15 Bhakti and Krpá | Ananda Marga Philosophy in a Nutshell Part 4	Shrii Shrii Ánandamúrti | 約1969年 | 04 虔誠與恩典 | 虔誠瑜伽的真諦，P.40	305	105
pair_0000_1969_071_260322	0000_1969_071_260322.txt	Humans, in spite of their numerous defects and loopholes, are divine beings. Sometimes due to their momentary weaknesses they commit some mistakes or crimes; but after all, they are manifestations of God. Everyone is a divine creature and everyone is destined to be perfect some day or other. Whatever we are now is the result of our thoughts and actions in the past, and whatever we shall be in the future will be the result of what we think and do now.	縱然人類有許多缺點，但仍舊是一神性的存在。有的時候他們因為一時的軟弱而犯下過錯或罪行，但他們終究是上主的展現。每個人都是神聖的，有朝一日也終將變成完美的。現在的我，是過去思想行為所造成的結果，而將來的我，亦會是現在言行思維的結果。		Shrii Shrii Ánandamúrti | 1969, Ranchi | 12 Dasha, Bháva and Mahábháva | Ánanda Vacanámrtam Part 33	Shrii Shrii Ánandamúrti | 1969年於Ranchi | 12 靈性喜悅的境界 | 喜悅甘露集 卷10，P.71	454	115
pair_0000_1969_079_240309	0000_1969_079_240309.txt	The more the mind gets concentrated, the more the mind goes deep, the more bliss a person will experience. Ultimately, they will become one with the Supreme Mind. On their part there will be no physical or psychic effort. They will have living bodies which, without any movement, will look like dead bodies. This is sárúpya samádhi – the individual and Paramátmá become one. In this state, the sádhakaʼs mind remains full of knowledge.	心靈越集中，則越能深入禪定，也越能體驗更多的喜悅，最後與大宇宙心靈合而為一。在此終極之境，修行者不必再有肉體或心智的努力，他們仍擁有活生生的肉體，只是靜止不動看起來像是死去的肉體。這就是「與至上一體」的三摩地境界(sárúpya samádhi)──個體與至上本體合而為一。在這個狀態下，靈性修持者的心靈充滿了靈性的認知。		1969, Ranchi | Samádhi and Mrtyu, Ánanda Vacanámrtam Part 33	1969年於Ranchi | 三摩地與死亡，喜悅甘露集卷10，P.79	441	161
pair_0000_1969_113_241123	0000_1969_113_241123.txt	Even a golden vessel needs polishing occasionally. Unmaintained it gathers dust and dirt and loses its lustre. Similarly, even a good person or a sádhaka needs proper maintenance, for in a world of constant change, care must be taken that the change be always towards the better or the higher. Keeping good company is essential for this positive development. While bad company strengthens the bondage of the soul, good company is conducive to liberation and salvation. The keeping of good company is conducive to liberation and is known as satsauṋga in Sanskrit.	就算閃閃發亮的黃金器皿也需時時勤拂拭，否則亦會因沾惹塵埃而失去光澤。相同的，一個好人或修行者也是一樣，在變動不居的無常世界裡，必須小心護持，以使自己能夠一直朝向更高、更好的境界前進。為此，與善為伍就成了很重要的一件事。與惡友為伴會強化對靈魂的束縛；反之，與善為伍則對解脫有益，這在梵文稱為satsauṋga。		Shrii Shrii Ánandamúrti | 1969, Ranchi | 21 Satsaunga | Ánanda Vacanámrtam Part 33	Shrii Shrii Ánandamúrti | 1969年於Ranchi | 21 與善為伍 | 喜悅甘露集 卷10，P.113	564	154
pair_0000_1969_113_250623	0000_1969_113_250623.txt	Each and every object of this universe, whether animate or inanimate, is emanating countless vibrations. The Macrocosmic Mind is the controller of these vibrations. In the case of living beings, the mind controls everything directly, and in the case of non-living entities, the Macrocosm controls everything. The wind blows, the water flows, the stone rolls, the leaves flutter – each of these inanimate objects has a unit mind, but only a dormant one. They cannot create vibrations by themselves; the Cosmic Mind creates vibrations for them, but in the case of living beings, although the controller is the unit mind, the unit mind is also the limited expression of the Cosmic Mind, and thus they are bound to follow the dictates of the Cosmic Mind. The purpose of the spiritual practice of a sádhaka is to transform the unit mind into Cosmic Mind.	宇宙間的萬事萬物，無論有生命抑或無生命，都放射出無數的波動。大宇宙心靈是所有這些波動的控制主。就有生命的個體而言，個體心靈直接控制所有這些波動；就無生命的個體而言，是大宇宙心靈控制了所有的一切。風在吹、水在流、石頭在滾動、葉子飄搖等等，每一個無生命的個體都有一個個體心靈，只是它們是處於蟄伏的狀態。它們自身無法製造出波動，而是大宇宙心靈為它們創造出波動。以有生命的個體來說，雖然其控制者是個體心靈，然而事實上，此個體心靈是大宇宙心靈的有限展現，因此，它們最終還是必須聽從大宇宙心靈的支配。 靈性修持者從事靈修鍛鍊的目的，就是要將個體心靈轉化為大宇宙心靈。		Shrii Shrii Ánandamúrti | c. 1969 | 07 Bháva Samádhi | Tattva Kaomudii Part 3	Shrii Shrii Ánandamúrti | 約於1969年 | 18 喜悅波流三摩地 | 靈性修持與三摩地，P.113	850	277
pair_0000_1969_114_240330	0000_1969_114_240330.txt	You have only one goal in life, one duty – to surrender at the altar of the Supreme. You have only to wish – that His plan for you may be successful.	你的生命只有一個目標，你的責任就是「臣服於至上意識的聖壇前」，你只能希望祂對你的安排能夠成功。		1969, Ranchi | Surrender at the Altar of the Supreme | Ánanda Vacanámrtam Part 31	1969年於阮奇 | 臣服於至上意識的聖壇前，喜悅甘露集卷9，P.114	149	47
pair_0000_1969_114_250807	0000_1969_114_250807.txt	For spiritual happiness a constant endeavour is required. The mind must be concentrated on the object of meditation, all the psychic thoughts and feelings should be directed to Parama Puruśa. A relationship of deep love must be established with Him so that there remains only one propensity in the mind the intense desire for Parama Puruśa. The type of samádhi that a sádhaka attains with such a devotional sentiment is called bháva samádhi.	要得到靈性的喜悅，你必須持續有恆的努力。心靈必須集中於靜坐冥想的對象上，所有的思想念頭和情感均必須導向於至上意識。你必須和祂建立起真愛連繫，如此你的心靈方可只有一個心靈情緒：亦即除了至上意識以外再無其他實體的存在。靈性的修持者以此種虔誠的情懷所達到的三摩地境界，就稱為「喜悅波流三摩地」(bháva samádhi)。		Shrii Shrii Ánandamúrti | c. 1969 | 07 Bháva Samádhi | Tattva Kaomudii Part 3	Shrii Shrii Ánandamúrti | 約於1969年 | 18 喜悅波流三摩地 | 靈性修持與三摩地，P.114～115	447	159
pair_0000_1969_114_251006	0000_1969_114_251006.txt	As a result of surrender the smaller “I” of the unit mind is guided is guided by the bigger “I”. In the case of mundane desire for pleasure, name, fame etc. the feelings that are produced in the nerve cells and fibres are controlled by the small “I”. But the spiritual vibrations produced in the human body are created and controlled by the Cosmic Mind. That is, the small “I” is concerned with the mundane pleasures whereas the big “I” is concerned with spiritual bliss. The small “I” differs from individual to individual but the bigger “I” is the same in all. The purpose of sádhana is to convert the small “I” into the bigger “I”. Metaphorically speaking, the bigger “I” is the moon in the sky which is related to everyone through every generation.	因為「臣服」，故個體心靈的「小我」受到宇宙的「大我」之引導。神經細胞和神經纖維所產生出的世俗享樂覺受，乃受制於個體「小我」;然而人體內所產生出的靈性波動則是由大宇宙心靈所創造及主宰。所以，「小我」與世俗享樂有關，而「大我」則與靈性的喜悅相關。「小我」因人而異，而「大我」則是眾生一同。靈性修持的目的就是要把小我轉化為大我。拿個比喻來說，大我是天上的明月，與世世代代的每一個眾生都有關連。		Shrii Shrii Ánandamúrt | c. 1969 | 07 Bháva Samádhi | Tattva Kaomudii Part 3	Shrii Shrii Ánandamúrti | 約於1969年 | 18 喜悅波流三摩地 | 靈性修持與三摩地，P.114	753	193
pair_0000_1969_114_251221	0000_1969_114_251221.txt	There are two types of satsauṋga – external and internal. Just as the best medicine is Parama Puruśa Himself, the best satsauṋga is also Parama Puruśa. Internal satsauṋga is the satsauṋga of Parama Puruśa, that is, the thought of Parama Puruśa during all the [waking] hours of the day, even when the bodily organs are engaged in worldly activities. Internal satsauṋga is absolutely essential. Those practising internal satsauṋga may, as far as practical, attend external satsauṋga also, but if they cannot do so at any time, there will be no harm. But mere external satsauṋga, that is, the mere sitting among good persons while the mind forgets Parama Puruśa or remains engrossed in undesirable thoughts, is not good.	與善為伍有內、外在兩種型態。就如同至上意識是最好的醫藥，至上意識也一樣是你最佳的友伴。內在的與善為伍就是以至上意識為伍，亦即二六時中，即使身體忙碌於世俗的工作，也要時時刻刻觀想、持念至上意識。 這是絕對的必要。從事內在與善為伍的人，在實際上也會伴隨做到外在與善為伍，即使無法時時同時做到內、外在與善為伍，也不致造成傷害。但是如果僅只是做到外在的與善為伍，也就是與一群好人在一起，但心靈卻沒有至上意識，或只是想著一些不好的念頭，這就不好。	Esistono due tipi di satsauṋga: esteriore e interiore. Così come la migliore medicina è Parama Puruśa stesso, allo stesso modo il miglior satsauṋga è Parama Puruśa. Il satsauṋga interiore è il satsauṋga con Parama Puruśa, cioè il pensiero costante di Parama Puruśa durante tutte le ore di veglia della giornata, anche quando gli organi del corpo sono impegnati nelle attività mondane. Il satsauṋga interiore è assolutamente essenziale. Coloro che praticano il satsauṋga interiore possono, per quanto possibile, partecipare anche al satsauṋga esteriore, ma, se in qualche momento non riescono a farlo, non vi sarà alcun danno. Il solo satsauṋga esteriore, invece — il semplice stare seduti tra persone buone mentre la mente dimentica Parama Puruśa o rimane immersa in pensieri indesiderabili — non è benefico.	Shrii Shrii Ánandamúrti | 1969, Ranchi | 21 Satsaunga | Ánanda Vacanámrtam Part 33	Shrii Shrii Ánandamúrti | 1969年於Ranchi | 21 與善為伍 | 喜悅甘露集 卷10，P.114	730	218
pair_0000_1969_118_241211	0000_1969_118_241211.txt	The Supreme Self is the peak of subjectivity. Because He is the goal, our approach in each and every worldly activity should be subjective; however, in the actual physical performance of activity we will have to follow the method of objective adjustment. Even when dealing with the many, one must remember that, behind the many, there is the One.	至上的本體是最崇高的主體，因為祂就是我們的目標，吾人在世俗所從事的任何活動皆應主體化，但是在真正執行時，我們將必須採取客體調適的方法。即使我們與許多客體往來，我們都必須記住，在這些多樣變化的背後，其實是一個整體。		Shrii Shrii Ánandamúrti | 1969, Ranchi | 23 Atimánasa Yoga Samádhi | Ánanda Vacanámrtam Part 33	Shrii Shrii Ánandamúrti | 1969年於Ranchi | 19 超心靈瑜伽三摩地 | 靈性修持與三摩地，P.118	346	106
pair_0000_1969_124_240710	0000_1969_124_240710.txt	The Supreme Self is the peak of subjectivity. Because He is the goal, our approach in each and every worldly activity should be subjective; however, in the actual physical performance of activity we will have to follow the method of objective adjustment. Even when dealing with the many, one must remember that, behind the many, there is the One. We must never lose sight of the fact that the many are but the facets of the One.	至上的本體是最崇高的主體，因為祂就是我們的目標，吾人在世俗所從事的任何活動皆應主體化，但是在真正執行時，我們將必須採取客體調適的方法。即使我們與許多客體往來，我們都必須記住，在這些多樣變化的背後，其實是一個整體。我們切莫忽略此項事實，也就是這些各式各樣的展現，都是那唯一本體的各種面向。		Shrii Shrii Ánandamúrti | 1969, Ranchi | 23 Atimánasa Yoga Samádhi | Ánanda Vacanámrtam Part 33	Shrii Shrii Ánandamúrti | 1969年於Ranchi | 23 超心靈瑜伽三摩地 | 喜悅甘露集 卷10，P.124	428	143
pair_0000_1969_124_251210	0000_1969_124_251210.txt	The Cosmos was, externally, a phenomenon of analysis (vishleśańa), diversity, clash, disturbance of mind and materialism (jad́atá); and internally, a matter of synthesis (saḿshleśańa), oneness, peace, tranquillity and spirituality (ádhyátma). Apará knowledge, that is, the knowledge of the external objectivity, is necessary for worldly activities, but pará knowledge, that is, the knowledge of matters internal, is supreme and superior. Apará knowledge should be controlled by pará knowledge. Educational institutions where only apará knowledge is imparted are not sufficient. Side by side the controlling pará knowledge must be taught. In fact the pará knowledge should have precedence over the apará knowledge, because uncontrolled by pará knowledge, apará knowledge will tend to produce literate brutes who might misuse their knowledge of worldly things. Controlled by pará knowledge, apará knowledge will be used for the welfare and elevation of all of humankind.	從外在而言，宇宙顯現為分化的現象(vishleśańa)，它是多樣性的，充滿了各種摩擦衝突、躁動的心靈以及粗鈍的物質(jad́atá);然而從內在而言，它是合一的(saḿshleśańa)、是一體的、是平靜、安祥和靈性的(ádhyátma)。世俗的知識(Apará knowledge)是屬於外在客體的知識，對於世俗的活動來說，它是必要的；然而靈性的知識(pará knowledge)，是屬於內在的知識，是超越和至高的。世俗的知識應為靈性知識所控制。教育團體若只教授世俗的知識是不夠的，同時也應授予靈性的知識，事實上，靈性的知識甚至應該優先教導，因為不受靈性知識控制的世俗知識，會教導出一群知識野獸，他們可能濫用他們對於世俗事物的知識。受靈性知識控制的世俗知識，將會被善用在提升人類整體的福祉上。	Il cosmo, sul piano esteriore, si manifestava come analisi (vishleśaṇa), diversità, scontro, inquietudine mentale e materialismo (jaḍatā). Sul piano interiore, invece, era sintesi (saṁśleśaṇa), unità, pace, quiete e spiritualità (ādhyātma). La conoscenza apará, cioè la conoscenza del mondo esterno, è necessaria per vivere e agire nel mondo, ma la conoscenza parā, quella che riguarda la dimensione interiore, è superiore e più elevata.  La conoscenza apará deve essere guidata da quella pará. Per questo, le istituzioni educative che insegnano solo la conoscenza aparā sono insufficienti: insieme a essa occorre impartire anche la conoscenza parā, che dovrebbe avere la precedenza. Se la conoscenza aparā non è guidata dalla conoscenza parā, finisce per produrre “bruti alfabetizzati”, persone istruite ma incapaci di usare il sapere per il bene. Quando invece è orientata dalla conoscenza parā, la conoscenza aparā diventa uno strumento per il benessere e il progresso di tutta l’umanità.	Shrii Shrii Ánandamúrti | 1969, Ranchi | 23 Atimánasa Yoga Samádhi | Ánanda Vacanámrtam Part 33	Shrii Shrii Ánandamúrti | 1969年於Ranchi | 23 超心靈瑜伽三摩地 | 喜悅甘露集 卷10，P.124	988	349
pair_0000_1969_125_251109	0000_1969_125_251109.txt	Although there are some external differences among human beings in language, colour, etc., in all essential matters they are from the same source, all have originated from the singular entity, Parama Puruśa. They differ only externally and apparently.	雖然人類在外在各方面，諸如語言、膚色等有所差異，但所有內在的精髓都是源自相同的本源，來自於同一個本體──至上意識。人類間的不同只在於外在表相。		Shrii Shrii Ánandamúrti | 1969, Ranchi | 22 Ordinary Mortal or Divine Child? | Ánanda Vacanámrtam Part 31	Shrii Shrii Ánandamúrti | 1969年於Ranchi | 22 是凡人抑或神性之子 | 喜悅甘露集 卷9，P.125	252	71
pair_0000_1969_129_250711	0000_1969_129_250711.txt	In this universe all these entities are divine entities, and people must only realize it. Nobody is helpless and alone in this universe. We all have mundane, supramundane, and spiritual relationships with the universe. So it is the bounden duty of human beings to expand their mental arena, because basically all these infinite entities have one goal – the goal of the Supreme Entity. Human entities must expand themselves so much that they can go beyond the fetters of limitation. There should not be any inferiority or superiority complex in anybody. Those who preach individual and racial superiority are committing sins against human dharma [human spiritual nature]. Like earth, air, and water, this dharma is common to one and all – and all will have to become one with that Universal Entity.	宇宙間所有的存在都是神性的存在，這是人類所必須了悟的，在此宇宙中沒有任何人是無助和孤單的。我們和這個宇宙間一直保持著世俗、超世俗和靈性的聯結。所以每個人責無旁貸，必須擴展其心靈領域，因為基本上所有這些無盡的個體都有著相同的目標──至上本體。人類必須擴展他們自己以便超越一切有限的束縛。 沒有人應懷有自卑感或優越感，主張種族優劣論的人違反人類的法性，犯下重大的罪過。此法性一如土壤、空氣和水，是所有人類所共有的特質，而且每一個人都必須與此一宇宙本體合而為一。		Shrii Shrii Ánandamúrti | 1969, Ranchi | 22 Ordinary Mortal or Divine Child? | Ánanda Vacanámrtam Part 31	Shrii Shrii Ánandamúrti | 1969年於Ranchi | 22 是凡人抑或神性之子 | 喜悅甘露集 卷9，P.129	797	228
pair_0000_1969_147_260222	0000_1969_147_260222.txt	The Lord creates original things in His liilá. When the jiiva is in his or her jiivabháva (is individuality-conscious), his internal waves are imaginary for him, but external things are true for him, as they are the result of His liilá or His saḿkalpa. Humans perceive external things according to their reactive momenta or saḿskáras. But while you are experiencing a dream, what you think in the dream [is as true for you as what you see externally while awake]. When through sádhaná your mind gets unified with that of the Lord, this external world becomes imaginary for you. The universe is but the play of vibrations and can be controlled by developing control over these vibrations. When the causal factor is known to you, it is kriidá, and when the causal factor is not known to you, it is liilá. When you bring under your control this world which is made by the vibrating waves of His liilá, this world is subject for you. Yours is a subject without any object and that is pralaya in unit life.	上主在祂的神性遊戲中從事最原始的創造，而具個體意識的個體，其內在的波流對他而言是一種想像，然而外在之物對他而言，卻是活生生的真實，因為人是祂大宇宙心靈遊戲的產物或者說是祂的意願之產物。人類根據各人的業力以感知外在的事物，所以他們在清醒時所感知的事物對他們而言是真實的，而在作夢時，你也會以為夢中所見為真實的，就像你在清醒時看到的外在事物一樣。透過靈性的修持，你的心靈將與上主的大宇宙心靈合一，此時外在之物於你而言就不過是一種想像了。 整個宇宙僅僅只是一齣波流的遊戲，控制了這些波流你就控制了這齣戲。當一齣戲的原因為你所知曉，這齣戲就稱為「世間遊戲」(kriidá);當你不知其致因要素為何時，就稱為「神性遊戲」(liilá)。 當你控制了這個神性遊戲下的波流世界，你就成了這世界的主體，你的世界就是沒有客體的主體，此為個體生命的消滅(pralaya)。	Il Signore crea cose originali nella Sua līlā. Quando il jīva è nel suo o nella sua jīvabhāva (cioè è cosciente della propria individualità), le sue onde interne sono immaginarie per lui o per lei, ma le cose esterne sono reali, poiché sono il risultato della Sua līlā o del Suo saṁkalpa. Gli esseri umani percepiscono le cose esterne secondo i loro momenti reattivi o saṁskāra. Ma mentre sperimentate un sogno, ciò che pensate nel sogno è per voi reale tanto quanto ciò che vedete esternamente quando siete svegli. Quando, attraverso il sādhanā, la vostra mente si fonde con quella del Signore, questo mondo esterno diventa immaginario per voi. L’universo non è altro che il gioco delle vibrazioni e può essere controllato sviluppando il controllo su queste vibrazioni. Quando il fattore causale vi è noto, è krīḍā; quando il fattore causale non vi è noto, è līlā. Quando portate sotto il vostro controllo questo mondo, che è fatto dalle onde vibranti della Sua līlā, questo mondo diventa oggetto per voi. Il vostro è un soggetto senza alcun oggetto, e questo è pralaya nella vita individuale.	Shrii Shrii Ánandamúrti | 1969, Ranchi | 30 Liilá and Kriidá | Ánanda Vacanámrtam Part 33	Shrii Shrii Ánandamúrti | 1969年於Ranchi | 30 神性遊戲與世間遊戲 | 喜悅甘露集 卷10，P.147~148	1012	376
pair_0000_1971_015_231220	0000_1971_015_231220.txt	When a knower of Truth merges in the Supreme Being, his or her petty sense of existence is lost, and, attaining unity with the Supreme Entity, the person becomes supreme himself or herself. Spiritual practice is the means for the expansion of the soul, not for its annihilation; so samádhi does not mean suicide but self-transcendence.	當了悟之人融入於至上時，他個體微小的存在感就會消失，達到與至上本體的合一，而成就自身為至上的本體。靈性的修持不是為了消滅靈魂，而是為了讓靈魂擴展，因此，三摩地的境界即非意指自殺，而是自我的超越。		1971 or earlier | Self-Transcendence | Ánanda Vacanámrtam Part 30	1971年或更早 | 自我超越，喜悅甘露集卷八，P.15	336	97
pair_0000_1971_015_250122	0000_1971_015_250122.txt	When a knower of Truth merges in the Supreme Being, his or her petty sense of existence is lost, and, attaining unity with the Supreme Entity, the person becomes supreme himself or herself. Spiritual practice is the means for the expansion of the soul, not for its annihilation; so samádhi does not mean suicide but self-transcendence. One who has known Brahma becomes Brahma Itself, for the unit entity takes on the very form of its object of ideation. One who has Brahma as his or her object of ideation becomes Brahma Itself.	當了悟之人融入於至上時，他個體微小的存在感就會消失，達到與至上本體的合一，而成就自身為至上的本體。靈性的修持不是為了消滅靈魂，而是為了讓靈魂擴展，因此，三摩地的境界即非意指自殺，而是自我的超越。了悟至上意識者，成就自身為至上意識本身，因為個體會取得其觀想、持念之目標的形象。當一個人以至上意識為其觀想、持念的目標時，他就會變成那個目標，也就是成為至上意識本身。		Shrii Shrii Ánandamúrti | 1971 or earlier | 03 Self-Transcendence | Ánanda Vacanámrtam Part 30	Shrii Shrii Ánandamúrti | 1971年或更早 | 03 自我超越 | 喜悅甘露集 卷8，P.15	529	180
pair_0000_1971_083_240612	0000_1971_083_240612.txt	Whenever performing any action, you must analyze to what extent the action about to be undertaken will ensure physical, psychic, spiritual, social and economic progress, and you must also consider whether your action will truly bring welfare to the world. When you are certain that your actions are truly benevolent, you must immediately throw yourselves into those actions.	在從事任何行動時，你要分析清楚，這行動要做到什麼程度才能確保身、心、靈以及社會、經濟層面的進展，而且你也必須考慮到你的行動是否真的可以為這世界帶福祉。如果你確定你的行為是真正的善行義舉，你不可猶豫必須立即投入這些行動。		Shrii Shrii Ánandamúti | 1971 DMC | Momentum and Attraction | Subháśita Saḿgraha Part 10	Shrii Shrii Ánandamúti | 於1971年大法會 | 動力和吸引力 | 虔誠瑜伽的真諦，P.83	374	109
pair_0000_1971_083_260125	0000_1971_083_260125.txt	Whenever performing any action, you must analyse to what extent the action about to be undertaken will ensure physical, psychic, spiritual, social and economic progress, and you must also consider whether your action will truly bring welfare to the world. When you are certain that your actions are truly benevolent, you must immediately throw yourselves into those actions. The inspiration behind your righteous intellect comes from Parama Puruśa, and thus it is He who will provide you with the requisite strength to accomplish the task.	在從事任何行動時，你要分析清楚，這行動要做到什麼程度才能確保身、心、靈以及社會、經濟層面的進展，而且你也必須考慮到你的行動是否真的可以為這世界帶來福祉。如果你確定你的行為是真正的善行義舉，你不可猶豫必須立即投入這些行動。在你良善智力背後的鼓舞力量來自於至上意識，所以祂也會提供你必要的力量以完成此一工作。	Ogni volta che vi apprestate a compiere un’azione, dovreste valutarne attentamente la portata: in che misura essa favorirà il progresso fisico, psichico, spirituale, sociale ed economico? E, soprattutto, considerate se contribuirà realmente al benessere del mondo. Quando giungete alla chiara convinzione che un’azione è autenticamente benevola, dovete impegnarvi in essa senza esitazione. L’ispirazione che sostiene un intelletto retto ha la sua origine in Parama Puruśa; ed è proprio da Lui che proviene la forza necessaria per portare a compimento l’opera intrapresa.	Shrii Shrii Ánandamúrti | 1971 DMC | 02 Momentum and Attraction | Subháśita Saḿgraha Part 10	Shrii Shrii Ánandamúrti | 1971年大法會 | 07 動力和吸引力 | 虔誠瑜伽的真諦，P.83	540	152
pair_0000_1971_084_250210	0000_1971_084_250210.txt	If the human body is compared to a chariot, then the passenger is the Átma, unit consciousness, the intellect is the charioteer, and the mind is the reins. When the intellect determines that a particular action is supported by conscience, then the intellect is sure to receive all kinds of assistance from Parama Paruśa. Thus I have said, and I repeat: never be hesitant or afraid to perform any righteous deed. The human body and mind which are just like machines, have to be fully utilized.	人的身體若被比喻成一輛戰車，那麼坐在戰車上的乘客就是自性（個體意識）;分別明辨的智力是戰車的駕馭者；而心靈則是韁繩。當智力決定了一個為良知所支持的行動時，那麼智力必然會從至上意識處獲得各種幫助。因此，我再重複說一次：在從事任何正確的行動時，永遠不要猶豫或害怕。人類的身體和心靈就如同一部機器，你必須充分善用之。		Shrii Shrii Ánandamúrti | 1971 DMC | 02 Momentum and Attraction | Subháśita Saḿgraha Part 10	Shrii Shrii Ánandamúrti | 1971年大法會 | 07 動力和吸引力 | 虔誠瑜伽的真諦，P.84	494	155
pair_0000_1971_085_260518	0000_1971_085_260518.txt	You must accept Him as the ultimate Goal of your lives, and then move on. If impediments arise in your movement towards the Goal, they must be removed from the path; and those circumstances which are beneficial to your progress must be encouraged. In this way you will individually progress, and that individual progress will also advance the collective life.	你必須以祂為你生命終極的目標，並且不斷向祂前進！如果在前進道上出現了阻礙，你必須將它們除去；若出現對你的前進有助益的事物，則你必須予以鼓勵。如此你將獲得個人的進步，而個人的進步也會促進集體生命的進步。	Dovete accettare Parama purusa come Meta ultima della vostra vita, e poi andare avanti. Se nel vostro movimento verso la Meta sorgono ostacoli, questi devono essere rimossi dal cammino e quelle circostanze che favoriscono il vostro progresso devono essere incoraggiate. In questo modo progredirete individualmente, e quel progresso individuale farà avanzare anche la vita collettiva.	Shrii Shrii Ánandamúrti | 1971 DMC | 02 Momentum and Attraction | Subháśita Saḿgraha Part 10	Shrii Shrii Ánandamúrti | 1971年大法會 | 07 動力和吸引力 | 虔誠瑜伽的真諦，P.85	359	100
pair_0000_1971_192_251013	0000_1971_192_251013.txt	Brahma is the lord of the evolved objects; He is the controller of every one of them. This very Lord moves in the womb as the [foetus] and when it is born, the event, in fact, should be called the birth of Brahma, because all creations are but manifestations of Brahma Himself... A river gives up its name and identity and completely merges in the sea; thereafter it cannot maintain its own existence, it is the sea.	至上意識是所有物體的主人，祂是每一個客體的控制主。這個主人像胎兒般在子宮內活動，當胎兒誕生時，事實上應被稱作「至上意識的誕生」，因為所有的創造都是至上意識自身的展現。…… 就像滔滔百川奔向大海，完全融入大海裡，再也沒有各自的名字和身分，此後已無各自自我的存在，都成了海洋本身。		Shrii Shrii Ánandamúrti | 1971 or earlier | 03 Self-Transcendence | Ánanda Vacanámrtam Part 30	Shrii Shrii Ánandamúrti | 1971年或更早 | 29 自我的超越 | 靈性修持與三摩地，P.192	416	138
pair_0000_1981_117_240829	0000_1981_117_240829.txt	Kiirtana composed according to nandana vijiṋána induces in a person the tactual perception of mohana vijiṋána; it sways the finite humankind with the vibration of the unlimited and infinite; it makes humans in their little homes hear the call of the far-away blue firmament.	依據美學(nandana vijiṋána)所創作的「至上聖名唱頌」會讓人有碰觸到超美學(mohana vijiṋána)的感覺。它以無限的波流撼動有限的人心，它讓人在自己小小的房子裡也能聽見遙遠蔚藍穹蒼的呼喚。		Shrii Shrii Ánandamúrti | 1981, Kolkata | 43 Ráŕh – 24 / Baul, Jhumur, and Kiirtana Songs of Ráŕh | The Flow of Devotion and the Glory of Kiirtana	Shrii Shrii Ánandamúrti | 1981年於加爾各答 | 2-12 拉爾地區的歌曲 | 音樂與靈性修持，P.117~118	278	106
pair_0000_1984_109_250728	0000_1984_109_250728.txt	According to Tantra the kulakuńd́alinii is the sleeping divinity. By virtue of sádhaná and with the help of mantrágháta [striking at the kulakuńd́alinii with powerful incantative vibrations] and mantra caetanya [conceptual understanding of and psychic association with a mantra], and by smashing all obstacles, the kuńd́alinii can be raised to the sahasrára cakra. The practice adopted to raise the kuńd́alinii is called purashcarańa in Tantra. The kuńd́alinii is the sleeping divinity. To arouse it from slumber and raise it upwards is quite a struggle and hence hummm must also be the acoustic root of the kuńd́alinii. The controlling point of the kuńd́alinii, the múládhára, is called mańipadma or mahámańipadma in Maháyána Buddhist philosophy. The Tibetan Maháyániis recite oṋḿ mańipadme hummm while turning their dharma cakras [prayer wheels]. I have seen oṋḿ mańipadme hummm inscribed on the walls of Tibetan caves.	根據密宗，庫拉孔達里尼(Kulakuńd́alinii)為沈睡的神性。經由靈修，並藉助於以強有力的梵咒的波動敲擊庫拉孔達里尼(mantrágháta)以及對於梵咒心理意義之概念上的了解(mantra caetarya)，並且粉粹所有障礙後，孔達里尼能夠被提昇至頂輪。用來提昇孔達里尼的修持在密宗裡稱之為樸拉恰拉那(Purashcarańa)。孔達里尼就是沈睡的靈性。將它從沈睡中喚醒，並往上提昇是個相當大的奮鬥，因此「吽」亦必須為孔達里尼的音根。孔達里尼的控制點海底輪在大乘佛教哲學裡稱為摩尼輪(mańipadma或mahámańipadma)，西藏的大乘佛教徒在轉祈禱輪(dharma cakras)的時候持誦唵嘛呢帕咩吽(oṋḿ mańipadme hummm)，我曾看過oṋḿ mańipadme hummm銘刻於西藏山洞之壁上。		Shrii Shrii Ánandamúrti | 1984-1985, Calcutta | 11 The Acoustic Roots of the Indo-Aryan Alphabet | Discourses on Tantra Volume One	Shrii Shrii Ánandamúrti | 1984～1985年於加爾各答 | 11 印度阿利安字母的音根 | 密宗開示錄 卷1，P.109	950	368
pair_0000_1984_111_251017	0000_1984_111_251017.txt	Whatever you have said, or are saying, or will say in future, lies within you as dormant vitality. A great potentiality lies dormant in each human being, just as a huge banyan tree lies latent within a tiny seed. The banyan seed sprouts when light, air, water and fertile soil exist in requisite amounts. It subsequently grows foliage and branches, and in the course of time develops into a gigantic tree. Similarly, the immense potentialities of human beings lie latent and hypnotized in the kulakuńd́alinii at múládhára cakra as dormant humanity. When the kuńd́alinii is raised upwards through mantrágháta and mantra caetanya in the process of meditation (this process is called purashcarańa in Tantra and amrtamudrá or ánandamudrá in yoga), the doors of human potentiality start opening one after another. Human beings grow in beauty and vitality, their flowers divine, their foliage lush. Such individuals develop into great people in the eyes of the public and finally become one with the Supreme Entity. This process is called parábhyudaya in the scriptures.	無論你已經說的，或正在說的，或未來要說的任何話語均以蟄伏的生命力存在於你的內在。一個偉大的潛能蟄伏於每一個人裡面，正如同一棵巨大的菩提樹潛伏於一粒小小的種子裡。當陽光、空氣、水以及肥沃的土壤充足時，菩提樹的種子就會發芽。接著它就長出葉子及枝條，隨時日的推移，最後，長成一棵巨大的樹木。同樣地，人類巨大的潛能以蟄伏的人性含藏在海底輪的庫拉孔達里尼裡，呈睡眠狀態地潛伏著。當孔達里尼經由靜坐過程中梵咒的敲擊與梵咒的覺醒（此過程在密宗裡稱之為Purashcarańa，在瑜伽裡稱之為甘露印amrtamudrá或喜悅印ánandamudrá），往上提昇時，人類潛能之門開始一一開啟。人類在美與力中成長，其花朵神聖，其樹枝葉繁茂。這樣的個人在眾人的眼中發展成偉大的人物，最後與至上本體合而為一。此過程在經典裡稱之為Parábhyudaya。		Shrii Shrii Ánandamúrti | 1984~1985, Calcutta | 11 The Acoustic Roots of the Indo-Aryan Alphabet | Discourses on Tantra Volume One	Shrii Shrii Ánandamúrti | 1984~1985年於加爾各答 | 11 印度阿利安字母的音根 | 密宗開示錄 卷1，P.111~112	1076	365
pair_0000_1955_119_260609	0000_1955_119_260609.txt	No attachment to worldly objects will be developed if we observe Yama and Niyama, since every item of Yama-Niyama is part of Brahma Sádhaná through worldly deeds. Hence when you are able to perfectly observe the spiritual practice of Yama-Niyama, your mind becomes absorbed in Brahma – the ultimate goal of this spiritual practice.	如果我們能遵循外在行為的控制和內在行為的控制，就會發展出對世俗事物沒有執著之心。因為內、外在行為控制的每一項目，都是一種透過世俗的行為而從事的至上靈性修持。因此當你能夠完美地遵守內、外在行為控制的靈性鍛鍊，你的心靈就會融入至上意識──靈性修持的最終目標。	Non si svilupperà alcun attaccamento agli oggetti del mondo se osserviamo Yama e Niyama, poiché ogni principio di Yama e Niyama costituisce una parte del Brahma Sadhana praticato attraverso le azioni della vita quotidiana. Pertanto, quando sarete in grado di osservare perfettamente la disciplina spirituale di Yama e Niyama, la vostra mente si assorbirà in Brahma, che è la meta ultima di questa pratica spirituale.	Shrii Shrii Ánandamúrti | c. 1955 DMC | 08 The Form of Sádhaná | Subháśita Saḿgraha Part 1	Shrii Shrii Ánandamúrti | 約1955年於某大法會 | 09 云何靈性修持 | 靈性科學集成 卷1，P.119	333	127
pair_0000_1955_120_260613	0000_1955_120_260613.txt	We should strengthen ourselves by remaining in normal situations and endeavouring to become superhuman. By developing superhuman powers we can awaken the element of eternal humanity amongst us. This eternal human entity alone is Brahma. In order to attain this power, meanness must be shunned, because this is the sádhaná for the Infinite. Feelings of differentiation are a great impediment.	我們應該保持在正常狀態下來強化自己並努力成為超人。從發展超人的力量中，我們可以喚醒內在永恆人性的要素，此永恆的人類本質就是至上意識；要得到這個力量，則必須去除一切卑劣的思想行為，這是為了得到無限的至上意識而從事的靈性修持。分別心是一大障礙。	Dovremmo rafforzarci vivendo nelle normali situazioni della vita e impegnandoci a diventare superumani. Sviluppando poteri superiori possiamo risvegliare dentro di noi l’elemento dell’umanità eterna. Questa entità umana eterna è Brahma stesso. Per acquisire questa forza, occorre abbandonare ogni meschinità, perché questo è il sadhana dell’Infinito. I sentimenti di differenziazione e separazione costituiscono un grande ostacolo.	Shrii Shrii Ánandamúrti | c. 1955 DMC | 08 The Form of Sádhaná | Subháśita Saḿgraha Part 1	Shrii Shrii Ánandamúrti | 約1955年於某大法會 | 09 云何靈性修持 | 靈性科學集成 卷1，P.120~121	393	120
pair_0000_1955_123_260623	0000_1955_123_260623.txt	The Supreme Brahma resides within the feeling “I am” situated amidst the concealed intuition of the mind. Our existence is in him. He exists in the sun-rays. Due to Him the perception of the world is possible. Having created our ego and scattered innumerable toys around us. He has hidden Himself among them. When we come to see Him in all things created by Him, our ego gets lost. The feeling of unit “I” shall be merged in the Universal “I”.	至上意識安住在「我是」的覺受中，它位於心靈潛藏的直覺裡。我們存在於祂裡面。祂存在於陽光中，由於祂，我們才能認識這個世界。祂創造了我們的自我意識，在我們周遭散播了無數玩具後，祂便隱藏其中，當我們在祂所創造的萬有中見到祂時，我們的我執就會消失，個體「我」的感覺就會融入到大宇宙之「我」中。	Il Supremo Brahma risiede nel sentimento dell’«io sono», situato nel cuore dell’intuizione nascosta della mente. La nostra esistenza è in Lui. Egli è presente nei raggi del sole. Grazie a Lui è possibile la percezione del mondo. Dopo aver creato il nostro ego e aver disseminato intorno a noi innumerevoli giocattoli, Si è nascosto in mezzo ad essi. Quando arriviamo a vederLo in tutte le cose create da Lui, il nostro ego si perde. Il sentimento dell’io individuale si fonde allora nell’Io Universale.	Shrii Shrii Ánandamúrti | c. 1955 DMC | 08 The Form of Sádhaná | Subháśita Saḿgraha Part 1	Shrii Shrii Ánandamúrti | 約1955年於某大法會 | 09 云何靈性修持 | 靈性科學集成 卷1，P.123	443	142
pair_0101_1958_000_240321	0101_1958_000_240321.txt	Life resembles an ever-flowing spring. Pushing aside the stones of obstructions and difficulties, marching on with vigorous speed is its Dharma.	生命有如永恆流注的清泉，推開阻礙和困難的巨石，以強力的速度向前邁進，即是生命的法性。		1 January 1958 | Spiritual Discourses, The Thoughts of P.R. Sarkar		144	42
pair_0101_1968_049_251213	0101_1968_049_251213.txt	As people, guided by their intellect, continue to gather practical experiences of the ups and downs of this world, they gradually start to realize that their psychic capacities are too inadequate to accomplish any great task. Then, faced with the stark realities of life, they realize that they have no alternative but to merge with the Supreme Consciousness. At that stage, whatever they do will have a cosmic support and will be genuine. That is why enlightened persons always prefer to remain unified with the Supreme Entity. This is considered the highest attainment of knowledge.	當人於塵世運用其聰明才智不斷累積許多浮沈的體驗，他了解到個人心智的能力實在無法完成偉大的工作。面對此項生命中赤裸裸的事實，人除了與至上意識合而為一外，別無他法可尋。此時一切作為皆發自至誠，不論他要做什麼都會受到大宇宙心靈的支持。所以悟道之人永遠都願安住於至上之境。這是知識上最高的成就。	Guidati dall’intelletto, nel corso della vita gli esseri umani continuano a confrontarsi con gli alti e bassi concreti di questo mondo e, a poco a poco, giungono a comprendere che le loro capacità psichiche sono insufficienti per realizzare qualsiasi grande compito. Allora, di fronte alle dure realtà della vita, scoprono di non avere altra alternativa se non fondersi con la Coscienza Suprema. A quel punto, qualunque azione compiano sarà sostenuta dalla dimensione cosmica e avrà un carattere autentico. È per questo che le persone illuminate preferiscono sempre rimanere unificate con l’Entità Suprema: ciò è considerato il più alto conseguimento della conoscenza.		Shrii Shrii Ánandamúrti | 1968年1月1日於Allahabad大法會 | 03 行動的基本精神與虔誠的至上之境 | 靈性科學集成 卷9，P.49	584	143
pair_0101_1968_049_260620	0101_1968_049_260620.txt	One can execute some ordinary types of work with oneʼs own little intellect. But if one aspires to undertake any noble ventures, then one has to unite oneʼs own intellect with the Cosmic Intellect, and work with the help of the Supreme knowledge of Parama Puruśa. This is the spirit of karma sannyása.	吾人可以運用自己微不足道的聰明來從事一些一般性的工作。如果我們胸懷大志，想要從事偉大神聖的事業就必須將自己的聰明才智與大宇宙心靈的才智結合，再加上至上意識之至上真知的相助，這就是行動的基本精神。	Alcuni lavori ordinari possono essere svolti con il proprio limitato intelletto. Ma se si aspira a intraprendere opere nobili e grandi imprese, allora occorre unire il proprio intelletto all’Intelletto Cosmico e agire con l’aiuto della conoscenza suprema di Parama Purusa. Questo è il vero spirito del karma sannyāsa.		Shrii Shrii Ánandamúrti | 1968年1月1日於Allahabad大法會 | 03 行動的基本精神與虔誠的至上之境 | 靈性科學集成 卷9，P.49	303	97
pair_0101_1968_050_250604	0101_1968_050_250604.txt	What is the relationship between karma-sannyása and parábhakti? When the Supreme Consciousness remains in His unassailed state, in His original stance, He is called Para Brahma. But when that Para Brahma is transmuted into different ideas or objects, then that Supreme Consciousness is termed Apara Brahma. Attachment towards Apara Brahma is called aparábhakti, and intense love for Para Brahma is called parábhakti.	行動的基本精神和至上的虔誠(parábhakti)間的關係為何？當至上意識維繫在完全超然和最初的狀態，祂稱為「至上意識」(Para Brahma)。但是當至上意識轉變成不同的觀念或物體，那麼至上意識即名為「大千世界」(Apara Brahma)。對大千世界的執著梵文稱為阿帕拉‧巴克提(aparábhakti)，對至上意識精誠的愛即是至上的虔誠(parábhakti)。			Shrii Shrii Ánandamúrti | 1968年1月1日於Allahabad大法會 | 03 行動的基本精神與虔誠的至上之境 | 靈性科學集成 卷9，P.50	420	185
pair_0101_1968_054_240918	0101_1968_054_240918.txt	1 January 1968 DMC, Allahabad 03 The Cardinal Spirit of Action and the Supreme Stance of Devotion (Karma-Sannyása and Parábhakti) Subháśita Saḿgraha Part 9	行動的根本精神就是要超越時間、空間和人物的範疇。只有以至上意識為生命目標的人，才能達到行動基本精神之個體智力與大宇宙智力合一的極致境界。什麼是虔誠？當心靈遠離一切世俗的事物，朝至上意識急奔而去，此即名為虔誠。當靈性之士朝至上意識前進，他們的心靈於不知不覺中轉化了。			Shrii Shrii Ánandamúrti | 1968年元旦於Allahabad大法會 | 03 行動的基本精神與虔誠的至上之境 | 靈性科學集成 卷9，P.54	160	132
pair_0101_1968_158_250922	0101_1968_158_250922.txt	Now who is the doer of karma? We know that the range of action is limited within the arena of time, space and person. So there are two functional agents or doers of action: the microcosm on the one hand and the Macrocosm on the other. Apart from these two, no third entity can be of any relevance in the matter of attaining the proper finality of action. The awakening of psychic desire at any moment compels the physical body to be active, but the body is incapable of any function in the absence of an impetus from the mind. There are two reasons for this. First, there is always the attraction of the Cosmic Mind. Therefore if there is any command from the Supreme, the individual entity is bound to move. Secondly, the unit mind can direct the movement of any other entity in spite of its unwillingness. Hence an action is executed either by a unit mind or by the Cosmic Mind. The wind blows: wind is a blind force devoid of its own psyche. This wind is a material entity, but it moves due to the impetus from the Cosmic Mind. It is similar to that of a top spun by young boys. Boys cannot always spin the tops; they spin only when they are thrown in a particular way, in a perfect fashion, otherwise not. A top has no power to spin unless it is made to do so by a second entity. Likewise the sun is moving around its nucleus with its large family of celestial bodies under Divine inspiration. Hence all physical activities originate from the mind which is the prime mover of all actions. No action can take place without the impulse of mind.	誰是從事行動者？我們知道行動侷限在時、空、人物的範疇中，所以有兩個行動者：一個是個體小宇宙，另一個則是大宇宙心靈。除此二者，沒有第三個實體可以正確地在行動中達到其最後的目標。心智渴望的覺醒隨時驅策著身體從事行動，但是身體若無來自心靈的動力，則根本無法作用。對於這點，它有兩個理由──第一、大宇宙心靈的吸引是永遠存在的，因此任何來自至上的命令，個體就一定要行動。第二、不論願意與否，個體心靈可以引導任何其他實體的運作。因此，行動是由個體心靈或大宇宙心靈所執行。風吹，風是沒有自己心智的盲目力量。它是一個物質實體，依據大宇宙心靈的驅策而行動。就像是小孩子在玩陀螺，只有以特別的方法、技巧投擲時它才會旋轉，否則它就無法旋轉。所以陀螺除非經由第二個實體的作用，否則它是沒有力量旋轉的。同樣的，太陽隨同其銀河系的大家庭在至上的激勵下環繞其核心運轉。因此，所有物質上的行動源自心靈，心靈是一切行動最初的運作者。沒有心靈的驅策就不會有行動。			Shrii Shrii Ánandamúrti | 1968年1月1日於Allahabad大法會 | 14 行動的基本精神與虔誠的至上之境 | 虔誠瑜伽的真諦，P.158~159	1546	413
pair_0101_1968_161_250318	0101_1968_161_250318.txt	Now what is the method to merge the unit mind in the Cosmic Mind? As the basic trend of the evolutionary process is from the crude towards the subtle, therefore in order to make oneʼs own intellect subtle, one is to take the ideation of the subtlest entity, not to remain engrossed in crude objects. With the constant ideation of the Supreme, the mind will gradually attain more and more subtlety and will ultimately be converted into the subtlest entity. After this the sense of separation in the microcosm ceases to exist, and it becomes one with the Cosmic Mind.	如何將個體心靈融入大宇宙心靈？如果進化的過程是從粗鈍走向精細，為了使我們的聰明才智也精細化，吾人必須以最精細的實體為理念導向，而不是熱衷於粗鈍的事物。藉著心念不斷觀想、持念至上意識，心靈會逐漸精細，最後就會轉變成最精細的實體。當小宇宙個體的這種分離感不復存在時，它就與大宇宙心靈合而為一。			Shrii Shrii Ánandamúrti | 1968年元旦於Allahabad大法會 | 14 行動的基本精神與虔誠的至上之境 | 虔誠瑜伽的真諦，P.161~162	565	144
pair_0101_1971_248_250809	0101_1971_248_250809.txt	One should move ahead in oneʼs mission after determining oneʼs goal. Once the goal is fixed there remains almost no possibility, of error; hence you should always remember your goal. But once you fall into the trap of error it leads to danger. This is the reason why I advise people to remember their guru mantra, to always remain aware of the goal. The souls of those people who practice sádhaná in this way enter the abode of Brahma.	在決定自己的道路確定目標後，就要使命必達，勇往直前。一旦有了正確的目標，幾乎就不太可能會出差錯，因此你必須永遠將目標牢記於心。然而一旦你掉入錯誤的圈套，此過失就會導致危險，這就是為何我建議人們要記得古魯梵咒(guru mantra)的原因，也就是要人們永遠不要忘了自己的目標。以此方式努力鍛鍊的人，其靈魂將會進入至上之境。		Shrii Shrii Ánandamúrti | 1 January 1971 DMC, Patna | 05 The Devotee and the Lord | Subháśita Saḿgraha Part 9	Shrii Shrii Ánandamúrti | 1971年元旦於Patna大法會 | 21 虔誠之主 | 虔誠瑜珈的真諦，P.248~249	437	161
pair_0101_1971_255_231124	0101_1971_255_231124.txt	It is through service that devotees come in contact with Parama Puruśa. To render service to Parama Puruśa you should sing kiirtana loudly.	虔誠者透過服務與至上意識接觸，大聲唱頌至上聖名(Kiirtana)是對至上意識的服務。		Shrii Shrii Ánandamúrti | 1 January 1971 DMC, Patna | 05 The Devotee and the Lord | Subháśita Saḿgraha Part 9	Shrii Shrii Ánandamúrti | 1971年元旦於Patna大法會 | 21 虔誠者之主 | 虔誠瑜伽的真諦，P.255	141	43
pair_0101_1971_255_250112	0101_1971_255_250112.txt	It is through service that devotees come in contact with Parama Puruśa. To render service to Parama Puruśa you should sing kiirtana loudly.	虔誠者透過服務與至上意識接觸，大聲唱頌至上聖名(Kiirtana)是對至上意識的服務。		Shrii Shrii Ánandamúrti | 1 January 1971 DMC, Patna | 05 The Devotee and the Lord | Subháśita Saḿgraha Part 9	Shrii Shrii Ánandamúrti | 1971年元旦於Patna大法會 | 21 虔誠者之王 | 虔誠瑜伽的真諦，P.255	141	43
pair_0101_1979_053_240522	0101_1979_053_240522.txt	The secret (to eradicating the Karma from past lives) is that while performing any action, one must remember that Parama Puruśa is always watching oneʼs action. A genuine spiritualist will have to establish a relation of love with Parama Puruśa.	要消除累世所積的業力，其秘訣是在從事任何行動時，一定要記得至上意識正在觀看著你的一舉一動。真正的靈性修持者必須與至上意識建立起愛的關係。		Shrii Shrii Ánandamúti | 1 January 1979 DMC, Patna | The Path of Salvation | Subháśita Saḿgraha Part 11	Shrii Shrii Ánandamúti | 1979年1月1日於Patna大法會 | 解脫之道 | 靈性科學集成卷11，P.53	247	68
pair_0101_1979_059_240621	0101_1979_059_240621.txt	If I serve each and every microcosm, He will be pleased, and that will be the only way to establish a sweet relationship with Him: in no other way can it be done. Now what is the need to arouse love and affection for Him? In this way spiritual aspirants themselves will attain bliss.	如果我為每個個體小宇宙服務，祂將會非常高興，這是與祂建立甜美關係的唯一途徑，此外別無他途可循。為什麼需要喚起對祂的愛和情感？因為用這種方法，靈性修持者自身才會獲得喜悅。		Shrii Shrii Ánandamúrti | 1 January 1979 DMC, Patna | 05 The Path of Salvation | Subháśita Saḿgraha Part 11	Shrii Shrii Ánandamúrti | 1979年1月1日於Patna大法會 | 05 解脫之道 | 靈性科學集成卷11，P.59	283	84
pair_0101_1979_060_240807	0101_1979_060_240807.txt	You should always remember one thing: that your spiritual practice, your mundane activities, your worldly ideology, your social, economic, and moral ideals in every sphere of your existence must be suffused with the ideation that you love your Lord, and you should love Him for only one reason – to please Him.	你應該永遠記住一件事：你的靈性修持、你所從事的世俗活動、你處世的觀念、你生命中有關社會、經濟和道德理想的種種一切，都必須充滿著「我愛我的上主」這個理念，你愛祂只有一個理由，那就是取悅祂，讓祂感到高興。		Shrii Shrii Ánandamúrti | 1 January 1979 DMC, Patna | 05 The Path of Salvation | Subháśita Saḿgraha Part 11	Shrii Shrii Ánandamúrti | 1979年1月1日於Patna大法會 | 05 解脫之道 | 靈性科學集成卷11，P.60	310	100
pair_0101_1979_071_241111	0101_1979_071_241111.txt	During your spiritual practices you should ensure that Parama Puruśa is your mental object and you are His subject. It sounds funny that human beings become the subject and Parama Puruśa the object. In the absolute sense, Parama Puruśa is the supreme controller of everything, the Supreme Subjectivity, with human beings as His object. Usually, human beings cannot make Parama Puruśa their mental object. Therefore, when you repeat your iśt́a mantra, or when you ideate, you should remember that, in fact, you are the object and Parama Puruśa is the subject. That is, in meditation you do not see Parama Puruśa, but Parama Puruśa sees you.	當你從事靈性修持時，你會以為至上意識是你心靈的客體，而你是祂的主體，人變成主體，而至上意識是客體，聽起來似乎好笑，然而在絕對的觀念裡，至上意識是萬物的至上控制者，是至高的主體，我們才是祂的客體，通常人類是無法使至上意識成為他們心靈的標的，因此當你持念你的目標梵咒(Iśt́a Mantra)，或做觀想時，你必須記住，事實上你是客體，而至上意識才是主體。也就是說，當你靜坐時，不是你在看著至上意識，而是至上意識看著你。		Shrii Shrii Ánandamúrti | 1 January 1979, Patna | 11 You Are Not Helpless | Ánanda Vacanámrtam Part 7	Shrii Shrii Ánandamúrti | 1979年元旦於Patna | 147 你永不無助 | 喜悅甘露集 卷4，P.71	647	208
pair_0101_1979_072_240427	0101_1979_072_240427.txt	Fully utilize your strength and all the other qualities you have received from Parama Puruśa. When you have exhausted them, when you have no strength, intelligence or spiritual power left in you, Parama Puruśa will provide you with the things you need most. You should not waste your valuable time by entreating Parama Puruśa to give you this or that. Remember, you are never alone and should never have any fear or apprehension. You should not sit down and lament, “Oh, what will happen to me now?” Such thinking is totally absurd. Parama Puruśa will certainly see the problem and take the necessary steps in all circumstances. Just as a small child never has to think about itself – its parents think about its well-being – similarly, you should not concern yourself about your own needs. Let Parama Puruśa worry about that while you carry on your duty fearlessly and cheerfully. You will see that Parama Puruśa will certainly do everything necessary to protect the interests of His affectionate and beloved children.	充份運用你得自至上意識的能力和特質，當你盡了全力、當你缺乏知識或靈性力量時，至上意識自然會給你所最需要幫助。你不應該浪費寶貴的光陰向至上意識乞求這個或那個。記住，你永不孤單也不該心存畏懼與不安，不應枯坐哀嘆道：「噢！我會發生什麼事呢？」這不是很可笑嗎？至上意識當然會視問題的狀況，做祂最適當的安排，就如同一個小孩，從來無需為自己擔心，他的母親自然會為他照料好一切。同樣的，你無需擔心你的需求，應無所懼而愉悅的去從事你的職責，而把你的需求交給至上意識安排，至上意識會用各種不同的方法保護祂所關愛的孩子們。		1 January 1979, Patna | 11 You Are Not Helpless, Ánanda Vacanámrtam Part 7	1979年元旦於Patna | 147 你永不無助，喜悅甘露集 卷4，P.72	1019	251
pair_0101_1983_019_240815	0101_1983_019_240815.txt	But in order to attain the goal of salvation, of final emancipation, one will have to accept Neohumanism [if not at the first step, then] as the final course of action; one will have to establish oneself in Neohumanism just on the eve of oneʼs final merger with Parama Puruśa – maybe for a few moments only; otherwise it is impossible for one to establish oneself in perfect spirituality and attain Parama Puruśa. Neohumanism is the last word for attaining Him. Those who did not accept Neohumanism from the beginning – who accepted it just before the final stage – also followed a defective path. If Neohumanism is accepted just before the final state, then the world will have been deprived of those peopleʼs service. Perhaps they did not lose anything personally, but there was certainly a collective loss for the whole humanity. Had they really accepted Neohumanism from the very first step of their spiritual movement, then the trees and plants, the animals and other creatures – all the animate and inanimate worlds – would have benefited immensely. But as they did not accept it in the initial stage, so the world was at a loss.	為了達到解脫的目標，獲得究竟解脫，人在最後仍然必須以新人道主義為其最終之行動（即使非以新人道主義為起步）。在達到與至上意識合一之前夕，就算只有頃刻，他也必須是立足於新人道主義之境，否則該人無法達到靈性的圓滿境界而與至上意識合一。新人道主義是達到祂與否的決定性字眼。 沒有從一開始即接受新人道主義者，而只在最後階段才接受的人，他們所走的也是一條有缺陷的道路。如果只在最後階段才接受新人道主義，那麼這世界就少了這些人的服務。或許對他們個人而言並沒有任何損失，但對整體人類而言的確是個大損失。要是他們在靈性道上的第一步起即接受新人道主義，那麼所有的樹木、植物、動物、其他生物等等有生命、無生命的一切個體，都將雨露均霑受益無窮。但由於他們並未在一開始就接受，故對世界而言，是個損失。		Shrii Shrii Ánandamúrti | 1 January 1983 DMC, Anandanagar | 14 Perfect Spirituality and Neohumanism | Neohumanism in a Nutshell Part 1	Shrii Shrii Ánandamúrti | 1983年1月1日於喜悅之城大法會 | 03 完美的靈性與新人道主義 | 完美生命的實踐，P.19	1137	337
pair_0101_1983_019_251105	0101_1983_019_251105.txt	In order to attain the goal of salvation, of final emancipation, one will have to accept Neohumanism [if not at the first step, then] as the final course of action; one will have to establish oneself in Neohumanism just on the eve of oneʼs final merger with Parama Puruśa – maybe for a few moments only; otherwise it is impossible for one to establish oneself in perfect spirituality and attain Parama Puruśa. Neohumanism is the last word for attaining Him.	為了達到解脫的目標，獲得究竟解脫，人在最後仍然必須以新人道主義為其最終之行動（即使非以新人道主義為起步）。在達到與至上意識合一之前夕，就算只有頃刻，他也必須是立足於新人道主義之境，否則該人無法達到靈性的圓滿境界而與至上意識合一。新人道主義是達到祂與否的決定性字眼。		Shrii Shrii Ánandamúrti | 1 January 1983 DMC, Anandanagar | 14 Perfect Spirituality and Neohumanism | Neohumanism in a Nutshell Part 1	Shrii Shrii Ánandamúrti | 1983年1月1日於喜悅之城大法會 | 03 完美的靈性與新人道主義 | 完美生命的實踐，P.19~20	459	132
pair_0101_1986_104_251107	0101_1986_104_251107.txt	Movement or mobility is a must for psychic existence, for any existence. Otherwise nothing will exist in this universe. And this movement is called [vrtti]. In English you may say “propensity”, but “propensity” is not the proper term. Vrtti. And when this vrtti, this psychic urge, or this psychic mobility, is towards the crude, it is called pravrtti; and when it is towards the subtle it is called nivrtti. The sages used to say: Pravrttireśá bhútánáḿ sthúlá nivrttistu maháphalá [“The pravrtti of human beings is a crude thing, but nivrtti is something that yields good results”].	對於心靈的存在或任何存在而言，行動或動力是必須的，否則這宇宙不會有任何東西存在。心靈的行動就稱為「心靈情緒傾向作用」(vritti)，英文稱為propensity，但這麼稱呼並不適當。Vrtti是心靈的慾望，這種心靈的動力若朝向粗鈍，就稱為pravrtti，即「導向世俗慾望；若朝向精細，就稱為nivrtti，即導向無慾。聖人常說：「Pravrttireśá bhútánáḿ sthúlá nivrttistu maháphalá」──「人類導向世俗慾望的心靈傾向作用是粗鈍的，然而朝向無慾的心靈傾向作用則會帶來好的結果。」		Shrii Shrii Ánandamúrti | 1 January 1986 DMC, Calcutta | 01 Existential Flow and Its Culminating Point | Subháśita Saḿgraha Part 17	Shrii Shrii Ánandamúrti | 1986年元旦於加爾各答 | 10 存在波流及其極致之境 | 靈性科學集成 卷13，P.104~105	593	263
pair_0101_1986_107_250102	0101_1986_107_250102.txt	If, in this way, you are fighting those inner and outer bondages with one hand, and serving the universe with the other hand, what will happen? Your existence will be blissful in each and every field of your movement. So oneʼs very existence will be joyful, oneʼs very existence will be blissful.	如果你能一手打擊內、外在束縛，一手服務整個宇宙，那麼將產生什麼結果？你每個行動都將充滿喜悅，因此你的存在將無比愉悅、將喜樂滿溢。		Shrii Shrii Ánandamúrti | 1 January 1986 DMC, Calcutta | 01 Existential Flow and Its Culminating Point | Subháśita Saḿgraha Part 17	Shrii Shrii Ánandamúrti | 1986年1月1日於Calcutta大法會 | 10 存在波流及其極致之境 | 靈性科學集成 卷13，107頁	296	64
pair_0101_1987_060_240709	0101_1987_060_240709.txt	In the psychic sphere, when the mind proceeds internally towards its Supreme Fulfilment, there will also be three separate stages for accelerated progress: Prańipátena pariprashnena sevayá.	在心理層面，當心靈往內在朝向至上的圓滿成就而前進時，因其加速進展之程度也分為三個階段：完全臣服(Prańipátena)、靈性提問(pariprashnena)和服務(sevayá)。		Shrii Shrii Ánandamúrti | 1 January 1987 DMC, Tiljala, Calcutta | 01 Physical Propulsion, Psychic Propensities and Spiritual Attainment | Subháśita Saḿgraha Part 18	Shrii Shrii Ánandamúrti | 1987年1月1日於Tiljala, Calcutta大法會 | 09 物質動力、心靈習性和靈性成就 | 完美生命的實踐，P.60	192	92
pair_0101_1987_109_250115	0101_1987_109_250115.txt	Nothing is static in this universe of ours. Not only in the realm of physicality, but in the psychic stratum also there is, we find, this movement. So the mental structure of each animate body moves sometimes with proper acceleration, sometimes with retardation. Where there is retardation, a day will come when the mental structure will get crudified and become one with crude or material objects. So it is the duty of each and every sane human being to see that there remains movement in his or her mind, in his or her mental world, and that mental world, that mental movement should be charged with proper acceleration, because when there is no acceleration, retardation is sure to take place.	我們這個宇宙沒有一樣事物是停止不動的。不僅在物質的領域是如此，在心理的領域中亦是如此。 因此，每一個生命個體其心靈構造的行動，有時會以適當的加速度來進行，而有時速度會減緩。若速度持續減緩，此心靈構造終有一天會粗鈍化，而變成粗鈍的物質。 明智的人皆有責任了解他們必須以適當的加速度來驅策心靈的行動，因為不加快速度，速度一定就會減慢。		Shrii Shrii Ánandamúrti | 1 January 1987 DMC, Tiljala, Calcutta | 01 Physical Propulsion, Psychic Propensities and Spiritual Attainment | Subháśita Saḿgraha Part 18	Shrii Shrii Ánandamúrti | 1987年1月1日於Tiljala, Calcutta大法會 | 11 物質動力、心靈習性和靈性成就 | 靈性科學集成 卷13，P.109~110	696	165
pair_0101_1987_111_250102	0101_1987_111_250102.txt	One must have a balanced diet. “Whatever I get, that I will eat” – this must not be the policy of a sane being. This human body is a composite of protoplasmic cells, and these protoplasmic cells are made of the food we take in. If the food and drink is defective, then the protoplasmic cells will also become defective, and the human mind, which is the collective mind of so many protoplasmic minds, will also become defective. That is why támasik or static food has a negative influence on the human mind. These are the requisite factors.	一個人必須要有均衡的飲食。理智的人絕對不應「拿到什麼就吃什麼」。我們人的肉身是由原生質細胞所組成的，而這些原生質細胞又是由我們所攝取的食物而形成的。如果我們吃的或喝的東西有缺陷，那麼所形成的原生質細胞也會是有缺陷的；人的心靈是許多心靈質細胞的集合心靈，也一樣會變成有缺陷的。這就是為什麼惰性食物對人類心靈有負面影響的原因。這些都是必要的因素。		Shrii Shrii Ánandamúrti | 1 January 1987 DMC, Tiljala, Calcutta | 01 Physical Propulsion, Psychic Propensities and Spiritual Attainment | Subháśita Saḿgraha Part 18	Shrii Shrii Ánandamúrti | 1987年1月1日於Tiljala, Calcutta大法會 | 11 物質動力、心靈習性和靈性成就 | 靈性科學集成 卷13，P.111~112	540	171
pair_0101_1988_132_260119	0101_1988_132_260119.txt	You should always remember that you do not belong to an ordinary family, to an ordinary lineage. Those who are the sons and daughters of Parama Puruśa certainly cannot belong to an ordinary lineage. You have a personal relationship with Parama Puruśa, and because of that intimate relation you can say to Him, “Oh Parama Puruśa, you know me very well; so if You think it proper, You may bestow Your grace upon me. But it depends on You.” Parama Puruśa certainly has great love and affection for His children; He will certainly want His sons and daughters to reach their ultimate goal. And whatever bliss human beings may attain by reaching that Supreme Stance, I know that in Parama Puruśaʼs mind the happiness will be even more. Victory to you all.	你要永遠記得，你並非屬於普通家庭，不是來自凡俗血統。至上意識的兒女當然不是普通的，你和至上意識有著私人的關係，因為這親密的關係，你可以對祂說：「哦，至上意識！您深深了解我，所以若您認為適當，請您賜予我恩典。但這全仰賴於您。」至上意識對祂的孩子當然有著無比的愛和深深的情感，祂當然希望祂的孩子達到終極的目標。而且我也確知，無論人類因達到該至上之境獲得多少喜悅，至上意識心中的喜悅只有更多。祝你們勝利！		Shrii Shrii Ánandamúrti | 1 January 1988 DMC, Anandanagar | 03 Propensities and Pramá | Subháśita Saḿgraha Part 18	Shrii Shrii Ánandamúrti | 1988年1月1日於喜悅之城大法會 | 13 心靈習性作用與完美的平衡 | 靈性科學集成 卷13，P.132	754	199
pair_0102_1979_085_251229	0102_1979_085_251229.txt	The subjective approach is to first withdraw the crude mind gradually from the external world and merge it in the subtle mind, and then to merge the subtle mind in unit consciousness. When unit consciousness is merged in Cosmic Consciousness, a human being is said to have attained the supreme fulfilment in life. In the present world, human beings face such tremendous difficulties in maintaining their objective adjustment that they cannot afford to give any time for their subjective approach. This is the greatest tragedy of the day! That is why I would like to advise you to build a healthy human society as early as possible, so that each and every human being gets enough scope and time for spiritual progress.	所謂「主體的接近」，就是將粗鈍的心靈從外在的世界收攝回來，並融入精細的心靈中，然後再將精細的心靈融入個體意識中，而當一個人的個體意識融入於宇宙意識時，就可以說他已經達到生命中最高的成就。在目前的世界，人類面對著如此巨大的困難去保持其客體的調適，以至於他們沒有任何時間從事於主體的接近，這是今日最大的悲劇，所以，這就是我要你們儘早建立一個健全的人類社會，以便每個人能有足夠的機會與時間去達到靈性上進步的原因。	L’approccio soggettivo consiste anzitutto nel ritirare gradualmente la mente grossolana dal mondo esterno e fonderla nella mente sottile, e poi nel fondere la mente sottile nella coscienza individuale. Quando la coscienza individuale si fonde nella Coscienza Cosmica, si dice che l’essere umano abbia raggiunto il supremo compimento della vita. Nel mondo attuale, gli esseri umani affrontano difficoltà così enormi nel mantenere il loro adattamento oggettivo da non potersi permettere di dedicare alcun tempo all’approccio soggettivo. È la più grande tragedia dei nostri giorni! Per questo motivo desidero consigliarvi di costruire il prima possibile una società umana sana, affinché ogni essere umano abbia spazio e tempo sufficienti per il progresso spirituale.	Shrii Shrii Ánandamúrti | 2 January 1979, Patna | 13 An Ideal Life | Ánanda Vacanámrtam Part 7	Shrii Shrii Ánandamúrti | 1979年1月2日於Patna | 149 理想的生活 | 喜悅甘露集 卷4，P.85	717	203
pair_0105_1959_089_260131	0105_1959_089_260131.txt	The characteristic of a unit mind is that its goal is multi-purposive whereas its expression is unilateral, confined to a particular space, time and individuality. The goal of the Cosmic mind, however, is uni-purposive and Its expression multilateral, manifested in all time, space and individuality. This is the major difference between the microcosm and Macrocosm. A unit mind can only think of one object at a particular time, or remain attached to one entity at a particular time, but cannot exist in more than one place or at more than one time. But the Cosmic Mind expresses Himself in more than one action, at more than one place, and in more than one entity. A microcosm expresses itself unilaterally, but nurtures desires which are multilateral. It may want to be a king, and a billionaire, and a learned person, and so much more. But when it actually performs actions, it can only act in one direction, not many. But the Macrocosmic endeavours are multilateral. His only desire is to get all His reactive momenta exhausted through the suffering of the microcosms; to move towards fullness through the various times, spaces and individualities.	個體心靈之特性是多重目標、單一展現，侷限在特定的時、空、人物中；而大宇宙心靈則是單一目標，其表現則是在各種時、空、人物中多重的展現。這是小宇宙個體與大宇宙心靈最主要的差別。個體心靈在某一時間裡只能想一個目標或只能掛念一個實體，不能同時存在於多重的時間或空間裡。但大宇宙心靈同時能以多重行動、在各個地方、用一個以上的實體來展現自己。個體小宇宙的展現是單方面的，但慾望卻是多方面的，或許他想成為一國之君、也想成為億萬富翁和大學者……等等。但當他從事行為時，卻只能單向行動，無法多向行動。然而大宇宙心靈卻可多邊同時進行，祂唯一的念頭就是透過個體小宇宙的苦難來耗盡其因果業力，透過各種時、空、人物以朝向圓滿究竟前進。	La caratteristica di una mente unitaria è che il suo fine è multiplo, mentre la sua espressione è unilaterale, confinata a un determinato spazio, tempo e individualità. Il fine della Mente Cosmica, invece, è unico, e la Sua espressione è multilaterale, manifestata in ogni tempo, spazio e individualità. Questa è la principale differenza tra microcosmo e Macrocosmo. Una mente unitaria può pensare a un solo oggetto in un dato momento, oppure rimanere legata a una sola entità in un dato momento, ma non può esistere in più di un luogo o in più di un tempo. La Mente Cosmica, invece, Si esprime attraverso più di un’azione, in più di un luogo e in più di un’entità. Il microcosmo si esprime in modo unilaterale, ma coltiva desideri multilaterali. Può desiderare di essere un re, un miliardario, una persona colta, e molto altro ancora. Ma quando passa all’azione, può agire soltanto in una direzione, non in molte. Il Macrocosmo si esprime in molti modi e in molte forme. Il suo movimento fondamentale è attraversare fino in fondo tutte le conseguenze dell’esistenza individuale, affinché nulla resti incompiuto e la pienezza originaria possa essere ritrovata. Quando questa esperienza è vissuta dal punto di vista limitato dei singoli esseri, essa può apparire come sofferenza.	Shrii Shrii Ánandamúrti | Paośii Púrńimá 1959 DMC, Darbhaga, Bihar | 06 The Macrocosm and the Microcosm – 1 | Subháśita Saḿgraha Part 7	Shrii Shrii Ánandamúrti | 1959年1月5日Paośii滿月日於Darbhaga, Bihar大法會 | 06 大宇宙心靈與個體小宇宙（一） | 靈性性科學集成 卷7，P.89	1153	304
pair_0106_1979_100_260109	0106_1979_100_260109.txt	You will have to concentrate your mind. Instead of developing an attachment for mundane objects, you should develop an attachment for Parama Puruśa (Viśńu). Here the word “mamata” signifies the feeling of being oneʼs own. None of the objects of this universe can be called your own. You came to this Earth without any possessions and you will leave empty handed, too. So how can any object be called your own? It cannot. This is true knowledge. There is nothing in this universe which you can call your own except Parama Puruśa. If this idea is not cultivated humans will become inactive and averse to work. In my opinion, the best way is objective adjustment through subjective approach. If you do not feel that all objects and entities are a part of you, you cannot develop any love and affection for His creation. The balance between your unit being and the external world will be impaired and your movement towards Parama Puruśa will be hindered. Remember that the love you develop for this worldly creation must always be channelized towards Parama Puruśa. He, being the owner of the external objective world, is the only object for you to possess. When you realize this, adjustment with the objective world will come naturally and effortlessly. All human beings should have the idea in their minds that the only entity in this universe which they can call their own is Parama Puruśa.	你必須集中心靈，不要執著於世俗的東西，而應發展出對至上意識的執著。在這裡mamata（瑪瑪塔）這個字意指「屬於自己的那種感覺」。此宇宙中沒有任何東西可以說是你自己的，你沒有帶任何東西來到此地球，你亦將雙手空空而離去，所以怎麼可能有任何東西可說是你的呢？那是不可能的，這就是真正的知識。除了至上意識之外，此宇宙中沒有任何東西你可以稱為你所有，如果沒有養成此種想法，人們將變得消極而厭惡工作。依我的看法，經由主體的接近做客體的調適是最佳的途徑。如果你不覺得所有客體與實體是你的一部分，則你無法對祂的創造物產生任何愛與感情，你個體的生存與外在世界之間的平衡將受到傷害，而且你朝向至上意識前進的活動亦將遭受阻礙，請謹記你對世上萬物的愛必須永達都導向於至上意識。祂是外在客體世界的主人，也是你唯一能擁有的東西，當你了悟此點，你將自然而然，不費吹灰之力就達到與此客體世界的協調。所有的人類都必須懷有此種想法：在此宇宙中，能稱為屬於自己的唯一實體就只有至上意識。	Concentra la mente.  Invece di sviluppare attaccamento verso gli oggetti mondani, dovresti sviluppare attaccamento verso Parama Puruśa (Viṣṇu). Nello sloka il termine mamata esprime la sensazione di ciò che si percepisce come proprio. Nessun oggetto di questo universo può essere considerato tuo. Sei arrivato su questa terra senza alcun possesso e te ne andrai allo stesso modo, a mani vuote. Come potrebbe, dunque, un oggetto essere definito tuo? Non può. Questa è la vera conoscenza: non c’è nulla in questo universo che tu possa chiamare tuo, eccetto Parama Puruśa. Se questa idea non viene coltivata, le persone perdono entusiasmo e smettono di impegnarsi davvero. A mio parere, la via migliore è l’aggiustamento oggettivo attraverso un approccio soggettivo. Se non senti che tutti gli oggetti e gli esseri fanno parte di te, non potrai sviluppare amore e affetto per la Sua creazione. L’equilibrio tra il tuo essere individuale e il mondo esterno si altererà e il tuo movimento verso Parama Puruśa verrà ostacolato. Ricorda: l’amore che sviluppi per questa creazione deve sempre essere canalizzato verso Parama Puruśa. Poiché Egli è il proprietario del mondo oggettivo, è l’unico “oggetto” che tu possa realmente possedere. Quando realizzerai questo, l’aggiustamento con il mondo esterno avverrà in modo naturale e senza sforzo. Ogni essere umano dovrebbe mantenere nella propria mente l’idea che l’unica Entità che può chiamare realmente sua, in tutto l’universo, è Parama Puruśa.	Shrii Shrii Ánandamúrti | 6 January 1979, Patna | 17 He Makes the Dumb Speak | Ánanda Vacanámrtam Part 7	Shrii Shrii Ánandamúrti | 1979年1月6日於Patna | 153 祂使喑啞者說話 | 喜悅甘露集 卷4，P.100~101	1396	424
pair_0109_1955_017_240401_260209	0109_1955_017_240401_260209.txt	You must not aspire to be the white-coloured vipra, the blood-red-coloured Kśatriya, the blood-and-black-coloured, i.e., yellow-coloured vaeshya or the dark-coloured shúdra. You have to rise above all these. To attain the state beyond the attributes, you have to meditate on Puruśa, reflect on your universality and know your original form. In the beginning, you have to become the white-coloured vipra. Then you will have to shake off the vipra feeling and finally merge into the Cosmic Consciousness which is free from all colours.	你不應期望成為白色的聰明智士、血紅色的武士、黃色的商人或黑色的勞工。你必須超越這一切。要達到超越屬性的境界，你必須將心安住於宇宙意識，將其反映到你的宇宙胸懷上，並了知自己的本來面目。開始時，你須成為白色的聰明智士，然後你應擺脫此聰明智士的情感，最後融入沒有任何顏色的宇宙意識裡。	Le distinzioni fondate sui colori mentali e sulle tendenze non sono una meta spirituale, ma uno stadio da trascendere. Non devi aspirare a essere il vipra di colore bianco, il kśatriya di colore rosso sangue, il vaeshya di colore giallo, né lo shúdra di colore scuro. Devi andare oltre tutte queste condizioni. Per raggiungere lo stato che è al di là degli attributi, devi meditare su Puruśa, riflettere sulla tua universalità e conoscere la tua forma originaria. All’inizio devi diventare il vipra di colore bianco. Poi dovrai scrollarti di dosso il sentimento di vipra e infine fonderti nella Coscienza Cosmica, che è libera da ogni colore.	Shrii Shrii Ánandamúrti | 9 January 1955 DMC, Jamalpur | 02 Prakrti Tattva and Oṋḿkára Tattva | Subháśita Saḿgraha Part 1	Shrii Shrii Ánandamúrti | 1955年1月9日於Jamalpur大法會 | 02 唵聲與宇宙力量 | 靈性科學集成 卷1，P.17	536	139
pair_0110_1989_184_260418	0110_1989_184_260418.txt	Good people, spiritual aspirants [sádhakas], absorb more positive microvita than non-spiritual people, so all their propensities move with positive vitality. In a spiritual sádhaka, all the positive propensities of the anáhata cakra are positively strengthened as a result. This is sentient psycho-panoramic maximitis. If one moves towards crudeness, there will be static psycho-panoramic minimitis. When this knowledge is acquired by a large number of people in this world, together they will absorb more positive microvita. By doing so they will benefit themselves individually, and at the same time the whole world will be benefited.	善人和靈性修持者吸收正性微生命比非修行者多，所以他們的心靈情緒傾向都活躍著正性生命力，因此一個靈性修持者身上，其心輪所有正性的心靈情緒傾向也都必然隨之增強，此即悅性之心智的最大的展現。如果人類朝向粗鈍移動，就會導致惰性之心智的最小的展現。當這世界有許多人得到這種知識後，他們將一起吸取更多的正性微生命。如此一來不但他們個人獲得助益，同時整個世界也將受益。	Le persone buone, gli aspiranti spirituali [sādhaka], assorbono più microvita positivi rispetto alle persone non spirituali, perciò tutte le loro propensioni si muovono con una vitalità positiva. In un sādhaka spirituale, tutte le propensioni positive del cakra anāhata vengono di conseguenza rafforzate positivamente. Questo è chiamato massimità psico-panoramica senziente (sentient psycho-panoramic maximitis). Se invece ci si muove verso la grossolanità, si avrà minimità psico-panoramica statica (static psycho-panoramic minimitis). Quando questa conoscenza viene acquisita da un gran numero di persone nel mondo, esse, insieme, assorbiranno più microvita positivi. Così facendo, beneficeranno se stesse individualmente e, allo stesso tempo, ne trarrà beneficio l’intero mondo.	Shrii Shrii Ánandamúrti | 10-12 January 1989, Kolkata | 19 Plexi and Microvita | Yoga Psychology	Shrii Shrii Ánandamúrti | 1989年1月10日至12日於加爾各答 | 19 脈叢結與微生命 | 生命科學觀：瑜伽心理學，P.184~185	639	177
pair_0110~12_1989_171_240108	0110~12_1989_171_240108.txt	For spiritual advancement spiritual practices are a must, and in spiritual practices the role of the cakras [plexi] is immense. In fact, the most important aspect of spiritual practice is cakra shodhana and cakra niyantrańa [the purification and control, respectively, of the cakras].	就靈性進展而言，靈修是必要的，而在靈修中，脈輪(chakras,plexi神經叢)的角色重大。事實上，靈修最重要的面向是脈輪淨化(cakras shodhana)和脈輪控制(cakras niyantrańa)。			1989年1月10~12日於加爾各答 | 神經叢與微生元 | 瑜伽心理學，P.171	285	106
pair_0111_1979_126_251015	0111_1979_126_251015.txt	Give respect to those who are not respected by others, and to those who are not even recognized as human beings, give recognition. Go to them and say, “Donʼt worry, I will always help you. As long as I am here you need not feel unnecessarily concerned.” Give hope and consolation to human beings – give them respect, give them recognition as human beings. Tell them, “You are also human beings and worthy to be treated with respect and dignity.” These are the real signs of a genuine devotee, an ideal sádhaká [spiritual aspirant]. I want you all to try to become genuine devotees like this.	尊敬那些不受他人敬重之人，承認那些不被認可之人。走近他們，對他們說：「無需擔心，我會永遠幫助你們，只要我在這裡，你無需憂慮！」給與人類希望和安慰──給與他們尊敬，認可他們，告訴他們：「我們同為人，同樣值得敬重和尊嚴的對待。」 這才是真正虔誠者、完美靈性修持者真實的表徵，我期望你們都能成為這樣一位真正的虔誠者。		Shrii Shrii Ánandamúrti | 11 January 1979, Kolkata | 03 “The Lord Should Always Be Praised” | Ánanda Vacanámrtam Part 8	Shrii Shrii Ánandamúrti | 1979年1月11日於加爾各答 | 156 應永遠讚頌上主 | 喜悅甘露集 卷4，P.126~127	593	155
pair_0114_1979_065_231122	0114_1979_065_231122.txt	Those who want to prosper in life must destroy these six defects in themselves: nidrá [sleep], tandrá [drowsiness], álasyaḿ [lethargy], bhayaḿ [fear], krodha [anger], and diirghasútratá [procrastination]. It is said, “Those who long for their well-being, who very much wish for their all-round development, will have to give up these six bad habits. A person desirous of welfare must necessarily be free from these defects, otherwise oneʼs progress is bound to be impeded, retarded.”	想要生命成功者必須摒除下列六項缺點：睡眠(nidrá)、昏沉(tandrá)、懶情(lasyaḿ)、恐懼(bhayaḿ)、憤恕(krodha)和拖延(diirghasútratá)。 有言道：那些渴望真正福祉、祈求全面性開展的人，必須根除這六項壞習慣，否則其進步將會受到阻礙。		Shrii Shrii Ánandamúrti | 14 January 1979 | Sleep and Inertia | Ánanda Vacanámrtam Part 31	Shrii Shrii Ánandamúrti | 1979年1月14日於Barrackpur | 08 睡眠與昏沉 | 喜悅甘露集 卷9，P.65	488	138
pair_0114_1980_156_251128	0114_1980_156_251128.txt	The mind, instead of exerting its control directly from the sahasrára cakra, exerts its control through the other cakras, the other plexi. Hence in order to advance spiritually, one has first to establish control over these lower cakras, then finally over the sahasrára cakra. If one, conversely, tries to control the sahasrára first while the other cakras remain uncontrolled, spiritual practice on the sahasrára may be hampered. Not only that; even if the sahasrára cakra can be brought under control, the final result will not be good if the subsidiary cakras are not brought under control. It is not enough that the driver of a car be efficient, the car as well must be free from any defect.	心靈經由其他的脈輪來行使其控制作用，而非直接由頂輪來遂行其控制。因此，為了在靈性上的進步，吾人首先必須能控制這些較低下的脈輪，最後再控制頂輪，反之，若一個人當其他的脈輪都尚未能控制時，卻努力的想控制頂輪，此對以頂輪所從事之靈性修持可能會受到阻礙。不僅如此，即使能控制頂輪，但卻未能控制其他的附屬脈輪，最後的結果可能亦非有益的。一部車子單單駕駛能力高超，是不夠的，車子也必須沒有任何缺失才行。	La mente, invece di esercitare il proprio controllo direttamente dal sahasrāra cakra, opera attraverso gli altri cakra, gli altri plessi. Perciò, per avanzare spiritualmente, bisogna prima stabilire il controllo su questi cakra inferiori e, solo alla fine, sul sahasrāra cakra. Se si tenta di intervenire direttamente sul sahasrāra trascurando gli altri cakra, la pratica spirituale sul sahasrāra risulterebbe difficile. Non solo: anche se si riuscisse a portare sotto controllo il sahasrāra cakra, il risultato finale non sarebbe positivamente buono se gli altri cakra sussidiari non fossero parimenti controllati. Non è sufficiente che il conducente di un’auto sia esperto: anche l’auto deve essere priva di difetti.	Shrii Shrii Ánandamúrti | 14 January 1980, Calcutta | 12 The Meaning of “Krśńa” in Rája Yoga | Discourses on Tantra Volume One	Shrii Shrii Ánandamúrti | 1980年1月14日於加爾各答 | 12 勝王瑜伽中克里斯那的涵義 | 密宗開示錄 卷1，P.156	700	195
pair_0115_1980_000_260115	0115_1980_000_260115.txt	Attraverso il sadhana facciamo risalire verso l’alto la kulakuṇḍalinī e, al termine del percorso, avviene l’unione di Rādhā e Kṛṣṇa. Esiste una tecnica specifica per risvegliare questa energia avvolta su sé stessa. In passato tale metodo non veniva spiegato con chiarezza: alcuni pensavano fosse giusto mantenerlo riservato. Non trasmettere ciò che può danneggiare la vita individuale o collettiva è corretto, ma ciò che può fare bene va condiviso. Così le persone saranno più motivate a praticare il sadhana.	我們透過靈性靜坐修持將庫拉孔達里尼提升，最後「拉達」和「克里斯那」合而為一。要提升這沉睡的靈性潛能是有技巧的，往昔這個技巧是不公開的，那時有些人認為這些技巧最好是密傳；如果是會對個人或整體生命有所傷害的事物，當然最好是不傳，但是如果是對眾生有益之事，那麼就應該廣為傳播，如此也能激起人們靈修的熱情。		Shrii Shrii Ánandamúrti | 15 gennaio 1980, Calcutta | Kṛṣṇa senza paragoni | Discorsi su Kṛṣṇa e la Gītā	Shrii Shrii Ánandamúrti | 1980年1月15日於加爾各答 | 05 無與倫比的克里斯那 | 生命的真諦‧薄伽梵歌	509	149
pair_0116_1979_141_260116	0116_1979_141_260116.txt	It may happen that you are tormented by someone in your personal life and tolerate everything out of fear. If one day you summon up all your courage to oppose that person, you will find that the tyrant retreats ignominously. Similarly, under the spell of fear, a community may allow itself to be exploited by another community. But if the exploited community turns against the exploiters, the tyrants will take to their heels. There is a great need for courage. Never surrender to fear in individual or collective life.	倘若你在個人的生活中受到某人的折磨，由於恐懼，你容忍一切。如果有一天，你鼓起勇氣對抗這個人，你會發現那個惡人必會羞愧的避開。同樣的，在恐懼的陰影下，一個社會可能聽任自身被另外一個社會所剝削，但是如果被剝削的社會，奮起反抗剝削者，這些惡霸將會倉皇逃走。這需要很大的勇氣，在個人或集體生活中，不要向恐懼投降。		Shrii Shrii Ánandamúrti | 16 January 1979, Uluberia, Howrah | 05 Bad Habits Which Should Be Given Up | Ánanda Vacanámrtam Part 8	Shrii Shrii Ánandamúrti | 1979年1月16日於Uluberia, Howrah | 158 應去除的壞習慣 | 喜悅甘露集 卷4，P.141	519	152
pair_0117_1979_000_260117	0117_1979_000_260117.txt	Before starting a noble task you need not consult the almanacs or the positions of the stars; start it immediately. But when you want to do something harmful, try to delay it for as long as you can. With the passing of time, and a change in mentality, you may decide not to do it any more. While you are executing your noble task do not waste your time. In this practical world, in this relative world, the most valuable relative factor is time. Once the time has passed and gone, it does not return again, so never misuse time. May you prosper. May victory be with you.	投身於崇高的理想時，不用去算命卜卦、查曆書或算星辰方位，請即刻開始；反之，當你動念為害時，盡可能的拖延，隨著時間的消逝、心態的轉變，你可能決定不再去做。 當你從事崇高的行為時，不要輕擲荒廢了寶貴的時間，在此現實相對的世界裡，最有相對價值的就是時間，時間一去不復返，所以切莫輕忽錯用，祝你們成功，願勝利與你們同在！	Prima di iniziare un’azione nobile non c’è bisogno di consultare almanacchi o la posizione delle stelle: comincia subito. Quando invece stai per fare qualcosa di dannoso, cerca di rimandarlo il più a lungo possibile. Con il passare del tempo e con un cambiamento di mentalità, potresti decidere di non farlo più. E mentre porti avanti un’azione nobile, non sprecare il tuo tempo. In questo mondo pratico, in questo mondo relativo, il fattore relativo più prezioso è il tempo. Una volta che il tempo è passato, non ritorna più: non sprecarlo mai. Che tu possa prosperare. Che la vittoria sia con te.	Shrii Shrii Ánandamúrti | 17 January 1979, Bangaon | 06 Sadvipra, Táraka Brahma, Sadáshiva and Shrii Krśńa | Ánanda Vacanámrtam Part 8	Shrii Shrii Ánandamúrti | 1979年1月17日於Bangaon | 159 新時代的降臨 | 喜悅甘露集 卷4	570	156
pair_0118_1980_000_260118	0118_1980_000_260118.txt	The basic dharma of humans, on the other hand, is mánava dharma, Bhágavata dharma. This essential or basic dharma expresses the essential distinguishing character of a human. But no place is given to this basic dharma; only the secondary dharmas are being cultivated. Poems are being composed, business is going on, politics is going on, speeches are being delivered; but human beings are totally denied their basic mánava dharma. But what exactly is the state of affairs where Bhágavata dharma is absent? Well, it is something like watering an uprooted tree. Devoid of the quality of humanity, what can one do with the secondary qualities alone? To expect fruit from an uprooted tree is nothing but sheer foolishness. Similarly, if people are lacking in their basic mánava dharma, they are no longer human beings. Nothing can be expected of them. They are finished, they are worthless.	人類的法性是至上法性(mánava dharma, Bhágavata dharma)。這不可或缺或基本的法性展現了人類與眾不同的重要特徵。但人卻忽視這些主要法性，而只顧著培養第二法性。人類忙碌於作詩填詞、從商、從政、演講……等，完全忘了他們的至上法性。他們忘了如果沒有至上法性，那麼其他的事物實際上會是何種狀態？這就如同對著一棵連根拔起的樹澆水。人類沒有了主要的特質，光有次要特質，又有何用？期待沒有根的樹長出果實不是極其愚蠢嗎！同樣的，人類如果缺少至上法性，就不能被稱為「人」，他們沒有資格被稱為「人」，你無法對一無是處的他們有所期待，他們完全失去了一個做為「人」的價值。	Il dharma fondamentale degli esseri umani è il mānava dharma, il Bhāgavata dharma. Questo dharma essenziale esprime il tratto distintivo dell’essere umano. Ma a questo dharma fondamentale non viene dato spazio, perché gli esseri umani scelgono di coltivare solo i dharma secondari. Si compongono poesie, si fanno affari, si pratica la politica, si tengono discorsi, e così gli esseri umani rinunciano al loro dharma fondamentale, il mānava dharma. Ma qual è, esattamente, la condizione in cui il Bhāgavata dharma è assente? È qualcosa di simile all’annaffiare un albero sradicato. Privati della qualità dell’umanità, che cosa si può fare con le sole qualità secondarie? Aspettarsi frutti da un albero sradicato non è altro che pura stoltezza. Allo stesso modo, se le persone sono prive del loro mānava dharma fondamentale, non sono più esseri umani. Non ci si può aspettare nulla da loro. Sono finiti, sono privi di valore.	Shrii Shrii Ánandamúrti | 18 January 1980, Calcutta | 19 Dharmakśetra – the Human Body | Discourses on Krśńa and the Giitá	Shrii Shrii Ánandamúrti | 1980年1月18日於加爾各答 | 19 法性戰場──人的肉身 | 生命的真諦‧薄伽梵歌	891	288
pair_0120_1980_000_260120	0120_1980_000_260120.txt	People may have performed good deeds in this life and their souls may have reached a higher level, but if they happen to die before attaining liberation, their progress is thwarted, is stopped, until they receive a new life. Because, as has been mentioned, sádhaná is possible only when one has a physical body. That is why the physical body is called dharmakśetra.	人們在世時也許會從事好的行為，他們的靈魂也許會到達一個很高的境界，但如果此世沒有獲得解脫就死了，他們的進步就會停止，一直到他們再度獲得新的肉身為止。因為我說過了，從事靈性修持的最基本條件就是要具足這個肉身。所以此肉身被稱為「法性戰場」。	Le persone possono anche aver compiuto buone azioni in questa vita e le loro anime possono aver raggiunto un livello più elevato; ma, se accade che muoiano prima di aver conseguito la liberazione, il loro progresso viene ostacolato, viene interrotto, finché non ricevono una nuova vita. Questo perché, come è stato detto, il sādhana è possibile solo quando si possiede un corpo fisico. È per questo motivo che il corpo fisico è chiamato dharmakṣetra.	Shrii Shrii Ánandamúrti | 20 January 1980, Calcutta | 20 This Very World Is Kurukśetra | Discourses on Krśńa and the Giitá	Shrii Shrii Ánandamúrti | 1980年1月20日於加爾各答 | 20 俱廬戰場──世界 | 生命的真諦‧薄伽梵歌	368	118
pair_0121_1971_155_241229	0121_1971_155_241229.txt	The Entity whom you are trying to attain – Parama Puruśa – is your own innermost self. Your relation with Him is not external, to be defined by courts, laws, or society. It is a family relationship. The desire in your mind to meet God is only born when He is inclined towards you. It is the result of His desire to meet you. Your meeting with God is not a unilateral affair, it is a mutual thing. You walk one step towards Him and He will come twenty towards you.	你努力想要達到的至上本體，就是你最內在的「真我」。你與祂之間並非法律或社會所界定的外在關係，而是一種家庭的親情聯繫。唯有當祂親近你時，你的心靈才會湧現與祂合一的渴望，而這是由於祂渴望與你相遇使然，你與至上的接觸不是一廂情願的關係，這是相互的渴望。你朝向祂前進一步，祂便會向你走二十步過來。		Shrii Shrii Ánandamúrti | 21 January 1971 evening, Ranchi | 20 Your Personal Relationship with God | Ánanda Vacanámrtam Part 23	Shrii Shrii Ánandamúrti | 1971年1月21日傍晚於Ranchi | 21 你與上主的個人關係 | 喜悅甘露集 卷7，P.155	464	144
pair_0121_1984_000_260121	0121_1984_000_260121.txt	When dishonest people dominate over society, when administration is in the hands of the corrupt, honest people keep a low profile. When adharma reigns in society, when people are goaded by immoral persons and compelled to act by them, then and only then is it that people deviate from their dharma... What a miserable and helpless condition people are in when they have to lower their heads in fear before sinners, and adharma triumphs over dharma! They can do nothing under such circumstances. Under such awful circumstances, Parama Puruśa Himself has to come and take stern measures. In order to save humankind from such an extreme situation, Parama Puruśa will certainly have to do something.	當社會多為不正直之人所掌控，且政府官員又多貪污腐敗時，好人處處受壓制，只能低調以對；當非法性控制了整個社會，人們受迫於不道德之人的驅策，而致使背離了法性。…… 人們會是多麼悲慘和無助啊！眼見非法性在法性之上勝利狂囂，而他們必須在惡人面前害怕得低下頭去。在如此惡劣的情況下，至上意識本身必須降臨並且採取嚴厲的手段，以拯救受苦受難的人類。至上意識當然必須要有所行動。	Quando le persone disoneste dominano la società, quando l’amministrazione è nelle mani dei corrotti, le persone oneste sono costrette a tenere un profilo basso. Quando l’adharma regna nella società, quando gli esseri umani vengono istigati da persone immorali e da esse costretti ad agire, allora e solo allora le persone deviano dal proprio dharma. Quanto è misera e impotente la condizione delle persone quando sono costrette ad abbassare il capo per paura davanti ai peccatori, e l’adharma trionfa sul dharma! In tali circostanze non possono fare nulla. In condizioni così terribili, Parama Puruṣa stesso deve venire e adottare misure severe. Per salvare l’umanità da una situazione tanto estrema, Parama Puruṣa dovrà certamente fare qualcosa.	Shrii Shrii Ánandamúrti | 21 January 1984, Betia | 41 “Paritráńáya Sádhúnám” | Discourses on Krśńa and the Giitá	Shrii Shrii Ánandamúrti | 1984年1月21日於Betia | 41 拯救有德之士 | 生命的真諦‧薄伽梵歌	697	181
pair_0122_1971_000_260131	0122_1971_000_260131.txt	Nothing is gained by becoming a jiṋánii [intellectual]. [Jiṋána] has use only so far as devotion has not been born. When you eat tasty food, the paper on which you place this food is jiṋána. The food itself is karma, and the taste of the food is bhakti. If you have absorbed the food and got its taste, the dirty paper of jiṋána has to be thrown in the dustbin. This alone is wisdom. Be wise!	成為「知識分子」(jinánii)，你將一無所得。只有虔誠情感未生之處，知識方有用處。用來墊可口食物的紙就是知識，食物本身是行動，而品嚐可口的食物就是虔誠。當你吃過了這美味的食物後，墊在下面的紙就沒有用了，就該被丟棄於垃圾桶裡。唯有如此方為明智之舉，做個明智之人吧！	Nulla si ottiene diventando un jñānī [un intellettuale]. La jñāna ha utilità solo finché la devozione non è ancora nata. Quando mangi un cibo saporito, la carta su cui appoggi quel cibo è la jñāna. Il cibo stesso è il karma, e il sapore del cibo è la bhakti. Se hai assimilato il cibo e ne hai gustato il sapore, la carta sporca della jñāna deve essere gettata nel cestino. Solo questo è saggezza. Sii saggio!	Shrii Shrii Ánandamúrti | 22 January 1971, Ranchi | 21 The Bliss of the Devotee | Ánanda Vacanámrtam Part 23	Shrii Shrii Ánandamúrti | 1971年1月22日於Ranchi | 22 虔誠者的喜悅 | 喜悅甘露集 卷7	400	133
pair_0122_1984_000_260122	0122_1984_000_260122.txt	Gold and iron have their respective dharmas. In just the same way, human beings have their own dharma. If human beings deviate from their own dharma – mánava dharma – no more can they be called humans. Humansʼ glory lies in their own dharma. So it is desirable that they be loyal to their svadharma [own dharma]. Even if people feel better off living like animals, and find it very troublesome to live like human beings, they will have to live like humans. Suffering notwithstanding, their character as human beings should not be lost. Here the term svadharma means mánava dharma, and paradharma stands for whatever is outside this mánava dharma. It is better to embrace death established in svadharma; for humans pashu dharma [animal dharma] is dangerous. Humans should always remain firm in their mánava dharma; therein lies their greatness. Not even for a moment should people forget this.	金子和鐵各有其法性，同樣的，人類也有他們自己特別的法性。如果人類偏離了自身的法性，他們就不能被稱為「人」了。人類的光輝存在於他們的法性裡，所以人類應該堅守自己的法性。即使他們覺得像動物般過日子較舒坦，做為人可真麻煩，他們仍然必須活得像個人。儘管受苦受難，他們仍然不該忘懷他們身為人的特質。 人類自身的法性在此指的就是至上法性，除此之外的一律稱為動、植物法性。寧可為遵行至上法性而死，因為對人類而言，動物法性是危險的。所以人類應牢牢固守自己的人類法性，他們的偉大亦在此。人類一刻都不能忘懷此事。	L’oro e il ferro hanno ciascuno il proprio dharma. Allo stesso modo, anche gli esseri umani hanno il loro dharma. Se gli esseri umani deviano dal proprio dharma – il mānava dharma – non possono più essere chiamati esseri umani. La gloria dell’essere umano risiede nel suo dharma. È quindi auspicabile che le persone restino fedeli al proprio svadharma (dharma personale). Anche se qualcuno dovesse sentirsi più a proprio agio vivendo come un animale e trovasse molto gravoso vivere come un essere umano, dovrà comunque vivere come un essere umano. Nonostante la sofferenza, il carattere umano non deve andare perduto. Qui il termine svadharma significa mānava dharma, mentre paradharma indica tutto ciò che è esterno a questo mānava dharma. È meglio accogliere la morte restando stabiliti nel svadharma; per gli esseri umani, il pashu dharma (dharma animale) è pericoloso. Gli esseri umani devono sempre rimanere saldi nel loro mānava dharma; in ciò risiede la loro grandezza. Neppure per un istante le persone dovrebbero dimenticarlo.	Shrii Shrii Ánandamúrti | 22 January 1984 morning, Betia | 32 “Better to Die . . .” – 3 | Discourses on Krśńa and the Giitá	Shrii Shrii Ánandamúrti | 1984年1月22日晨於Betia | 32 寧為遵循至上法性而死（三） | 生命的真諦‧薄伽梵歌	896	246
pair_0123_1971_000_260123	0123_1971_000_260123.txt	For human beings the main jiivanavrtti [driving force in life] is to worship Parama Puruśa, to love Him with their entire being. In order to worship Parama Puruśa, human beings need body, mind and soul. To pursue their sádhaná, people have to live, and in order to live, they have to strive for food, clothing and shelter. But provision of food, clothing and shelter are not their main concern. These things are no doubt necessary to keep themselves fit for sádhaná; people have to make necessary arrangements for these things; but surely these things are not the end. Whenever someone forgets this, a downfall sets in in that personʼs life, because thereby that person has set his or her foot on the path of paradharma, discarding their own svadharma.	對人類而言，生命的驅策力(jiivanavrtti)是禮拜至上意識，是用他們全部的生命去愛祂。 為了禮拜至上意識，人需要肉身、心靈和靈魂。他們必須活著才能從事靈性的修持，為了活著，他們必須努力尋求食物、衣服和居住處所。無疑地這些的供給是必須的，人們必須為這些事而忙碌，但可確定的是這些不是目標，不該是他們所最關心的事。當人們忘了這一點，他們的生命即墮落，因為他們丟棄自身的法性，而讓自己走上動、植物法性之道。	Per gli esseri umani la principale jiivanavrtti [forza motrice della vita] è adorare Parama Puruśa, amarlo con tutto il proprio essere. Per adorare Parama Puruśa, gli esseri umani hanno bisogno di corpo, mente e anima. Per portare avanti il proprio sādhaná, le persone devono vivere e, per vivere, devono impegnarsi a procurarsi cibo, vestiario e riparo. Ma la fornitura di cibo, vestiario e riparo non deve essere la loro preoccupazione principale. Queste cose sono senza dubbio necessarie per essere in grado di praticare il sādhaná; le persone devono predisporre quanto è necessario a questo scopo; ma certamente queste cose non sono il fine ultimo. Ogni volta che qualcuno dimentica questo, nella sua vita inizia un declino, perché in tal modo quella persona ha messo piede sul sentiero del paradharma, abbandonando il proprio svadharma.	Shrii Shrii Ánandamúrti | 23 January 1971 morning, Patna | 29 Svadharma and Paradharma – 3 | Discourses on Krśńa and the Giitá	Shrii Shrii Ánandamúrti | 1971年1月23日晨於Patna | 29 人的法性與動、植物法性（三） | 生命的真諦‧薄伽梵歌	758	204
pair_0125_1987_161_260125	0125_1987_161_260125.txt	Human beings express their feelings in different ways. One way is that one brings oneʼs vibrations from the realm of ideation down to the physical world, makes them descend to the quinquelmental world with the help of sensory and motor organs. Another way is that with the help of the subtler artistic aspects of that expression, one transports it to oneʼs psychic realm making use of oneʼs subtler sensory feelings. The feeling human beings express in the physical realm, is called worldly action. When expression is brought to the psychic realm, it is called lalita carcana [the cultivation of fine arts]. Lalita carcana is also called simply “the fine arts” or “subtler arts”.	人類以各種不同的方式來傳達他們的情感。將思想、概念的波動，透過感覺或運動器官之助，在五大原素所構成的物質世界表達，是其中之一。另一個方式則是利用精細的感覺將此表達的波動，以藝術的方式傳達至一個人的心智領域。人類在物質層面所展現的情感稱為「世俗物質層面的行動」，而在心智層面的展現，則稱為「藝術的涵養」(lalita carcana)，亦可簡稱為「精細的藝術」。	Gli esseri umani esprimono i propri sentimenti in modi diversi. Un modo consiste nel portare le proprie vibrazioni dal piano dell’ideazione al mondo fisico, facendole discendere nel mondo quinquelementale con l’aiuto degli organi sensoriali e motori. Un altro modo consiste nel trasferire l’espressione al piano psichico attraverso i suoi aspetti artistici più sottili, facendo uso delle sensazioni più fini dei sensi. Il sentimento che gli esseri umani esprimono nel piano fisico è chiamato azione nel mondo. Quando l’espressione viene portata nel piano psichico, essa è chiamata lalita carcana [la coltivazione delle arti raffinate]. Lalita carcana è chiamata anche semplicemente “arti raffinate” o “arti sottili”.	Shrii Shrii Ánandamúrti | 25 January 1987, Kolkata | 29 Fine Arts and Mudrá | Saḿgiita: Song, Dance and Instrumental Music	Shrii Shrii Ánandamúrti | 1987年1月25日於加爾各答 | 3-4 身印、手印和藝術 | 音樂與靈性修持，P.161	679	180
pair_0126_1980_000_260126	0126_1980_000_260126.txt	Some people announced that women are not entitled to spiritual salvation. If women want to attain spiritual emancipation they will have to be reborn as men. What an absurd proposition! All are the progeny of Parama Puruśa, some of them are sons, some are daughters. Can Parama Puruśa ever give any decree that only His sons will be entitled to liberation and salvation and His daughters will not attain it? This is indeed a strange and unnatural proposition; it is sheer villainy... On one side the malevolent forces are to establish their professed dogmas and on the other hand Parama Puruśa wants the all-round development of human intellect. Hence I call upon you to carry on a ceaseless and pactless fight against dogma. You are sure to be crowned with victory.	有些人宣稱女人沒有資格得到靈性解脫；如果女人想要達到靈性的解脫，她們必須再生為男人。這是什麼荒謬的主張啊！萬物都是至上意識的子孫，有些是祂的兒子有些則是女兒。 難不成至上意識曾下令說，只有祂的兒子才有資格得到自在及究竟解脫，而祂的女兒則不然？這實在是一種奇怪又不合常理的主張，這是十足的惡行。…… 在一方面，邪惡力量強烈地要建立他們所謂的教條；在另一方面，至上意識想要人類智力的全面發展。所以我呼籲你們對教條作永不止息無條件的奮戰。你們一定會得到勝利。		Shrii Shrii Ánandamúrti | 26 January 1980 | 22 Fight Against All Dogmas – Excerpt C | The Awakening of Women	Shrii Shrii Ánandamúrti | 1980年1月26日 | 1-3-7 向所有教條宣戰(C) | 女性的覺醒	768	226
pair_0128_1957_063_240420	0128_1957_063_240420.txt	Only that person who remains free from all superstitions and moves towards the Supreme Entity with genuine devotion, and one-pointed ideation on Him, and whose inner soul runs unhindered towards the Cosmic Soul, attains Him, attains everything in life, and attaining Him gets merged in Him.	唯有不盲目崇拜並以真正的虔誠之心向至上本體前進，以祂為唯一目標且內在靈魂無懼任何險阻，勇敢邁向至上靈魂之人終能達到祂，圓滿生命中的一切，最後融入於祂。		28 January 1957 DMC, Muzaffarpur | The Expansion of the Microcosm, Subháśita Saḿgraha Part 5	1957年1月28日於Muzaffarpur大法會 | 小宇宙的擴展，靈性科學集成卷5，P.63	290	75
pair_0128_1957_076_231102	0128_1957_076_231102.txt	But not all physical entities are converted into Consciousness. Where the vital energy and mind are not developed the entity will have to follow the path of stagnation and can only be established in Consciousness after arousing the vital energy and mind.	並非所有的物質實體都能轉變成為意識。當生命能量和心靈不開展時，那實體就必須遵循惰性的道路，唯有喚醒生命能量和心靈者能夠立足於意識。		03 The Expansion of the Microcosm | 28 January 1957 DMC, Muzaffarpur | Subháśita Saḿgraha Part 5	03 小宇宙的擴展 | 1957年1月28日於Muzaffarpur大法會 | 靈性科學集成 卷5，P.76	254	65
pair_0128_1957_085_240227	0128_1957_085_240227.txt	He is the veritable Shiva, blessedness personified. Whatever He does, He does for all. Just as parents sometimes have to punish their children and cause them to weep to rectify their bad habits, similarly Parama Puruśa leads human beings to supreme blessedness through trials and tribulations. If once you can know Him, you will attain bliss.	祂是名副其實的希瓦──神聖喜悅的化身。祂所做的一切都是為了眾生。就像父母有時會處罰小孩，讓他們哭泣以導正他們的行為，至上意識也會以考驗和磨練來引導人類走向真正的福祉。只要你了悟祂，必得喜悅。		28 January 1957 DMC, Muzaffarpur | The Expansion of the Microcosm, Subháśita Saḿgraha Part 5	1957年1月28日於Muzaffarpur大法會 | 小宇宙的擴展，靈性科學集成卷5，P.85	343	95
pair_0128_1957_088_240517	0128_1957_088_240517.txt	The only duty of a person seeking liberation is to become one with Him. On attaining Him the bondages of fear and decay and death, of hatred and apprehension, etc., will be shattered beyond recognition.	尋求解脫之人的唯一要務就是與祂合一；得到祂，所有恐懼、腐朽、死亡、憎恨和憂慮的束縛將一一被粉碎而消失於無形。		Shrii Shrii Ánandamúti | 28 January 1957 DMC, Muzaffarpur | The Expansion of the Microcosm, Subháśita Saḿgraha Part 5	Shrii Shrii Ánandamúti | 1957年1月28日於Muzaffarpur大法會 | 小宇宙的擴展，靈性科學集成卷5，P.88	202	54
pair_0128_1957_090_250411	0128_1957_090_250411.txt	The rhythm in which the vibrational flow of the Cosmic Mind vibrates the annamáya kośa of individual microcosms – veins, nerves, arteries, blood, lymph, etc. – is the initial stage of the divine Cosmic sound. When this sound is heard in the annamáya kośa it resembles that of a cricket. When this Cosmic sound vibrates the kámamaya kośa it resembles the sound of ankle bells. In the manomaya kośa it resembles a flute (the mystic sádhakas of the Vaeśńava cult describe it as the sound of Lord Krśńaʼs flute); in atimánasa kośa, the resonance of a gong; in vijiṋánamaya kośa, the buzzing of bees or the rolling of ocean waves; and in hirańmaya kośa, a prolonged oṋḿ sound.	振動在個體小宇宙肉身層次的宇宙心靈波韻律，如靜脈、神經、動脈、血液、淋巴液等，是神聖宇宙音聲最初始的階段。這些聲音在肉身層次聽起來像是蟋蟀聲；振動在粗鈍心靈層次的宇宙音聲聽起來就像是腳踝鈴聲；在精細心靈層次像是笛聲（維識努信仰密傳法門的靈修聖者將此聲音形容成上主克里斯那的笛聲）;在超心靈層次則像是銅鑼的共鳴聲；在下意識心靈層次像是蜜蜂的嗡嗡聲或海潮滾動的聲音；在致因心靈層次則是拉長的唵聲。		Shrii Shrii Ánandamúrti | 28 January 1957 DMC, Muzaffarpur | 03 The Expansion of the Microcosm | Subháśita Saḿgraha Part 5	Shrii Shrii Ánandamúrti | 1957年1月28日於Muzaffarpur大法會 | 03 小宇宙的擴展 | 靈性科學集成 卷5，P.90	692	196
pair_0128_1957_093_231109	0128_1957_093_231109.txt	This Supreme Entity lies hidden in the existential feeling of each individual as its witness. He is reflected on the mirror of the buddhitattva (existential “I”) of every entity. One who has made this reflecting mirror spotless through the constant practice of sádhaná can better understand the glory of this Entity. Those who have known this Entity have attained immortality.	至上本體以見證者的身分隱藏於每個個體的我覺裡。祂被反映在每一實體的我覺明鏡上。透過持續有恆的靈性修持，去除反映鏡上的污垢，則能對此實體的偉大有較深的了解。了悟此實體之人將達到不朽的境界。		Shrii Shrii Ánandamúrti | 28 January 1957 DMC, Muzaffarpur | 03 The Expansion of the Microcosm | Subháśita Saḿgraha Part 5	Shrii Shrii Ánandamúrti | 1957年1月28日於Muzaffarpur大法會 | 03 小宇宙的擴展 | 靈性科學集成卷五  P.93	378	93
pair_0128_1958_000_260128	0128_1958_000_260128.txt	With the decreasing economic dependence of women on men, the inequity of the dowry system will cease to exist. But to expedite this process, it is essential to propagate high ideals among young men and women. Our sons and daughters are not commodities like rice, pulse, salt, oil or cattle that they can be haggled over in the marketplace.	隨著女人仰賴男人程度的降低，嫁妝制度的不平等將不再存在。但是為了加速這個過程，重要的是對年輕的男女宣揚崇高的理想。我們的兒女並不是商品，可像稻米、豆子、鹽、油或牛隻一般在市場上討價還價地販賣。	Con la progressiva diminuzione della dipendenza economica delle donne dagli uomini, l’iniquità del sistema della dote cesserà di esistere. Tuttavia, per accelerare questo processo, è essenziale diffondere ideali elevati tra i giovani uomini e le giovani donne. I nostri figli e le nostre figlie non sono merci come riso, legumi, sale, olio o bestiame, da contrattare nel mercato.	Shrii Shrii Ánandamúrti | 28 January 1958 RU, Trimohan | 11 Dowry and Marriage – Excerpt A | The Awakening of Women	Shrii Shrii Ánandamúrti | 1958年1月28日於Trimohan文藝復興演講 | 1-2-2 嫁妝與婚姻(A) | 女性的覺醒	339	96
pair_0128_1980_102_240616	0128_1980_102_240616.txt	When the human intellect becomes ardently eager to venture into a new enterprise in the psychic sphere, dogma again comes into the picture and insists, “Oh, no! You must not do like this. It will bring about your ruin.” Thus, in every sphere, at every step, dogma puts a blockade on the human mind, on the human intellect.	當人類智力熱切渴望進入心智層面的新領域，教條又再度降臨，堅持認為：「哦！萬萬不可！你不可以這麼做，你會毀了你自己。」教條就像這樣，在每一層面、每一步伐上將人類的心靈、心智封鎖得死死的。		Shrii Shrii Ánandamúrti | 28 January 1980 | Liberation from Staticity | Ánanda Vacanámrtam Part 18	Shrii Shrii Ánandamúrti | 於1980年1月28日 | 擺脫惰性束縛， | 完美生命的實踐，P.102	322	92
pair_0129_1980_216_260129	0129_1980_216_260129.txt	The history of the human race should be written according to the inherent special characteristics of human beings. Only then will we know how successful the human beings of the past were in developing their latent noble qualities, and how much they have progressed today. A handful of people out of millions may reach the pinnacle of progress and provide inspiration for thousands of others, but this will not benefit the entire human race. We will have to be particularly persevering to ensure that the special characteristics, that is, the innate dharma, of all people are fully developed.	人類種族的歷史應該根據人類天生的特質來編寫。只有那樣，我們才能知道過去的人類在發展他們潛在的高貴特質是多麼地成功，並且到了今天他們到底有多大的進步。百萬人中的一小撮人可能達到成功的顛峰並給予千餘人鼓勵，但是這樣不會帶給整個人類種族利益，我們必須堅定不移地保證此所有人類內在法性的特質能完全地發展。	La storia della razza umana dovrebbe essere scritta in base alle caratteristiche speciali intrinseche degli esseri umani. Solo allora sapremo quanto successo abbiano avuto gli esseri umani del passato nello sviluppare le loro nobili qualità latenti e quanto progresso sia stato compiuto fino a oggi. Un pugno di persone, tra milioni, può raggiungere il vertice del progresso e offrire ispirazione a migliaia di altri, ma questo non porterà beneficio all’intera razza umana. Dovremo essere particolarmente perseveranti nell’assicurare che le caratteristiche speciali, cioè il dharma innato, di tutte le persone siano pienamente sviluppate.	Shrii Shrii Ánandamúrti | 29 January 1980, Patna | 15 Let History Be Rewritten | Discourses on Neohumanist Education	Shrii Shrii Ánandamúrti | 1980年1月29日於Patna | 2-6 讓歷史重寫 | 新人道主義文集，P.216	591	148
pair_0130_1971_000_260130	0130_1971_000_260130.txt	Whatever thoughts any small child, or boy or girl, or adolescent, youth, middle-aged person or old person may have in their individual lives, in family life it is the responsibility of the guardians of the family to control them. Children are generally like their parents. But the overall responsibility of guardianship lies with the samája gurus. They should see that no oneʼs thoughts cross the line from that which it would be better to forsake, to that which is actually punishable. And as in individual life, so in social life, the samája gurus should see that the collective thinking does not cross the line from that which it would be better to forsake, to that which is actually punishable. If, in spite of everything, peopleʼs defective thoughts do reach the stage of punishability, indiscipline will affect the entire social structure. To put an end to the indiscipline and restore order to social life is the major responsibility of a sadvipra. For this reason there is no place for carefree relaxation in a sadvipraʼs life. A sadvipra has to bear, and staunchly bear, the entire responsibility of protecting society. If the mentality of any group of the society reaches the punishable stage, sadvipras will have to form another and more disciplined group.	不論是幼兒、小男生、小女生、青少年、青年、中年人或銀髮族，不管什麼人在他們個人的生命中有過什麼念頭，在家庭生活中，家長就該負起管束的責任，因為通常孩子會像他們的父母。社會層面的生命和個體生命相同，全體社會監護的責任在社會導師(samája gurus)的身上，他們應該看管好每個人的思想，同時也應看管好集體的思潮，不讓任何人的思想或集體的思潮越過被處罰的界線。個人不好的思想如果到達該受處分的階段，那種違法亂紀的惡行將對整個社會結構造成影響。結束此種惡行並恢復社會的秩序則是完美道德智士主要的任務，因此，對完美道德智士而言，生命無一刻是可安逸放縱、樂活輕鬆的。完美道德智士必須堅定的扛起保護社會的所有責任。社會中任何一個團體的想法如果踰越了被處罰的界線，那麼完美道德智士就必須組織另一更有紀律的團體以對抗。	Qualunque siano i pensieri che un bambino piccolo, un ragazzo o una ragazza, un adolescente, un giovane, una persona di mezza età o un anziano possano avere nella loro vita individuale, nella vita familiare spetta ai tutori della famiglia la responsabilità di controllarli. I figli, in genere, somigliano ai genitori. Tuttavia, la responsabilità complessiva della tutela ricade sui samāja guru. Essi devono vigilare affinché i pensieri di chiunque non oltrepassino il confine tra ciò che sarebbe meglio abbandonare e ciò che è effettivamente punibile. E come nella vita individuale, così anche nella vita sociale, i samāja guru devono fare in modo che il pensiero collettivo non oltrepassi il confine tra ciò che sarebbe meglio abbandonare e ciò che è realmente punibile. Se, nonostante tutto, i pensieri difettosi delle persone giungono allo stadio della punibilità, l’indisciplina finirà per intaccare l’intera struttura sociale. Porre fine all’indisciplina e ristabilire l’ordine nella vita sociale è la principale responsabilità di un sadvipra. Per questa ragione, nella vita di un sadvipra non c’è spazio per un rilassamento spensierato. Un sadvipra deve assumersi, e assumersi con fermezza, l’intera responsabilità della protezione della società. Se la mentalità di un qualsiasi gruppo della società raggiunge il livello della punibilità, i sadvipra dovranno formare un altro gruppo, più disciplinato.	Shrii Shrii Ánandamúrti | 30 January 1971 morning, Calcutta | 02 “Tadátmánaḿ Srjámyaham” | Discourses on Krśńa and the Giitá	Shrii Shrii Ánandamúrti | 1971年1月30日晨於加爾各答 | 42 上主應世現身 | 生命的真諦‧薄伽梵歌	1269	353
pair_0201-0000_0000_010_240224_260201	0201-0000_0000_010_240224_260201.txt	The zealous and intelligent spiritual aspirant is to suspend his sensory feelings into the crude mind; those of the crude mind are to be guided, are to be diverted, unto the subtle mind, the working mind, the individual ego; those of the individual ego are to be guided, are to be diverted, towards the pure ‘I’ feeling; and the pure ‘I’ feeling should become one with the pure cognition. This process of merger may be effected with the help of jiṋána, karma and bhakti.	真誠和聰明的修行者會收攝感官的作用於粗鈍心靈裡，並引導粗鈍心靈的作用融入個體自我感作用的精細心靈中，繼而再予以導向純粹的我覺，而純粹我覺則應與純粹認知力合而為一。這種融入的過程可藉由知識法門、行動法門和虔誠法門之助而完成。	L’aspirante spirituale zelante e intelligente deve sospendere le proprie sensazioni sensoriali nella mente grossolana; le sensazioni della mente grossolana devono essere guidate, devono essere indirizzate, verso la mente sottile, la mente operante, l’ego individuale; le sensazioni dell’ego individuale devono essere guidate, devono essere indirizzate, verso il puro sentimento dell’“io”; e il puro sentimento dell’“io” deve diventare uno con la cognizione pura. Questo processo di fusione può essere realizzato con l’aiuto di jñāna, karma e bhakti.	Shrii Shrii Ánandamúrti | Date not known | 02 The Best Process | Ánanda Vacanámrtam Part 34	Shrii Shrii Ánandamúrti | 日期未知 | 02 最佳途徑 | 喜悅甘露集 卷11，P.10	472	111
pair_0203_0000_0000_152_240923_260203	0203_0000_0000_152_240923_260203.txt	You are being propelled now by your sádhaná. Sádhaná is an important aspect of human existence. But dharma is that which protects your sádhaná. Without dharma there is no sádhaná, without sádhaná there is no dharma. The two are interdependent. They move together. So you have to be a dhármika. You have to follow your true nature. By following your true nature you become a true spiritual aspirant. By becoming a true spiritual aspirant you know God in yourself. You know that truth in yourself. That is what your life is to be.	你受到靈性修持的驅策，靈性修持是人類生存的一個重要面向，而法性則是用以保護你的靈性修持。沒有法性，就不會有靈性修持，反之亦然，兩者相輔相成，併肩齊行。所以，你必須是法性的遵行者，必須依照真正的法性特質而行，如此你方堪稱為真正的靈性修持者。當你成為真正的靈性修持者時，你就會在你的內在了悟到上主。你會知道真理不假外求，就在你的裡面。這才是你的人生。		Shrii Shrii Ánandamúrti | Date not known | 28 Dharma Sádhaná | Ánanda Vacanámrtam Part 31	Shrii Shrii Ánandamúrti | 日期未知 | 28 法性修持 | 喜悅甘露集 卷9，P.152	539	173
pair_0204_1955_000_231002	0204_1955_000_231002.txt	You are free to act, but you are bound to undergo the reaction.	你可以自由的行動，但是你一定要承受其反作用力。		Shrii Shrii Ánandamúrti | Mághii Púrńimá 1955 DMC | 10 Yajiṋa and Karmaphala | Subháśita Saḿgraha Part 1	Shrii Shrii Ánandamúrti | 1955年2月4日Mághii滿月日大法會 | 10 行動及其結果 | 靈性科學集成 卷1	63	23
pair_0204_1955_010_241120	0204_1955_010_241120.txt	One has to be actions-free in order to merge into “Iishvara”. But we have seen above that so long as Prakrtiʼs dominance prevails, it is not possible to be actions-free. By merely relinquishing the desire or pursuit of the fruits of action it is hard to get rid of the vanity of a doer, of the idea that “I do”, in so far as we cannot extricate ourselves from the objects of our actions or from the contemplation of accomplishment. To avoid these, one has to always contemplate that one is a machine and Brahma alone is the machine operator who gets the work done through this machine.	我們必須不受行動的束縳，方能與至上的控制者合而為一。但從上述所言看來，只要宇宙力量佔了優勢，就無法沒有行動。只是放棄對行為結果的渴望或追求，而無法將自身從行為的目的中或從對成就的念念不忘裡擺脫出來，則很難去除掉行為者的虛榮感或是「我做」的這個念頭。為了避免這些，我們必須總是想著：我們只是機器，只有至上意識是機器的操作者，祂透過這部機器來完成工作。		Shrii Shrii Ánandamúrti | Mághii Púrńimá 1955 DMC, Bhagalpur | 01 Actions and Their Results (Karma and Karmaphala) | Ananda Marga Karma Yoga in a Nutshell	Shrii Shrii Ánandamúrti | 1955年2月4日Mághii滿月日於Bhagalpur大法會 | 01 行動結果和解脫 | 行動瑜伽的智慧，P.10	585	174
pair_0204_1955_011_251023	0204_1955_011_251023.txt	The belief has to be developed that Brahma is only served or chosen by Brahma. That is, Brahma inspires us to donate and again receives the same through others. It is simply by the grace of Brahma that we act and have the favourable opportunity of performing this act. It is possible to avoid the doerʼs vanity or kartrtvábhimána tyága by developing this belief.	必須發展出只有至上意識服務至上意識，或是只有至上意識選擇至上意識的信念。那就是祂鼓舞我們佈施，而祂再次由受施者處收到同樣的結果。也就是由於祂的恩典我們才能行動，也才有絕佳的機會來從事這個行動。藉由發展這種信念，即可避開行為者的虛榮，亦即捨棄從事行為的虛榮心。		Shrii Shrii Ánandamúrti | Mághii Púrńimá 1955 DMC, Bhagalpur | 01 Actions and Their Results (Karma and Karmaphala) | Ananda Marga Karma Yoga in a Nutshell	Shrii Shrii Ánandamúrti | 1955年2月4日Mághii滿月日於Bhagalpur大法會 | 01 行動結果和解脫 | 行動瑜伽的智慧，P.11	365	129
pair_0204_1955_011_251030	0204_1955_011_251030.txt	However all is not over by renouncing the desire or abandoning the doerʼs vanity. So long as Prakrti is active, rajoguńa is there, causing actions. Doing any act means being caught by the cycle of action and reaction. What is the way out? The only way is to surrender all actions to Brahma and to ideate that every action is performed by Brahma. Such actions will not be called our own. The actions have been performed by Brahma alone and their consequences, whether good or bad, will be borne by Brahma alone. In that case we have no separate identity.	然而只是捨棄對行為結果的欲望或放棄行為者的虛榮心，事情仍尚未結束。只要宇宙力量仍然活躍，變性的力量就會繼續產生行動。從事任何的行為，意指陷於行為和反作用力的循環中。其解決之道是什麼呢？唯一的方法就是將所有行為臣服於至上意識，並且視一切行為都是由至上意識所做，如此才不會被說成是自己所做的行為。它們的結果不論是好或壞，都將只由至上意識來承擔，在此情形下，我們與祂是一體的。		Shrii Shrii Ánandamúrti | Mághii Púrńimá 1955 DMC, Bhagalpur | 01 Actions and Their Results (Karma and Karmaphala) | Ananda Marga Karma Yoga in a Nutshell	Shrii Shrii Ánandamúrti | 1955年2月4日Mághii滿月日於Bhagalpur大法會 | 01 行動結果和解脫 | 行動瑜伽的智慧，P.11~12	554	185
pair_0204_1955_016+037_240724_Mághii滿月日	0204_1955_016+037_240724_Mághii滿月日.txt	Salvation means the eternal emancipation from this very Karma or Yajiṋa. Ordinarily Yajiṋa is of four kinds: Bhúta Yajiṋa, Nr Yajiṋa, Pitr Yajiṋa and Adhyátma Yajiṋa. Yajiṋa is performed to achieve emancipation from the consequences of action and to annihilate the Unit “I”. The fourfold services enumerated under Nr yajiṋa can be easily be performed by anyone. Every human being gets more or less opportunity for rendering services.	解脫意指永遠的從行動(Karma或Yajiṋa)中解放出來。通常行動(Yajiṋa)分為四種：對宇宙萬有的服務(Bhúta Yajiṋa)、對人類福祉的服務(Nr Yajiṋa)、對祖先和古聖先賢致敬(Pitr Yajiṋa)和對至上的服務(Adhyátma Yajiṋa)。 從事行為是為了要消除個體之「我」，並從行為的結果中得到解脫。任何人都可以輕易從事對人類福祉服務中所列舉的四種服務，每人多少都會有從事服務的機會。		Shrii Shrii Ánandamúrti | Mághii Púrńimá 1955 DMC | 02 Yajiṋa and Karmaphala | Ananda Marga Karma Yoga in a Nutshell	Shrii Shrii Ánandamúrti | 於1955年2月4日Mághii滿月日大法會 | 02 行動及其結果 | 行動瑜伽的智慧，P.16、37	443	211
pair_0204_1955_022_251113	0204_1955_022_251113.txt	At the time of rendering service, you should feel that object of service is Náráyańa or God and that you are a spiritual aspirant. With such feelings there is no room for conceit. Conceit causes the fall of human beings. To get rid of conceit we will have to regard the object of our service as Náráyańa. When you render service to anyone you must mentally address them with sincere devotion. “O Lord, O Náráyańa! Oblige me by accepting my services. You are merciful to me, and for this reason you have appeared before me as a living being to offer this very precious opportunity of rendering service to You.” By maintaining such sentiments, conceit will not arise in you, nor will you be bound by the reactions of your actions.	從事服務時，你應心懷服務的對象即是上帝，而你則是靈性的渴望者，內心有此胸懷則不會有自負感。自負會造成人的墮落，要消除自負，我們必須視所服務的對象是上帝(Narayana)。 當你為任何人服務時，內心須誠摯地念道：「哦！主啊！哦！上主那拉衍那！請接受我的服務。由於您對我的慈悲，您示現為生靈出現在我的面前，賜給我如此珍貴的機會來為您服務。」懷著這樣的胸懷，自負就不會在心中出現，你也不會受到行為的反作用力的束縛。	Nel momento in cui compiete un atto di servizio, dovreste sentire che l’oggetto del vostro servizio è Nārāyaṇa, o Dio, e che voi stessi siete aspiranti spirituali. Con tali sentimenti non rimane spazio per l’orgoglio. L’orgoglio causa la caduta degli esseri umani. Per liberarci dall’orgoglio dobbiamo considerare l’oggetto del nostro servizio come Nārāyaṇa. Quando offrite il vostro servizio a qualcuno, dovreste mentalmente rivolgervi a quella persona con sincera devozione: «Signore, Nārāyaṇa, concedimi la grazia di accettare il mio servizio. Tu sei misericordioso con me e, per questo motivo, sei apparso davanti a me come un essere vivente per offrirmi questa preziosissima opportunità di servirti.» Coltivando tali sentimenti, in voi non sorgerà orgoglio, né sarete vincolati dalle reazioni delle vostre azioni.	Shrii Shrii Ánandamúrti | Mághii Púrńimá 1955 DMC | 02 Yajiṋa and Karmaphala | Ananda Marga Karma Yoga in a Nutshell	Shrii Shrii Ánandamúrti | 1955年2月4日Mághii滿月日於Bhagalpur大法會 | 02 行動及其結果 | 行動瑜伽的智慧	737	205
pair_0204_1955_023_241106	0204_1955_023_241106.txt	Wherever I look Hari is visible. To attain this stage is the consummation of the aspirantʼs efforts. By working with ideation of Brahma, you will gradually be able to perceive Brahma in everything. Why should ideation of Brahma or Hari be adopted? Before realizing this you will have to understand what Bháva signifies.	不論看向何處，所看到的都是至上意識(Hari)。靈性渴望者努力的圓滿成就即是達到此境界。工作時心懷至上意識，逐漸地你就能在一切事物中都感受到至上意識。為何要心懷至上意識呢？明白此點之前，必須先了解Bháva的意義。		Shrii Shrii Ánandamúrti | Mághii Púrńimá 1955 DMC | 02 Yajiṋa and Karmaphala | Ananda Marga Karma Yoga in a Nutshell	Shrii Shrii Ánandamúrti | 1955年2月4日Mághii滿月日於Bhagalpur大法會 | 02 行動及其結果 | 行動瑜伽的智慧，P.23~24	320	107
pair_0204_1955_025_251125	0204_1955_025_251125.txt	Spontaneous idea: In this case, the ideas spring from within and only the true ideas get expressed. This occurs while you are in Iishvara Prańidhána. Initially the feeling of “I am” certainly exists in the aspirantʼs mind. He or she feels that “I am practicing Sádhaná for a realization of Brahma.” In the method of Sádhaná prescribed of Ananda Marga, this feeling of “I am” having been developed and expressed spontaneously is then transformed into feelings of Brahma. This spontaneous idea is not easily understood by those who do not practice Sádhaná.	自發的理念：這種情形的理念來自內在，而且只有真正的理念會表達出來。當你在從事將心念安住於至上意識(Iishvara Prańidhána)的修法時，這種理念就會展現出來。 最初「我是」的感覺必然存於修行者心中，他會覺得：我是為了了悟至上意識而從事靈性的修持。阿南達瑪迦所傳授的靈性修持方法，會自然的發展並表達出這種「我是」的感覺，然後再轉換成對至上意識的感覺。這種自發的理念對那些不從事靈性修持的人而言是很不容易理解的。	Idea spontanea: in questo caso, i pensieri non sono imposti dalla volontà o dall’ambiente, ma nascono spontaneamente dal profondo della mente, e ciò che emerge è soltanto ciò che è autentico. Questa esperienza avviene durante Iishvara Pranidhána, quando la mente è concentrata interiormente. All’inizio, chi medita sente chiaramente il proprio “io”: percepisce sé stesso come colui che sta praticando il sadhana per realizzare Brahma. Ma, nel sadhana dell’Ananda Marga, questo senso iniziale di “io sono colui che pratica” — quando matura e si esprime in modo sempre più spontaneo — gradualmente si trasforma in un sentimento più ampio, in cui l’io individuale si fonde in un senso di unità con Brahma. Questa forma di idea spontanea è difficile da comprendere per chi non medita, perché appartiene a uno stato mentale molto sottile.	Shrii Shrii Ánandamúrti | Mághii Púrńimá 1955 DMC | 02 Yajiṋa and Karmaphala | Ananda Marga Karma Yoga in a Nutshell	Shrii Shrii Ánandamúrti | 1955年2月4日Mághii滿月日於Bhagalpur大法會 | 02 行動及其結果 | 行動瑜伽的智慧，P.25~26	562	210
pair_0204_1955_031_251216	0204_1955_031_251216.txt	Inculcate divine sentiment by saturating love wherever you have to perform Bhúta Yajiṋa, Nr yajiṋa, and Pitr yajiṋa. It is meaningless to love out of fear. Where there is no love, there cannot be complete surrender of the self and the yajiṋa is fruitless.	在任何需要你從事對萬有的服務、對人類福祉的服務以及對先人及古聖先賢致敬之處，都要以完全的愛並心懷神聖的情感來做。因恐懼而愛是沒有意義的，沒有愛就無法將自我完全臣服，而此項服務也將毫無結果。		Shrii Shrii Ánandamúrti | Mághii Púrńimá 1955 DMC | 02 Yajiṋa and Karmaphala | Ananda Marga Karma Yoga in a Nutshell	Shrii Shrii Ánandamúrti | 1955年2月4日Mághii滿月日於Bhagalpur大法會 | 02 行動及其結果 | 行動瑜伽的智慧，P.31	260	94
pair_0204_1955_033_250518	0204_1955_033_250518.txt	You should regard yourself as an instrument of Náráyańa and go on doing your work in a detached manner. Where a person is suffering from pain, you may ask whether they are only reaping the consequences of their actions and whether in these circumstances it is proper for you to serve them. The answer is very simple. I should not even think that he or she is reaping the consequences of actions. My purpose is to decide the intention with which I will act. I will have to think that in the pursuit of a particular design, Paramátman is suffering distress and in this way, He is giving me an opportunity to render service. Out of His grace He is obliging me by accepting my services. Náráyańaʼs designs are inscrutable, so you must look upon the distressed with divine sentiments.	你應將自己視為至上意識的工具，以不執著之心來從事你的工作。當一個人受苦時，你或許會問，他是否正遭受其因果的報應呢，在此情形下為他們服務是否適當？答案非常簡單，我根本不會去想他是否遭受到因果報應。我的目的只需決定要以什麼樣的心態去做。我會想至上意識以此方式遭受痛苦，祂讓我有服務衪的機會。由於祂的恩典，祂會藉由接受我的服務來幫助我，上蒼的計劃是不可思議的，所以你必須以莊嚴赤誠之心去看待那些遭受苦難的人。		Shrii Shrii Ánandamúrti | Mághii Púrńimá 1955 DMC | 02 Yajiṋa and Karmaphala | Ananda Marga Karma Yoga in a Nutshell	Shrii Shrii Ánandamúrti | 1955年2月4日Mághii滿月日於Bhagalpur大法會 | 02 行動及其結果 | 行動瑜伽的智慧，P.33	786	201
pair_0204_1955_034_251223	0204_1955_034_251223.txt	Where action yoga, penance or knowledge is affected with feelings of distinctions, arrogance is bound to come into play and individual distinctions are created. When an act is dedicated to Paramátman, its consequences are also dedicated to Him. The unit is neither the doer nor the bearer of the consequences. What is it to you then? Occasionally, an affectatious vanity is seen in the aspirant which is not meant for his or her personal end, but rather for the sake of Paramátman. This is called Sáttvika vanity. The vanity associated with selfless service is not derived from the mean unit “I” feeling, but from the feeling of Universal “I”. Rádhá says, Bandhu tomári garave garavinii hám Rúpasii tomári rúpe. “I pride in You. This beauty that Rádhá has belongs to You. It is your beauty which has given comeliness to Rádhá. Is it not that I receive the inspiration to act from you? You are the doer and You alone are the enjoyer.”	當行動、瑜伽、苦行或知識為分別心所影響時，自負勢必生起，個體的分別心也會產生出來。當行為是奉獻給至上意識時，它的結果也是奉獻給祂。個體既非行為者亦非行為結果的擁有者，那麼你究竟是什麼呢？有時修行者故意裝出自負的樣子，但這並不是為了個人的目的而是為了至上意識的緣故，這稱為悅性的自負。與無私服務結合一起的自負並非源自個體的「我」感，而是來自大宇宙的「我」感。拉達(Rádha)說道：Bandhu tomári garave garavinii hám Rúpasii tomári rúpe。我以您為豪。拉達(Rádhá)所擁有的美是屬於您的。就是您的美賜給了拉達美麗的容顏。難道我不是從您那裡得到從事行為的鼓勵嗎？您是行為者，也只有您是享受者。	Quando il karma yoga, la disciplina spirituale o la conoscenza sono accompagnati dal senso di essere “qualcuno di distinto”, nasce inevitabilmente l’arroganza e si rafforza il senso di separazione tra gli esseri. Quando invece un’azione è dedicata a Paramātman, anche i suoi frutti vengono affidati a Lui, senza appropriazione personale: l’individuo non è più né colui che agisce né colui che porta i risultati dell’azione. Che cosa resta allora da rivendicare come “mio”? Talvolta, nell’aspirante spirituale si manifesta una sorta di vanità apparente, che però non è rivolta al proprio interesse personale, bensì a Paramātman. Questa viene chiamata vanità sāttvica. La vanità associata al servizio disinteressato non nasce dal ristretto senso dell’“io” individuale, ma dal sentimento dell’“Io” universale. Rādhā dice: Bandhu tomāri garave garavinī hām Rūpasī tomāri rūpe. «Io mi glorio in Te. La bellezza che Rādhā possiede appartiene a Te. È la Tua bellezza che ha reso bella Rādhā. Non è forse da Te che ricevo l’ispirazione ad agire? Tu sei l’agente, e Tu solo sei il fruitore.»	Shrii Shrii Ánandamúrti | Mághii Púrńimá 1955 DMC | 02 Yajiṋa and Karmaphala | Ananda Marga Karma Yoga in a Nutshell	Shrii Shrii Ánandamúrti | 1955年2月4日Mághii滿月日於Bhagalpur大法會 | 02 行動及其結果 | 行動瑜伽的智慧，P.34~35	947	322
pair_0204_1955_035_240814_Mághii滿月日	0204_1955_035_240814_Mághii滿月日.txt	You should act precisely with this sentiment. The more a person works with feelings of detachment, the greater is his or her Godward speed and the more the “I” feeling is annihilated. The Unit “I” feeling will be completely annihilated by the time you are completely established in the divine feeling. Detached actions are the fight against the unit self and for the attainment of the Universal “I”.	您應以此心境來從事行動，人愈是以不執著之心做事，則其走向神性的速度也愈快，而「我」感也會消除得愈多。當你完全的立足於神性之境時，個體的「我」感也就完全消除了。對行為的不執著即是對抗個體小我達到宇宙大我的戰鬥。		Shrii Shrii Ánandamúrti | Mághii Púrńimá 1955 DMC | 02 Yajiṋa and Karmaphala | Ananda Marga Karma Yoga in a Nutshell	Shrii Shrii Ánandamúrti | 1955年2月4日Mághii滿月日於Bhagalpur大法會 | 02 行動及其結果 | 行動瑜伽的智慧，P.35	399	104
pair_0204_1955_036_241109_Mághii滿月日	0204_1955_036_241109_Mághii滿月日.txt	There are three processes for attaining freedom from the bondage of action: (1) relinquishing any desire for the fruits of action, or Phalákáḿkśá Tyága, (2) Abandoning the vanity of performing an act, or Kartrtvábhimána Tyága, and (3) surrendering all actions unto Brahma. All of these have to be followed in the individual life, but it must be kept in mind that they all have to be strictly observed. To be more explicit, these rules are the different aspects of one and the same process.	要從行動的束縛中達到自由有三步驟：（一）放棄對行為結果的任何渴望(Phalákáḿkśá Tyága)。（二）捨棄從事任何行為的虛榮心(Kartrtvábhimána Tyága)。（三）將所有的行為臣服於至上意識。在個人的生命中必須牢記也必須嚴格的遵守、奉行這些步驟。更明確的說，這些原則是同一方法的不同層面及其步驟。		Shrii Shrii Ánandamúrti | Mághii Púrńimá 1955 DMC, Bhagalpur | 03 Actions and Their Results (Karma and Karmaphala) | Subháśita Saḿgraha Part 1	Shrii Shrii Ánandamúrti | 1955年2月4日Mághii滿月日於Bhagalpur大法會 | 03 行動結果和解脫 | 靈性科學集成 卷1，P.36	498	160
pair_0204_1955_134_250514	0204_1955_134_250514.txt	Wherever I look Hari is visible. To attain this stage is the consummation of the aspirantʼs efforts. By working with ideation of Brahma, you will gradually be able to perceive Brahma in everything. Why should ideation of Brahma or Hari be adopted? Before realizing this you will have to understand what Bháva signifies. Bháva is where the mind is sanctified. All the ten directions are brightened by the rays of the sun of Love, and love is developed for the Supreme Brahma. The mind develops gentleness or tenderness. This is the aim behind treating the objects of service with ideation of Brahma.	不論看向何處，所看到的都是至上意識(Hari)。靈性渴望者努力的圓滿成就即是達到此境界。工作時心懷至上意識，逐漸地你就能在一切事物中都感受到至上意識。為何要心懷至上意識呢？明白此點之前，必須先了解Bháva的意義。 心靈聖潔之處即是巴伐(Bháva)。愛的陽光使十方世界充滿了光明，此愛是為至上意識而開展。心靈也變得親切和溫柔。這就是以心懷至上意識的理念來對待所服務對象之目的。		Shrii Shrii Ánandamúrti | Mághii Púrńimá 1955 DMC | 10 Yajiṋa and Karmaphala | Subháśita Saḿgraha Part 1	Shrii Shrii Ánandamúrti | 1955年2月4日Mághii滿月日大法會 | 10 行動及其結果 | 靈性科學集成 卷1，P.134~135	600	189
pair_0204_1955_143_260630	0204_1955_143_260630.txt	Where a person is suffering from pain, you may ask whether they are only reaping the consequences of their actions and whether in these circumstances it is proper for you to serve them. The answer is very simple. I should not even think that he or she is reaping the consequences of actions. My purpose is to decide the intention with which I will act. I will have to think that in the pursuit of a particular design, Paramátman is suffering distress and in this way, He is giving me an opportunity to render service. Out of His grace He is obliging me by accepting my services. Náráyańaʼs designs are inscrutable, so you must look upon the distressed with divine sentiments.	當一個人受苦時，你或許會問，他是否正遭受其因果的報應呢，在此情形下為他們服務是否適當？答案非常簡單：我根本不會去想他是否遭受到因果報應，我的目的只需決定要以什麼樣的心態去做；我會想至上意識以此方式遭受痛苦，祂又設計了一個特別的方式讓我有服務的機會。由於祂的恩典，祂會藉由接受我的服務來幫助我，上蒼的計劃是不可思議的，所以你必須以莊嚴赤誠之心去看待那些遭受苦難的人。	Quando una persona soffre, potreste domandarvi se non stia semplicemente raccogliendo le conseguenze delle proprie azioni e se, in tali circostanze, sia giusto servirla. La risposta è molto semplice. Non dovreste neppure pensare che quella persona stia raccogliendo le conseguenze delle proprie azioni. Ciò che dovete stabilire è l’intenzione con cui agirete. Dovrete pensare: «Nel realizzare un particolare disegno, Paramátman sta soffrendo e, in questo modo, mi sta offrendo l’opportunità di prestare servizio. Per Sua grazia, Egli mi concede il favore di accettare il mio servizio». I disegni di Náráyaṇa sono imperscrutabili; perciò dovete guardare le persone afflitte con sentimento divino.	Shrii Shrii Ánandamúrti | Mághii Púrńimá 1955 DMC | 10 Yajiṋa and Karmaphala | Subháśita Saḿgraha Part 1	Shrii Shrii Ánandamúrti | 1955年2月4日Mághii滿月日於Bhagalpur大法會 | 10 行動及其結果 | 靈性科學集成 卷1，P.143	679	182
pair_0204_1956_028_241025_Mághii滿月日	0204_1956_028_241025_Mághii滿月日.txt	The unit beings, due to ignorance, look upon these numerous animate and inanimate entities as finite expressions of that Infinite Entity. Later, in the process of cultivation of knowledge and action, they begin to understand that they are the multifarious expressions of that Infinite Entity. Still later when they reach the pinnacle of devotion they see the Supreme Entity is everything.	無知的個體把數不盡的生物、無生物當成無限本體的有限展現；爾後當透過正確的知識以及行動，有限的個體開始了解到他們是無限本體的多面向展現；最後當他們達到虔誠的極致時，他們看待萬事萬物皆是至上本體的顯現。		Shrii Shrii Ánandamúrti | Márgashiirśa Púrńimá, 1956 DMC, Monghyr | 02 Microcosm and Macrocosm | Subháśita Saḿgraha Part 5	Shrii Shrii Ánandamúrti | 1956年2月4日Márgashiirśa滿月日於Monghyr大法會 | 02 個體小宇宙和大宇宙心靈 | 靈性科學集成 卷5，P.28	388	99
pair_0204_1956_033_240312_Márgashiirśa	0204_1956_033_240312_Márgashiirśa.txt	The Entity whose thought-world is this vast universe is not only the Universal Witness but the Universal Controller too. Even the meanest of the mean, the nastiest of the nasty, and the most infernal insects are not deprived of His grace, are not beyond His controlling touch. Conversely, even the greatest of the great, the overlord of the sea-girt earth, and the most venerable and distinguished people are powerless before Him, behumbled by His awesome personality. The sweet springs of nectar flow at the behest of His towering personality.	浩瀚無垠的宇宙是宇宙本體所想像出來的世界，祂不只是宇宙的見證者，也是宇宙的控制者。即使是最惡劣、最卑鄙的人或最低下的昆蟲都不能被剝奪至上對他們的恩典，他們也不能跳脫至上的控制。相反的，甚至最偉大、最高的統領或最德高望重的人都臣服於祂，在祂的莊嚴下顯得卑微。甜美的甘泉因祂崇高的意旨而源源湧出。		Shrii Shrii Ánandamúrti | Márgashiirśa Púrńimá, 1956 DMC, Monghyr | Microcosm and Macrocosm | Subháśita Saḿgraha Part 5	Shrii Shrii Ánandamúrti | 1956年2月4日Márgashiirśa滿月日於Monghyr大法會 | 個體小宇宙與大宇宙心靈 | 靈性科學集成 卷5，P.33	544	146
pair_0204_1956_035_250907	0204_1956_035_250907.txt	To give a limited form to that unlimited entity is a grave error; to present crude offerings to the Supreme Entity is meaningless. For ideation on Brahma there is no need to spend even a cent. If the worship of Brahma was a very expensive affair then none but a handful of billionaires would have been able to do it. Sádhaná is the birthright of all people, just like light, air, and water; the Infinite Entity is the common patrimony of all, not the private property of any particular individual.	將無限的實體限制在有限形象的束縛裡是極大的錯誤，以粗鈍之物供養至上本體是毫無意義的。因為心中持念至上意識無需花費一分一毛。如果禮拜至上所費不貲，那麼只有億萬富翁才有錢做得到。靈性修持就像空氣、陽光和水，是每個人與生俱來的權利。無限的至上本體是眾生共同的財產，非某些特殊份子的私人財產。		Shrii Shrii Ánandamúrti | Márgashiirśa Púrńimá, 1956 DMC, Monghyr | 02 Microcosm and Macrocosm | Subháśita Saḿgraha Part 5	Shrii Shrii Ánandamúrti | 1956年2月4日Márgashiirśa滿月日於Monghyr大法會 | 02 個體小宇宙和大宇宙心靈 | 靈性科學集成 卷5，P.35~36	499	142
pair_0204_1956_043_240929_Márgashiirśa	0204_1956_043_240929_Márgashiirśa.txt	The Effulgent Entity is so vast that He is beyond your capacity of perception, so tiny that He is beyond your capacity of conception. If you think that He is very far from you, He will remain forever beyond your reach. If you think that He is near, He will be so near that you need not move even an inch to attain Him.	這燦爛的本體是如此廣大超越你感知的能力，如此微小以致你無法想像。如果你認為祂離你很遠，那麼祂將永遠在你所不及之處；如果你認為祂與你非常貼近，那麼祂比你認為的更為親近。		Shrii Shrii Ánandamúrti | Márgashiirśa Púrńimá, 1956 DMC, Monghyr | Microcosm and Macrocosm | Subháśita Saḿgraha Part 5	Shrii Shrii Ánandamúrti | 1956年2月4日Márgashiirśa滿月於Monghyr大法會 | 個體小宇宙和大宇宙心靈 | 靈性科學集成 卷5，P.43	318	83
pair_0204_1956_045_231023	0204_1956_045_231023.txt	To attain Him You will have to become like Him. He is devoid of the thought of enjoyment, He is bereft of all desires and volitions. To attain Him you will have to think of Him, to ideate and meditate on Him. There is no other way to become one with Him.	你必須像祂一樣，才能達到祂：祂沒有任何享樂的念頭，沒有意欲。你想達到祂就必須想著祂、念著祂，以祂為目標靜坐觀想祂，這是唯一可與祂合一的方法。		Shrii Shrii Ánandamúrti | Márgashiirśa Púrńimá, 1956 DMC, Monghyr | 02 Microcosm and Macrocosm | Subháśita Saḿgraha Part 5	Shrii Shrii Ánandamúrti | 1956年2月4日Márgashiirśa滿月日於Monghyr大法會 | 02 個體小宇宙和大宇宙心靈 | 靈性科學集成 卷5，P.45~46	254	70
pair_0204_1956_046_240816	0204_1956_046_240816.txt	Salvation and the attainment of Brahma are synonymous. Only those who are devoid of desires and volitions, only those who are unblemished, can embrace that Supreme Entity as their psychic pabulum. To attain salvation through supreme intuitional knowledge is only possible for those people.	解脫就是達到至上意識。沒有欲望、純淨無瑕之人才能擁抱至上意識，把至上本體當成心智食糧。這樣的人才可能透過無上的靈性直覺知識得到解脫。		Shrii Shrii Ánandamúrti | Márgashiirśa Púrńimá, 1956 DMC, Monghyr | 02 Microcosm and Macrocosm | Subháśita Saḿgraha Part 5	Shrii Shrii Ánandamúrti | 1956年2月4日Márgashiirśa滿月日於Monghyr大法會 | 02 個體小宇宙和大宇宙心靈 | 靈性科學集成 卷5，P.46	289	66
pair_0204_1956_046_250208	0204_1956_046_250208.txt	As one thinks so one becomes. If one thinks that one is a sinner or a thief one will actually become a sinner or a thief one day. Never allow such negative thoughts to take root in your mind. Whenever you think, think of the Supreme. Your greatness will be determined by the greatness of the object of your thought or ideation.	一個人怎麼想就怎麼變。如果你一直認為自己是罪人或小偷，終有一日你會真的變成罪人或小偷。絕對不要讓此種念頭在你心靈生根。你應該隨時隨地想著至上意識，你觀想持念對象的偉大程度決定了你的偉大。		Shrii Shrii Ánandamúrti | Márgashiirśa Púrńimá, 1956 DMC, Monghyr | 02 Microcosm and Macrocosm | Subháśita Saḿgraha Part 5	Shrii Shrii Ánandamúrti | 1956年2月4日Márgashiirśa滿月日於Monghyr大法會 | 02 個體小宇宙和大宇宙心靈 | 靈性科學集成卷5，P.46	327	93
pair_0204_1956_048_231116	0204_1956_048_231116.txt	The Supreme Entity is the Singular, Colourless Entity. Due to the influence of the sentient, mutative and static principles various colourful psychic expressions originate from Him. In fact the difference in the nature of the psychic emanations is the cause of the differences in their colourful expressions.	至上本體獨一無二、沒有顏色。由於受到悅性、變性、惰性三種法則的束縛，不同顏色的心智表達才源源自祂而來。不同的顏色代表不同性質的心智呈現。		Shrii Shrii Ánandamúrti | Márgashiirśa Púrńimá, 1956 DMC, Monghyr | 02 Microcosm and Macrocosm | Subháśita Saḿgraha Part 5	Shrii Shrii Ánandamúrti | 1956年2月4日Márgashiirśa滿月日於Monghyr大法會 | 02 個體小宇宙和大宇宙心靈 | 靈性科學集成 卷5 P.48	308	68
pair_0204_1956_049_260328	0204_1956_049_260328.txt	This Entity exists equally before creation, within creation and after creation. To this Supreme Entity our prayer is, “Guide our intellect and wisdom along the path of righteousness.” Human beings receive the necessary guidance to move along the path of righteousness from Saguńa Brahma. He creates diverse situations and provides constant inspiration to enable human beings to learn and move along the path of virtue. The awe-inspired human beings should pray to Him alone for the secret hints to move along the right path so that they can fulfil His desire as His willing instruments. He is the only hope and aspiration of all the microcosms of the universe.	至上本體同時存在於創造前、創造時以及創造之後。我們對這樣的本體只能如是祈禱：「請引導我們的聰明才智走上正確的道路吧！」人類從俱屬性至上本體處得到該有的指引，祂創造出各種情況讓我們學習並不斷地鼓舞人們沿著美德之道前行。受此偉大莊嚴所鼓舞的人們只應如是祈禱並沿此道努力前行，做為祂的工具圓滿祂的意願。祂是宇宙中所有小宇宙個體唯一的希望及激勵。	Questa Entità esiste ugualmente prima della creazione, all’interno della creazione e dopo la creazione. A questa Entità Suprema la nostra preghiera è: «Guida il nostro intelletto e la nostra saggezza lungo il sentiero della rettitudine». Gli esseri umani ricevono la guida necessaria per procedere sul sentiero della rettitudine da Saguńa Brahma. Egli crea situazioni diverse e fornisce un’ispirazione costante affinché gli esseri umani possano apprendere e avanzare sul cammino della virtù. Gli esseri umani, colmi di meraviglia e reverenza, dovrebbero rivolgersi unicamente a Lui, pregandolo di ricevere le indicazioni sottili che li guidino lungo il giusto cammino, così da poter realizzare il Suo volere come Suoi strumenti consapevoli. Egli è l’unica speranza e aspirazione di tutti i microcosmi dell’universo.	Shrii Shrii Ánandamúrti | Márgashiirśa Púrńimá, 1956 DMC, Monghyr | 02 Microcosm and Macrocosm | Subháśita Saḿgraha Part 5	Shrii Shrii Ánandamúrti | 1956年2月4日Márgashiirśa滿月日於Monghyr大法會 | 02 個體小宇宙和大宇宙心靈 | 靈性科學集成 卷5，P.49	661	169
pair_0204_1959_006_250718	0204_1959_006_250718.txt	The mighty Himalayas do not know that they exist, but for a tiny fly existence is quite real. This tiny fly has the potentiality to become a great personality one day in the course of evolution. The fly that you see today is a very insignificant creature, but after hundreds of thousands of years it may become a towering personality of great eminence – a mighty genius. Hence a wise person never despises anyone. There is nothing in the world to be despised, nothing to be slighted or belittled.	龐大的喜馬拉雅山不知道自身的存在，但對一隻小小的蒼蠅而言，活著是很真實的事，這隻小小的蒼蠅具有十足的潛力，在進化的歷程中將有朝一日變成偉大的人。你們今日所看到的蒼蠅是如此渺小微不足道，但在幾十萬年的進化演變後，它或許變成一個赫赫有名的大人物──一個偉大的天才。所以一個明智的人不應鄙視任何人。這世界上任何事物皆不該被渺視、被輕忽貶抑。		Shrii Shrii Ánandamúrti | Márgashiirśa Púrńimá 1959 DMC, Ranchi | 01 The Ascent of the Mind | Subháśita Saḿgraha Part 8	Shrii Shrii Ánandamúrti | 1959年2月4日Márgashiirśa滿月日於Ranchi大法會 | 01 心靈的提升 | 靈性科學集成 卷8，P.6	496	167
pair_0204_1959_009_260626	0204_1959_009_260626.txt	The development of intuition is possible only in living beings who undergo greater psychic clash. Intuition and the awakened kuńd́alinii (sleeping divinity) are indistinguishable. To arouse the kuńd́alinii through psychic clash and intuitional practice means to develop intuition. A person whose kuńd́alinii has awakened does not belong to the crude world of material enjoyment, but is a true citizen of the world of intuition.	唯有心智承受很大衝擊的生靈才能有直覺能力的發展。直覺和被喚醒的靈性沈睡能量(kuńd́alinii)幾乎一樣。藉由心智摩擦的衝擊力和直覺的鍛鍊喚起此一靈性沈睡的能量就是「靈性直覺的開展」。一個靈性沈睡能量被喚醒的人，不再是屬於粗鈍世界的物質享受之人，而是屬於真實靈性直覺世界的子民。	Shrii Shrii Ánandamúrti Pūrṇimā di Mārgaśīrṣa, 1959 – DMC, Ranchi L'elevazione della mente Subhāṣita Saṁgraha, Parte 8	Shrii Shrii Ánandamúrti | Márgashiirśa Púrńimá 1959 DMC, Ranchi | 01 The Ascent of the Mind | Subháśita Saḿgraha Part 8	Shrii Shrii Ánandamúrti | 1959年2月4日Márgashiirśa滿月日於Ranchi大法會 | 01 心靈的提升 | 靈性科學集成 卷8，P.9	430	141
pair_0204_1959_113_250228_Mághii滿月日	0204_1959_113_250228_Mághii滿月日.txt	While performing virtuous deeds people must consider themselves as instruments of the Lord. By ideating that the Cosmic Being is the actual doer, and by surrendering the fruits of all actions to Him, one will not have to undergo any reaction. The authorship of the actions will devolve on the Lord. On the one hand such virtuous deeds will greatly benefit the world, and on the other hand they will increase the number of good saḿskáras of Saguńa Brahma. As He already has so many, it will hardly make any difference to Him at all! The burden of His saḿskáras will not increase in any way. The stable energy in which saḿskáras lie embedded is called paráshakti (stable force of divinity) in intuitional science. As long as microcosms exist, action is a must. Thus all human beings should be persuaded to engage themselves in righteous deeds. If persuasion fails, they should be compelled to tread the virtuous path under pressure of circumstances.	當從事善行時，人們應把自己當成是上主的工具，藉著觀想至上本體才是真正的行為者，並將所有行為之成果臣服於祂，才不會有任何果報。把行為者的身分還給上主。善行一方面可利益眾生，另一方面此舉亦會增加俱屬性至上本體好的業力。既然祂已擁有許多，對祂而言並無差別！祂的業力重擔不會因此而增加。在直覺科學中，業力深植的能量稱為「宇宙神性力量」(paráshakti)。只要個體小宇宙存在，就一定會有行動，因此，所有的人皆應主動從事正當的行為，不然則應在環境的壓力下被強制走上道德之路。		Shrii Shrii Ánandamúrti | Mághii Púrńimá 1959 DMC, Patna | 07 The Macrocosm and the Microcosm – 2 | Subháśita Saḿgraha Part 7	Shrii Shrii Ánandamúrti | 1959年2月4日Mághii滿月日於Patna大法會 | 07 大宇宙心靈與個體小宇宙（二） | 靈性科學集成 卷7，P.113~114	955	234
pair_0205-0000_1955_004_260205	0205-0000_1955_004_260205.txt	The Cosmic Entity alone is infinite and eternal. It alone is limitless. And the eternal longing of human beings for happiness can only be satiated by realization of the Infinite. The ephemeral nature of worldly possessions, power and position can only lead one to the conclusion that none of the things of the finite and limited world can set at rest the everlasting urge for happiness. Their acquisition merely gives rise to further longing. Only realization of the Infinite can do it. The Infinite can be only one, and that is the Cosmic Entity. Hence it is only the Cosmic Entity that can provide everlasting happiness – the quest for which is the characteristic of every human being. In reality, behind this human urge is hidden the desire, the longing, for attainment of the Cosmic Entity. It is the very nature of every living being. This alone is the dharma of every person.	只有宇宙本體是無限、永恆的。而人類對快樂的無限渴求也只有藉著認知永恆才能得以滿足。世俗財物、權力及地位的短暫特性，帶給人唯一的結論即是：在此有限的世上，沒有一件東西可滿足人對快樂的永恆追求。獲得某些東西只會引起更進一步的渴求；只有了悟無限才能真正滿足此渴求。無限的東西只有一個，那就是「宇宙本體」(Brahma)。因此唯有宇宙本體能供給恆久的快樂，而人的本性就是在追求恆久的快樂。事實上，潛藏在人類欲望之後的即是那達到宇宙本體的渴望。這是每個生物的天性，也是人的法性。	Solo l’Entità Cosmica è infinita ed eterna. Solo Lei è senza limiti. E l’eterna aspirazione dell’essere umano alla felicità può essere appagata unicamente dalla realizzazione dell’Infinito. La natura effimera dei beni mondani, del potere e della posizione sociale conduce inevitabilmente alla conclusione che nulla di ciò che appartiene al mondo finito e limitato può placare l’inesauribile anelito alla felicità. Il loro conseguimento non fa che generare un desiderio ulteriore. Solo la realizzazione dell’Infinito può soddisfarlo. L’Infinito può essere uno solo, e questo è l’Entità Cosmica. Pertanto, soltanto l’Entità Cosmica può donare una felicità duratura – quella felicità la cui ricerca è caratteristica di ogni essere umano. In realtà, dietro questo impulso umano si cela il desiderio, l’anelito, di conseguire l’Entità Cosmica. Questa è la vera natura di ogni essere vivente. Questo soltanto è il dharma di ogni persona.	Shrii Shrii Ánandamúti | 1955, Jamalpur | 01 What Is Dharma? | Ananda Marga: Elementary Philosophy	Shrii Shrii Ánandamúti | 1955年於Jamalpur | 01 何謂法性 | 阿南達瑪迦：激揚生命的哲學，P.4	881	234
pair_0206-0000_0000_038_240508-260206	0206-0000_0000_038_240508-260206.txt	In this fight against avidyá shakti one must have sufficient weapons. You know, a soldier requires weapons, and sádhaná is a fight. In your internal sphere, that is, in your mind, you should have ten weapons. Those ten weapons are five Yama and five Niyama [moral principles]. And similarly, while fighting against evil forces in this crude physicality, you should have ultra-modern physical weapons also. Those who want disarmament and those who want to ban the atom bomb are not friends of human society. They do not want to accelerate the speed of human society. Rather they want to retard its progress. Weapons you must have, but you should have control over your body and mind. There must not be any abuse or misuse of your weapons.	在與無明離心力的抗戰中，人必須要有足夠的武器。你們知道，戰士需要武器，而靈性修持也是一種戰鬥。在內在，也就是你的心中必須具備十種武器。這十種武器就是內、外在行為控制準則(Yama/Niyama)。同樣的，在外在粗鈍的物質世界中，你也必須擁有超先進的武器裝備以抵抗外在邪惡的力量。那些希望裁減軍備和禁止原子彈的人非人類社會之友，他們並不想要人類社會加速進步，反而處處阻礙其進展。你們必須要有武器，但是你們應先控制你們的身、心，不可濫用或誤用你們的武器。	In questa lotta contro la avidyā śakti occorrono armi sufficienti. Un soldato ha bisogno di armi e il sādhana è una lotta. Nella vostra sfera interiore, cioè nella mente, dovete avere dieci armi. Queste dieci armi sono i cinque Yama e i cinque Niyama [principi morali]. Analogamente, mentre si combattono le forze malvagie nella cruda sfera fisica, occorre disporre anche di armi fisiche ultramoderne. Coloro che vogliono il disarmo e coloro che vogliono proibire la bomba atomica non sono amici della società umana. Essi non vogliono accelerare il progresso della società umana; al contrario, vogliono rallentarne l’avanzamento. Le armi sono necessarie, ma occorre avere controllo sul corpo e sulla mente. Non deve esserci alcun abuso o uso improprio delle armi.	Shrii Shrii Ánandamúti | Date not known | 05 I Have Become a Hero | Ánanda Vacanámrtam Part 34	Shrii Shrii Ánandamúti | 日期未知 | 05 成就自身為英雄 | 喜悅甘露集 卷11，P.38	740	225
pair_0207_1982_000_260207	0207_1982_000_260207.txt	For three bad features of human nature – singing oneʼs own praises more and more, trying to get others to praise oneself, and condemning others – the way to save oneself from these mental diseases is to do kiirtana at the top of oneʼs voice. If you do kiirtana, no such disease will get the chance to enter into you. None of them will get the opportunity to infect you.	三種人性劣質──不斷自吹自擂、企求他人阿諛奉承以及貶抑他人──救贖自己免於這些心理疾病的方法，就是大聲盡情唱頌Kiirtana。如果你唱跳Kiirtana，這些疾病就完全沒有機會侵染你，一個都沒有。	Tre cattive caratteristiche segnano la natura umana: cantare sempre più le proprie lodi, cercare di ottenere le lodi degli altri e condannare gli altri. Il rimedio a queste malattie mentali è praticare il kiirtana a piena voce. Se fai kiirtana, nessuna di queste malattie avrà la possibilità di entrare in te. Nessuna di esse avrà l’occasione di infettarti.	Shrii Shrii Ánandamúrti | 7 February 1982, Kolkata | 03 Parama Puruśa Is Mine | Ánanda Vacanámrtam Part 21	Shrii Shrii Ánandamúrti | 1982年2月7日於加爾各答 | 03 至上意識屬於我 | Ánanda Vacanámrtam Part 21	369	99
pair_0208_1979_160_250726	0208_1979_160_250726.txt	It is advised that one should acquire virtue (punyam) around the clock. Now the question is, what is virtue? By simply taking a dip in the waters of the Ganges will one acquire virtue? Of course not. Then what is virtue?  Aśt́ádashapuráńeśu Vyásasya vacanandvayam  Parópakárarah Puńyáya pápáya parapiiŕańam. Doing good to others is virtue; doing harm to others is sin. In this world there is no shortage of wicked people who have an innate desire to commit atrocities and harm others. What should the virtuous people do? They should acquire virtue by doing good to others, to the society, to the country, and to the masses. Their actions should promote the socio-economic well-being of the people in a skilled way.	忠告諸位，在二六時中分分秒秒裡皆應擁有美德。然而問題是，何謂美德？僅浸泡在恆河裡就能得到美德嗎？非也，那麼什麼是美德呢？Aśt́ádashapuráńeśu Vyásasya vacanandvayam  Parópakárarah Puńyáya pápáya parapiiŕańam。奉行眾善即是美德，傷害他人便是罪惡。世上有許多邪惡的人天生即有行惡或害人之心。具有美德者應何所為？他們應從善以待人、造福社會、國家，為所有的人民百姓謀福利，應以各種善巧方便來促進人們在社會和經濟上的福祉。		Shrii Shrii Ánandamúrti | 8 February 1979, Meerut | 07 What Should Human Beings Do? | Ánanda Vacanámrtam Part 8	Shrii Shrii Ánandamúrti | 1979年2月8日於Meerut | 160 諸惡莫作眾善奉行 | 喜悅甘露集 卷4，P.160~161	727	247
pair_0208_1981_000_260208	0208_1981_000_260208.txt	Kiirtana is an integral part of bhakti márga. During kiirtana devotees entreat Him, “Come, O Lord, come to me. Come and sit amongst us, your devotees. We will love You and sing kiirtana for You; we will adore You with all the warmth of our hearts.” This is the philosophical side of devotion. But the fundamental point is that the devotee will have to merge in the Lord. Initially it is dvaeta, because in the beginning there are two entities, the devotee and the Lord, but ultimately, when they become one, it is advaeta. That is why it is called dvaetádvaetaváda. As long as the devotees remain in the darkness of ignorance there is duality, but when their existence becomes illumined by the effulgence of divine knowledge by virtue of karma sádhaná, jiṋána sádhaná and bhakti sádhaná, they are said to be in the state of non-dualism.	靈性頌舞(Kiirtana)是虔誠之路不可或缺的部分。在唱跳Kiirtana時，虔誠者向祂懇求：「來呀，上主，到我這來，到我們這些虔誠者中坐下來。我們愛您、為您唱誦Kiirtana，以我們所有衷心的溫熱崇拜您。」這是虔誠在哲學層面的展現。但最根本的核心點在於虔誠者必須融入上主。最初是「二元」(Dvaeta)，因為起初存在虔誠者與上主，但最終兩者合而為一時便是「不二」(Advaeta)，這就是為什麼它被稱為「二元不二論」(Dvaetádvaetaváda)。只要虔誠者仍處於無明黑暗中，就存在二元性；當他們的生命因實踐行動、知識與虔誠靈修而散發出神聖知識的光輝時，他們便進入不二論的境界。	Il kiirtana è una parte integrante del bhakti mārga. Durante il kiirtana i devoti Lo implorano: «Vieni, o Signore, vieni a me. Vieni e siedi in mezzo a noi, tuoi devoti. Ti ameremo e canteremo il kiirtana per Te; Ti adoreremo con tutto il calore dei nostri cuori». Questo è l’aspetto filosofico della devozione. Ma il punto fondamentale è che il devoto deve fondersi nel Signore. Inizialmente si tratta di dvaita, perché all’inizio vi sono due entità, il devoto e il Signore; ma, in ultima analisi, quando diventano uno, si tratta di advaita. Per questo viene chiamato dvaitādvaitavāda. Finché i devoti rimangono nell’oscurità dell’ignoranza vi è dualità; ma quando la loro esistenza viene illuminata dallo splendore della conoscenza divina, grazie al karma sadhana, al jñāna sadhana e al bhakti sadhana, si trovano nello stato del non-dualismo.	Shrii Shrii Ánandamúrti | 8 February 1981, Calcutta | 20 Párthasárathi Krśńa and Dvaetádvaetaváda (Discourse 20) | Namámi Krśńasundaram	Shrii Shrii Ánandamúrti | 1981年2月8日於加爾各答 | 20 帕薩沙拉希．克里希那與二元不二論 | Namámi Krśńasundaram	847	295
pair_0210_1980_000_260210	0210_1980_000_260210.txt	You should know that the nature of the world is such that nowhere in it is there any permanence or freedom from struggle. There is always unrest and conflict. If anyone thinks that there should be peaceful coexistence, and that that is the greatest human treasure, they will be making a mistake. It is not the greatest human treasure, because it goes against jaeva dharma [the nature of living beings]... Vidyá and Avidyá do not exist side by side. They fight. Fortune and misfortune do not exist together either. Even the different aspects of auspicious power are in conflict with one another.	你們應知世界的本質就是戰鬥，永不止息的奮戰，它永遠都處在動盪不安和衝突中。如果有人認為應該可以和平共存，這種方式才是人類最珍貴的寶藏，那他們就錯了。那不會是人類最珍貴的寶藏，因為和平共存違反生靈法性(jaeva dharma)。…… 向心力和無明離心力絕不可能共存。它們必定交戰。幸運和不幸也不可能共存，即使都是好的力量，在不同層面間，它們一樣互相爭戰。	Dovete sapere che la natura del mondo è tale che in nessun luogo vi è permanenza o assenza di lotta. C’è sempre inquietudine e conflitto. Se qualcuno pensa che debba esistere una pacifica coesistenza e che questa sia il più grande tesoro umano, commette un errore. Non è il più grande tesoro umano, perché va contro il jaeva dharma [la natura degli esseri viventi] … Vidyā e Avidyā non esistono fianco a fianco. Esse combattono. Anche fortuna e sfortuna non coesistono. Persino i diversi aspetti del potere benefico sono in conflitto tra loro.	Shrii Shrii Ánandamúrti | 10 February 1980, Calcutta | 23 Spiritual Lessons of the Giitá – 2 | Discourses on Krśńa and the Giitá	Shrii Shrii Ánandamúrti | 1980年2月10日於加爾各答 | 23 薄伽梵歌的靈性教誨二 | 生命的真諦‧薄伽梵歌	596	177
pair_0211_1979_075_251106	0211_1979_075_251106.txt	No one should ever think, “I am a sinner, I have sinned”, but rather, “Whatever I may be, I certainly belong to Parama Puruśa. Whatever wealth I possess – in body, mind and soul – has been given by Parama Puruśa. I will make the best use of this to serve Him, to make Him happy. I have not come to this world for self-gratification, but for one purpose: to make the best use of the wealth that Parama Puruśa has bestowed on me by serving the progeny of Parama Puruśa in this expressed world. If I serve His creation, He will certainly be pleased with me.” Those who serve humanity, serve Parama Puruśa at the same time. To please Parama Puruśa one will have to serve humanity, serve His children. And while doing this one should be free of any kind of inferiority complex or sin. Whatever you may be, you belong to Parama Puruśa. Thus, do virtuous deeds from this very moment. This will surely bring about your well-being.	無論何時皆不應有人認為自己是罪人，而應想著自己不論是一個怎麼樣的人，都是屬於至上意識的。凡我身、心、靈所擁有的財富，都是至上意識所賜，我當以最佳的運用來服務祂，使祂快樂。我不是為了自己的快樂而來此塵世，來此只有一個目的：就是要把至上意識給與我的財富做最好的利用，來服務至上意識在此大千世界的子女。如果我服務祂所創造的萬有，祂一定會為我而高興。 那些服務人群之人，同時也服務了至上意識，要取悅至上意識，我們必須服務人群、服務祂的孩子。從事此種服務，一定會解除各種自卑情結或罪業。不論你是一個怎麼樣的人，你都是屬於至上意識。因此，就從這一刻起，開始默默行善，這一定會為你們帶來福祉。		Shrii Shrii Ánandamúrti | 11 February 1979, Makam | 08 Do Not Entertain Any Inferiority Complex | Ánanda Vacanámrtam Part 8	Shrii Shrii Ánandamúrti | 1979年2月11日於Makam | 2-6 享受犧牲，犧牲享受，人間菩薩 | 心燈錄‧慈悲的智慧，P.75	929	289
pair_0212_1984_000_260212	0212_1984_000_260212.txt	Under no circumstance can there be any Dharmic difference. Rather Dharmic people love all because to them everyone is the progeny of Parama Puruśa and this cosmos is His creation. That is why it is verily the duty of every Dharmic person to establish a relationship of love and affection with each being created by Him and to express that love by serving society. You shall always remember that you have come into this world for the practice of Dharma and to generate friendship, love and affection in the human society. Those who stick to the path of Dharma shall be victorious for eternity.	在任何情況下，法性不可能有所不同，遵循法性者愛所有的人，因為對他們而言每一個人都是至上意識的子孫，宇宙萬有都是祂創造出來的，這就是為什麼每一個遵循法性的人，他們真正的責任就是以慈愛之心對待祂所有的創造物，並藉著從事社會服務來傳播愛。 你必須永遠記住你來到世間的目的是要從事法性的鍛鍊和在人類社會傳播友誼、愛。那些堅守法性道路的人將會得到永遠的勝利。	In nessuna circostanza può esistere alcuna differenza dharmica. Al contrario, le persone dharmiche amano tutti, perché per loro ognuno è progenie di Parama Puruśa e questo cosmo è la Sua creazione. Per questo è davvero dovere di ogni persona dharmica stabilire un rapporto di amore e di affetto con ogni essere creato da Lui ed esprimere tale amore servendo la società. Dovete sempre ricordare che siete venuti in questo mondo per la pratica del Dharma e per generare amicizia, amore e affetto nella società umana. Coloro che rimangono saldi sul sentiero del Dharma saranno vittoriosi per l’eternità.	Shrii Shrii Ánandamúrti | 12 February 1984, Kanpur | 06 The Duty of a Spiritualist | Ánanda Vacanámrtam Part 22	Shrii Shrii Ánandamúrti | 1984年2月12日於Kanpur | 11 靈性之士的責任 | 行動與解脫的奧秘	593	174
pair_0212_1984_085_260506	0212_1984_085_260506.txt	Some people say that there is a difference of opinion amongst the various Dharma (religions). In reality, however, there cannot be any difference of opinion in Dharma, for Dharma is one for the entire human race. That Dharma is the endeavour to attain Parama Puruśa... The external desire of the human mind depends upon the theory of expansion (vistára). That alone is Dharma. That is why Dharma is for each and every human being; indeed, it is for the whole universe. The one Dharma for this earth and the entire cosmos as well, is to love Parama Puruśa and to rush towards Him because of that love. Dharma was one in the past, today it is also one, and even in the future it shall remain one.	有人說在各種不同的法性（宗教）裡，各有不同的觀點。然而事實上對法性而言不可能有不同的觀點和看法，因為全人類的法性只有一個而且是唯一的：人類的法性就是努力與至上意識合一。…… 人類心靈永恆的渴望，即是依於擴展的道理而來。唯有如此方是法性，所以法性是給與所有的人；事實上，法性是給全宇宙的，給與這個地球和全宇宙的法性是相同的，就是愛至上意識；並且因為這個愛，萬物都快速的朝祂前進。在過去法性是唯一的，現在也是如此，未來亦將如此，法性永遠是唯一的。	Alcuni affermano che vi siano differenze di opinione tra i vari Dharma (religioni). Ma in realtà nel Dharma non può esserci alcuna differenza di opinione, perché il Dharma è uno per l’intera razza umana. Questo Dharma è lo sforzo di raggiungere Parama Puruśa. La naturale tendenza espansiva della mente umana si fonda sulla teoria dell’espansione (vistára). Questo è Dharma. Per questo il Dharma appartiene a ogni essere umano; anzi, all’intero universo. L’unico Dharma per questa terra e per l’intero cosmo è amare Parama Puruśa e slanciarsi verso di Lui per effetto di quell’amore. Il Dharma era uno nel passato, oggi è uno e anche in futuro rimarrà uno.	Shrii Shrii Ánandamúrti | 12 February 1984, Kanpur | 06 The Duty of a Spiritualist | Ánanda Vacanámrtam Part 22	Shrii Shrii Ánandamúrti | 1984年2月12日於Kanpur | 11 靈性之士的責任 | 行動與解脫的奧秘，P.85~86	697	221
pair_0213_1989_000_260213	0213_1989_000_260213.txt	Until the people are educated, proper planning is not possible and mismanagement will continue. I am not saying you should make the people politically educated – it may or may not be possible for you to do this – but at least you should make them politically conscious.	除非民眾得到啟蒙，否則任何完善的規劃都無從談起，管理不善的亂象亦將延續。我並非要求你們必須普及政治教化──這對你們而言或許辦得到，也或許辦不到──但至少，你們應該點燃他們對政治的覺醒意識。		Shrii Shrii Ánandamúrti | 13 February 1989, Kolkata | 39 Bangladesh | Proutist Economics	Shrii Shrii Ánandamúrti | 1989年2月13日於加爾各答 | 39 孟加拉 | Proutist Economics	269	94
pair_0214_1957_000_260214	0214_1957_000_260214.txt	People are desperate to develop themselves, so if they are not guided onto the path of welfare by the sáhityikas, they will follow the path of evil. They have no time to count the waves as they sit on the shore of the sea of time. They do not and they will not sit quietly, suppressing their desires and propensities in the hope that some day someone will come and direct them onto the path of benevolence.	世人渴望自我提升，若文學創作者(Sáhityikas)未能導引福祉之路，他們就會墮入邪惡之途。他們坐在時間之海的岸邊，無暇細數波濤浪花；他們不會、也不願壓抑自己的渴望與潛能靜默地坐著，只寄望有朝一日有人指引他們走上仁善之路。	Gli esseri umani hanno un bisogno profondo di crescere, esprimersi e sviluppare le proprie capacità. Questa spinta non può essere bloccata o sospesa. Se la cultura – attraverso arte e letteratura – non offre orizzonti costruttivi, quella stessa energia può trovare sbocchi distruttivi. Le persone non restano ferme ad aspettare. Non possono reprimere indefinitamente desideri, passioni e impulsi sperando che, prima o poi, qualcuno indichi loro una direzione positiva. L’energia della vita cerca sempre una via di espressione.	Shrii Shrii Ánandamúrti | 14 February 1957 | 01 The Practice of Art and Literature | A Few Problems Solved Part 1	Shrii Shrii Ánandamúrti | 1957年2月14日 | 01 藝術與文學的實踐 | A Few Problems Solved Part 1	407	112
pair_0214_1957_013_260420	0214_1957_013_260420.txt	As the sense of subtle aesthetics developed in human beings in the course of evolution, a desire to create art also awakened in them. The artistʼs ideal is to be established in transcendentality beyond the bounds of the sensory world. So artists, or more precisely, worshippers of fine art, have to be spiritual aspirants if they want to move in the right direction. The cultivation of fine arts by those who have not developed spiritual sentiment or accepted the spiritual ideal as the goal of life is merely a mockery. Only those who look upon all worldly things from a spiritual perspective can realize in everything the blissful Transcendental Entity.	隨著人類的進化，精細的美學亦在人類中發展，對藝術創作的渴望也在人的心中覺醒。立足於超越感官世界的超覺之境乃藝術家之理想，故這些藝術工作者，或更精確地說，這些精細藝術的信仰者，如果他們想要在正確的道路上前進，則本身必須是一個靈性的渴望者。一個沒有發展靈性情感或以靈性理念為生命目標的人，就算有藝術的修養，也不過是藝術道上的冒牌貨。唯有以靈性精神看待萬事萬物者，方能在一切事物中了悟到此一充滿喜悅的超覺本體。	Con il progressivo sviluppo, nel corso dell’evoluzione, del senso estetico sottile nell’essere umano, si è risvegliato in lui anche il desiderio di creare arte. L’ideale dell’artista è stabilirsi nella trascendentalità, oltre i limiti del mondo sensoriale. Perciò gli artisti, o più precisamente i cultori delle arti raffinate, devono essere aspiranti spirituali se vogliono procedere nella giusta direzione. La pratica delle arti da parte di chi non ha sviluppato un sentimento spirituale o non ha assunto l’ideale spirituale come scopo della vita è soltanto una caricatura. Solo coloro che osservano tutte le cose del mondo da una prospettiva spirituale possono riconoscere, in ogni cosa, la beata Entità Trascendentale.	Shrii Shrii Ánandamúrti | 14 February 1957 | 02 Saḿgiita As Soft Expressions of Art | Saḿgiita: Song, Dance and Instrumental Music	Shrii Shrii Ánandamúrti | 1957年2月14日 | 1-2 音樂是藝術柔和的表達 | 音樂與靈性修持，P.13	655	202
pair_0214_1957_033_250505	0214_1957_033_250505.txt	The actual significance of the word sáhitya [loosely, “literature”] is inherent in the word itself. Sáhitya is defined as “that whose characteristic is to move with (sahita = ‘with’) the trends of life”. Sáhitya, literature, is not the invention of the superficial side of social life, nor is it the colourful spell of fantasy. Rather it is the portrait of real life, an external expression of the internal workings of the mind, a bold and powerful expression of the suppressed sighs of the human heart. In order to preserve the sanctity and prestige of its name, literature must maintain a rhythm that reflects the dynamic currents of society.	文學的梵文是「sáhitya」，其真正意義就蘊涵在這個字上，因為「sáhitya」這個字的特色是「一起行進」──和生命的潮流並肩而行。文學既不是社會生活的膚淺發明，也不是任何綺麗炫人的幻想；相反地，它是真實生活的寫照，是心靈內在深處的外在表現，是人類心中被壓抑之嘆息大膽而強烈的表現。為了保持其名字的聖潔與威信，文學一定要保持其律動與社會的動態趨勢同一步調。		Shrii Shrii Ánandamúrti | 14 February 1957 | 01 The Practice of Art and Literature | A Few Problems Solved Part 1	Shrii Shrii Ánandamúrti | 1957年2月14日 | 1-2 藝術和文學的實踐 | 新人道教育文集，P.33	647	179
pair_0216_1967_000_260216	0216_1967_000_260216.txt	Human beings are not merely destined to fill their bellies. There is much more to human life than that. Human beings are veritable children of God having a thirst for unlimited happiness. Limited physical wealth can never quench their infinite thirst. Obviously, their Práńa Dharma should provide them with the necessary ways and means to satisfy their unlimited hunger. Communism ignores the higher human and spiritual values of life. It lets the human soul stand unrecognized. The condition of human beings in todayʼs communist countries is no better than that of domestic cattle in dairy farms.	人類的使命絕非僅止於填飽肚子，人生的意義遠大於此。人類無疑為上主之子，渴望著無限的喜悅；有限的物質財富永遠無法熄滅無盡的渴求。他們的原力法性(Práńa Dharma)顯然應為他們提供必要的途徑與手段，以滿足無盡的渴求。共產主義忽略了生命中更高層次的人文與靈性價值，任意摧殘人性至模糊難辨，當今共產國家的人民處境並沒有好過乳牛畜牧場裡的牲畜。	Gli esseri umani non sono destinati semplicemente a riempire il proprio ventre. La vita umana è molto più di questo. Gli esseri umani sono veri figli di Dio, portatori di una sete di felicità illimitata. Una ricchezza fisica limitata non potrà mai placare la loro sete infinita. È evidente, dunque, che il loro Prāṇa Dharma deve offrire i mezzi necessari per soddisfare questa fame senza confini. Il comunismo ignora i valori umani e spirituali più elevati della vita. Non riconosce l’anima umana. La condizione degli esseri umani nei paesi comunisti odierni non è migliore di quella del bestiame allevato nelle fattorie da latte.	Shrii Shrii Ánandamúrti | 16 February 1967, Ranchi | 08 Práńa Dharma | Tattva Kaomudii Part 2	Shrii Shrii Ánandamúrti | 1967年2月16日於Ranchi | 08 原力法性 | Tattva Kaomudii Part 2（真理之光 卷2）	599	171
pair_0216_1971_100_250330	0216_1971_100_250330.txt	Oh spiritual aspirant, do not desire to be a philosopher, or an intellectual – become a devotee. Be one with Parama Puruśa, and make your existence meaningful in all respects through constant service and devotion to Him.	哦，靈性修持者啊！不要渴望成為哲學家或知識分子，做個虔誠者吧！與至上意識合而為一，並以忠貞不渝的服務和對祂的虔誠，使你各層面的存在都充滿意義。		Shrii Shrii Ánandamúrti | 26 February 1971 DMC, Jammu | 08 What Is the Way? | Subháśita Saḿgraha Part 11	Shrii Shrii Ánandamúrti | 1971年2月26日於Jammu大法會 | 08 何處是道路 | 靈性科學集成 卷11，P.100~101	221	71
pair_0218_1979_066_250803	0218_1979_066_250803.txt	Who is the liberator? The muktidátá should not be within the bondages of Prakrti, but He should maintain a close link with the expressed universe. That consciousness which maintains a close link with the expressed world is the muktidátá – who knows all the pains, all the sorrows, all the happiness, all the glories of he expressed universe. He should be one with the universe, otherwise He will not be in a position to realize the sorrows and pains of the suffering humanity.	誰才是解脫者呢？解脫者不應該受造化勢能的束縛，但祂又應該與此化現世界維持緊密的聯繫。與此化現世界維持緊密聯繫的至上意識就是解脫者──祂了知這顯現世界中所有的痛苦、悲傷、快樂和榮耀。祂與此世界應該是一體的，否則祂如何明白苦難人類的悲傷和痛苦。		Shrii Shrii Ánandamúrti | 18 February 1979 DMC, Bangalore | 06 Who Is the Liberating Entity of Human Society | Subháśita Saḿgraha Part 11	Shrii Shrii Ánandamúrti | 1979年2月18日於Bangalore大法會 | 06 人類社會的解脫者 | 靈性科學集成 卷11，P.66	480	120
pair_0218_1988_000_260218	0218_1988_000_260218.txt	Human society is one and indivisible. A human being cannot live alone. If a person wants to drink water from a well, he or she needs a rope and a bucket, and to tie the rope one needs a hook. For all these things, the help of the others is indispensable... So, it is always better for people to work together as far as possible – the more that human beings work together, the better it is. If this principle is not followed the spirit of society will be broken, adversely affecting the very existence of human beings. People have to eat food individually – another person cannot eat your food for you – however a meal can be shared collectively. Where individuality dominates human life, the environment, the welfare of different groups and even the continued existence of humanity may be adversely affected.	人類社會是一體而不可分割的，人是無法離群索居的。如果有人要從井中汲水來喝，他就要有一條繩子、一個水桶，以及能綁上繩子的鉤子。要獲得這些東西，他人的幫助是不可或缺的。…… 所以，人們要是愈能在一起工作便愈好。如果不遵守這個原則，那麼社會的精神便會瓦解，對於人類的生存本身會產生惡劣的影響。吃飯時只能自己吃自己的，別人不能代勞，但是一頓飯，卻可以由大家一起共享。只要是讓個體性主宰人類的生活，則環境、不同團體的福利、甚至是人類持續生存與否，都會受到惡劣的影響。	La società umana è una e indivisibile. Un essere umano non può vivere da solo. Se una persona vuole bere acqua da un pozzo, ha bisogno di una corda e di un secchio, e per legare la corda occorre un gancio. Per tutte queste cose, l’aiuto degli altri è indispensabile… Dunque, è sempre meglio che le persone lavorino insieme per quanto possibile: quanto più gli esseri umani collaborano, tanto meglio è. Se questo principio non viene seguito, lo spirito della società si spezza, con conseguenze negative per l’esistenza stessa dell’umanità. Le persone devono mangiare individualmente – un altro non può mangiare il tuo cibo al posto tuo – tuttavia un pasto può essere condiviso collettivamente. Quando l’individualità domina la vita umana, l’ambiente, il benessere dei diversi gruppi e persino la sopravvivenza dell’umanità possono esserne danneggiati.	Shrii Shrii Ánandamúrti | 18 February 1988, Kolkata | 15 Cooperatives | Proutist Economics	Shrii Shrii Ánandamúrti | 1988年2月18日於加爾各答 | 15 合作社 | 進用論經濟學	808	228
pair_0219_1984_000_260219	0219_1984_000_260219.txt	While rendering service to the entire society, you will have to move ahead because on the one hand you will be blessed by society, and on the other you will take inspiration from it enabling you to march ahead with much more speed. You must always bear in mind that this created world is created by Parama Puruśa. Thus it is very very dear to Him. When you render service to created beings it is as good as serving Him.	當你為這社會整體服務的同時，你也要記得必須向祂前進。一方面你因服務社會而受到社會對你的祝福回饋；另一方面，你從服務社會當中獲得激勵的力量，讓你能更加速向祂前進。你當永遠牢記於心：這世界是至上意識的創造，所以對祂而言，這世界是非常親愛的，當你對造化之萬有服務時，也等同於對祂從事服務。	Nel rendere servizio all’intera società, dovrete avanzare, perché da un lato sarete benedetti dalla società, e dall’altro ne trarrete ispirazione, che vi permetterà di procedere con ancora maggiore velocità. Dovete sempre tenere a mente che questo mondo creato è stato creato da Parama Puruśa. Perciò è a Lui carissimo. Quando rendete servizio agli esseri creati, è come servire Lui.	Shrii Shrii Ánandamúrti | 19 February 1984, Agra | 10 The Significance of Service | Ananda Marga Karma Yoga in a Nutshell	Shrii Shrii Ánandamúrti | 1984年2月19日於Agra | 10 服務的重要 | 行動瑜伽的智慧	420	141
pair_0221_1979_201_250310	0221_1979_201_250310.txt	What is the source of permanent happiness? Only that object which is itself unlimited can provide unlimited and permanent happiness to human beings. How can a finite object give infinite happiness? Today it exists; tomorrow it disappears. “Yah ágacchati sah gacchati” – Whatever comes, goes. Every finite object comes and ultimately goes. When you come in contact with an infinite entity you will continue to enjoy eternal happiness even though you are a finite entity.	什麼是永恆喜悅的根源？唯有本身是無限者，才能夠給我們永恆無限的快樂，才是永恆喜悅的根源。一個有限的東西如何能夠給我們無限的快樂呢？今天它存在，明天就消失，「Yah ágacchati ti sah gacchati」──有來必有去，每個有限事物的出現，最後一定會消失，縱然你如此有限，但當你與無限的本體接觸時，你就會持續享受永恆的喜悅。		Shrii Shrii Ánandamúrti | 21 February 1979, Bhopal | 14 The Earlier One Starts Dharma Sádhaná the Better | Ánanda Vacanámrtam Part 8	Shrii Shrii Ánandamúrti | 1979年2月21日於Bhopal | 167 人壽幾何修行趁早 | 喜悅甘露集 卷4，P.201	470	168
pair_0221_1982_008_241011_260221	0221_1982_008_241011_260221.txt	All molecules, atoms, electrons, protons, positrons and neutrons are the veritable expressions of the same Supreme Consciousness. Those who remember this reality, who keep this realization ever alive in their hearts, are said to have attained perfection in life. They are the real bhaktas [devotees]. When this devotional cult does not remain confined to a mere practice, but instead is elevated to a devotional sentiment, a devotional mission, to the realm of devotional ideation – when the underlying spirit of humanism is extended to everything, animate and inanimate, in this universe – I have designated this as “Neohumanism”. This Neohumanism will elevate humanism to universalism, the cult of love for all created beings of this universe.	所有的分子、原子、電子、質子、陽電子及中子等，全部都是相同至上意識的具體顯現。永遠銘記在心並且實現這個真理的人，可說已臻於生命的完美境界，他們是真正的虔誠者。此時虔誠不再只是一種鍛鍊(devotional cult)，而昇華成為一種虔誠的情感、一種虔誠的使命感，進而達到一種虔誠的理念境界。當人道主義的基本精神擴展到宇宙間一切有生命、無生命的萬有時，我稱它為「新人道主義」。這種新人道主義將提升人道主義成為宇宙主義，此乃對宇宙萬有的大我之愛。	Tutte le molecole, gli atomi, gli elettroni, i protoni, i positroni e i neutroni sono autentiche espressioni della medesima Coscienza Suprema. Coloro che ricordano questa realtà, che mantengono viva questa consapevolezza nel loro cuore in ogni momento, si dice che abbiano raggiunto la perfezione nella vita. Essi sono i veri bhakta [devoti]. Quando questo culto devozionale non resta confinato a una semplice pratica, ma si eleva a sentimento devozionale, a missione devozionale, fino a diventare ideazione devozionale – quando l’impulso profondo dell’umanesimo si espande fino ad abbracciare tutto ciò che esiste, animato e inanimato, in questo universo – io ho definito tutto questo “Neoumanesimo”. Questo Neoumanesimo eleverà l’umanesimo all’universalismo, al culto dell’amore per tutti gli esseri creati di questo universo.	Shrii Shrii Ánandamúrti | 21 February 1982, Kolkata | 01 Devotional Sentiment and Neohumanism (Discourse 1) | The Liberation of Intellect: Neohumanism	Shrii Shrii Ánandamúrti | 1982年2月21日於加爾各答 | 01 虔誠與新人道主義  | 智力解脫之路：新人道主義，P.8~9	745	221
pair_0221_1982_322_260213	0221_1982_322_260213.txt	Now, what is the role of devotional sentiment, the most valuable treasure of humanity? It is to transform the sense of worldly existence into the supreme spiritual stance. If a materialistic philosophy contains any narrowness, like the geo-sentiment we discussed, an imbalance is bound to occur between the inner and outer worlds, and psycho-physical imbalance will be inevitable. That is why, in spite of possessing everything, people will remain poor and deprived. In the past this geo-sentiment has caused enormous harm to many individuals and groups of people. Intelligent people must keep themselves aloof from this geo-sentiment and support nothing that is based on it, because it pollutes the devotional sentiment; it degrades human beings and undermines human excellence.	人類最珍貴的寶藏──虔誠情感，它究竟扮演著何種角色呢？它就是能將世俗存在感轉化為最高的靈性境界。唯物主義的哲學若包含任何狹隘的觀念（如前述的地域性的情感），則必定造成內、外在世界之間的失衡，並且不可避免的造成人身、心的失衡。這就是人雖擁有了世俗的一切，而其內在仍然感覺貧乏空虛的原因。這種地域性的情感往昔曾對許多個人及社會造成了無數的傷害，明智之士必須遠離這種地域性的情感，並反對任何以它為基礎的事物，因為它污染了虔誠心，致使人類墮落並逐漸損害到人類的卓越性。	Qual è il ruolo del sentimento devozionale, il tesoro più prezioso dell’umanità? È quello di trasformare il modo in cui viviamo la vita quotidiana, elevandolo a una consapevolezza spirituale superiore. Se una filosofia materialistica contiene qualche forma di ristrettezza, come il geo-sentimento di cui abbiamo parlato, è inevitabile che si produca uno squilibrio tra il mondo interiore e quello esteriore, e uno squilibrio psico-fisico sarà altrettanto inevitabile. Per questo motivo, pur possedendo tutto, le persone rimarranno povere e prive interiormente. In passato questo geo-sentimento ha causato danni enormi a molti individui e gruppi di persone. Le persone intelligenti devono mantenersi lontane da questo geo-sentimento e non sostenere nulla che si fondi su di esso, perché inquina il sentimento devozionale; degrada l’essere umano e ne mina l’eccellenza.	Shrii Shrii Ánandamúrti | 21 February 1982, Calcutta | 01 Devotional Sentiment and Neohumanism (Discourse 1) | The Liberation of Intellect: Neohumanism	Shrii Shrii Ánandamúrti | 1982年2月21日於加爾各答 | 29 虔誠與新人道主義 | 虔誠瑜伽的真諦，P.322~323	779	230
pair_0221_1982_324_260426	0221_1982_324_260426.txt	This concern for the vital rhythm throbbing in other human creatures has driven people to the fold of humanism, has made them humanists. Now, if the same human sentiment is extended to include all creatures of this universe, then and only then can human existence be said to have attained its final consummation. And in the process of expanding oneʼs inner love to other creatures, there should be another sentiment behind this human sentiment, which will vibrate human sentiment in all directions, which will touch the innermost recesses of the hearts of all creatures, and lead one and all to the final stage of supreme blessedness.	體認及關心他人體內也有生命的悸動，已將人類帶入人道主義的範疇而成為人道主義者。假使相同的這種人類情感能再擴展到涵蓋宇宙中所有的生靈，唯有那時人類的生命才算達到終極的完美境地；並且在擴展個人內在的愛心到其他生靈的過程中，應該還有另外一種情感隱藏在人類情感之後。這種更高的情感會將人類情感向四面八方激盪散發，它會觸及一切生靈內心的最深處，並且也會引導個體及整體朝向至上喜悅的終極之境邁進。	Questa sensibilità verso il ritmo vitale che pulsa negli altri esseri umani ha condotto le persone nell’ambito dell’umanesimo, le ha rese umaniste. Ora, se questo stesso sentimento umano viene esteso fino a includere tutte le creature di questo universo, allora e solo allora si può dire che l’esistenza umana abbia raggiunto il suo compimento finale. E, nel processo di espansione del proprio amore interiore verso le altre creature, dovrebbe esserci un altro sentimento dietro questo sentimento umano, un sentimento che lo faccia vibrare in tutte le direzioni, che tocchi gli strati più profondi del cuore di tutte le creature e conduca tutti, senza eccezione, allo stadio finale della suprema beatitudine.	Shrii Shrii Ánandamúrti | 21 February 1982, Calcutta | 01 Devotional Sentiment and Neohumanism (Discourse 1) | The Liberation of Intellect: Neohumanism	Shrii Shrii Ánandamúrti | 1982年2月21日於加爾各答 | 29 虔誠與新人道主義 | 虔誠瑜伽的真諦，P.324	634	192
pair_0222_1979_000_231206	0222_1979_000_231206.txt	They can only pray to the Nucleus of this cosmological order, “Oh Lord, I long to be one with you. Please reveal Your inner secret how to become one with You.” The moment such an intense desire arises in the human mind, then Parama Puruśa also cannot remain indifferent; because these microcosms who are moving around Him. They are His nearest and dearest ones. And for the microcosms, He is the very life of all lives, the most favourite Entity of human beings who are the crown of creation. Hence their mutual relation is one of extreme love and sweetness.	他們只能向宇宙的核心祈求：「哦，主啊！我渴望與您合一，請您教導我與您合一的奧秘。」當此種內在的強烈渴望從心中升起時，至上意識便不能不理睬，因為所有旋轉運行的個體小宇宙，都是祂最親近和最親愛的孩子。而對個體小宇宙而言，祂是他們生命的生命，是萬物之靈的人類所最摯愛的本體，故彼此間是甜美之愛的關係。		22 February 1979 DMC, Bhopal | The Hub of Universal Activitie,  | Subháśita Saḿgraha Part 11		559	147
pair_0222_1979_000_260222	0222_1979_000_260222.txt	Do not dwell upon past events: it serves no purpose whatsoever. Move on with your knowledge of modern, no, ultra-modern science, technology and thought. Advance as a vanguard leading the way for others to follow. This is the true spirit of life, and this is the path upon which your glory will be established.	不要緬懷過去，這樣做是毫無意義的。你要以現代，不，超現代的科學、技術和思想的知識向前進，像一個領導他人的先鋒般勇往直前，這就是生命的真諦，也是你所要建立的榮耀之路。	Non soffermatevi sugli eventi passati: non serve assolutamente a nulla. Andate avanti con la vostra conoscenza della scienza, della tecnologia e del pensiero moderni — anzi, ultramoderni. Progredite come avanguardia, aprendo la strada affinché altri possano seguirvi. Questo è il vero spirito della vita, ed è questo il cammino sul quale si fonderà la vostra gloria.	Shrii Shrii Ánandamúrti | 22 February 1979 evening, Bhopal | 17 Move On, Move On | Ánanda Vacanámrtam Part 8	Shrii Shrii Ánandamúrti | 1979年2月22日傍晚於Bhopal | 170 前進、再前進 | 喜悅甘露集 卷4	309	82
pair_0222_1979_081_240614	0222_1979_081_240614.txt	Just as there are various functions of the physical body, the mind also discharges two functions: thinking and memory. While thinking, if people remember that they have acquired this power of thinking from Parama Puruśa they will never suffer any mental degradation; rather they will be mentally elevated. Similarly, if they think that they have acquired the capacity of memory due to the grace of Parama Puruśa, then this memory power will increase until finally they will be established in dhruvá smrti or constant remembrance of Parama Puruśa.	正如身體有各種不同的作用，心靈也執行兩種作用：思考和記憶。在思考時，如果人們想起他們是從至上意識處獲得此一思考能力的，則他們的心靈永遠不會墮落，而會更提升。同樣的，如果他們想起他們的記憶力是源自至上意識的恩典，那麼此記憶力將會不斷增加，一直到最後立足於對至上意識的永恆記憶裡(dhruvá smrti)。		Shrii Shrii Ánandamúti | 22 February 1979 DMC, Bhopal | The Hub of Universal Activities | Subháśita Saḿgraha Part 11	Shrii Shrii Ánandamúti | 1979年2月22日於Bhopal大法會 | 宇宙運動的核心 | 靈性科學集成卷11，P.81	550	152
pair_0222_1979_082_231208	0222_1979_082_231208.txt	22 February 1979 DMC, Bhopal The Hub of Universal Activities, Subháśita Saḿgraha Part 11	人類的存在我覺是「小我」，至上意識的存在我覺是「大我」，因此，每個人都有兩個我，一個小我，一個大我。人類間所有的衝突矛盾都源自這個小我，但所有人的大我都是相同的。			1979年2月22日於博帕爾大法會 | 宇宙運動的核心，靈性科學集成卷11， P.82	91	81
pair_0222_1979_083_240731	0222_1979_083_240731.txt	When the yearning for salvation becomes so intense then Parama Puruśa in the form of a Guru is compelled to disclose the secret to the inquiring soul.	當渴望解脫的心變得如此強烈時，至上意識便不得不以古魯的形象，將解脫的奧秘披露給渴望的靈魂。		Shrii Shrii Ánandamúrti | 22 February 1979 DMC, Bhopal | 07 The Hub of Universal Activities | Subháśita Saḿgraha Part 11	Shrii Shrii Ánandamúrti | 1979年2月22日於Bhopal大法會 | 07 宇宙運動的核心 | 靈性科學集成卷11，P.83	151	45
pair_0222_1979_084_250510	0222_1979_084_250510.txt	In the spiritual world Parama Puruśa will have to come down to those individuals who seek salvation, in the form of a preceptor or Guru; and when human beings receive the secret hints of spiritual practice from Parama Puruśa, then they permanently establish themselves in the world of immortality. This is the blissful end of their prolonged journey towards the Nucleus of the cosmological order, and they attain a supra-mundane stance beyond the scope of pleasure and pain.	在靈性的世界，至上意識必須以古魯的身分，來到尋求解脫之個體這裡。當人類一旦從至上意識處獲得了靈性修持的秘訣，他們自身將會立足於永恆不朽之境。這是他們朝向宇宙核心漫長旅程的喜悅終點，他們將會達到超越快樂、痛苦的超世俗境界。		Shrii Shrii Ánandamúrti | 22 February 1979 DMC, Bhopal | 07 The Hub of Universal Activities | Subháśita Saḿgraha Part 11	Shrii Shrii Ánandamúrti | 1979年2月22日於Bhopal大法會 | 07 宇宙運動的核心 | 靈性科學集成 卷11，P.84	476	110
pair_0224_1970_086_251219	0224_1970_086_251219.txt	The recognized book on Ananda Marga Philosophy is Ánanda Sútram. Usually a philosophical treatise has four main sections – (1) ontology, (2) metaphysics, (3) ethics, (4) epistemology. But in Ananda Marga philosophy two more sections, in addition to the above-mentioned four, have been added. They are (1) psychology and (2) spiritual cult. In Western philosophy there is no mention of spiritual cult, because Western philosophers had no opportunity to learn such a cult. The main reason is that in the theology prevalent in the west there is no concrete spiritual cult.	阿南達瑪迦的哲學論述以《阿南達經》(Ánanda Sútram)為主。通常一部哲學論述包含四個部分：本體論(ontology)、形而上學(metaphysics)、道德學(ethics)和認識論(epistemology)。但在阿南達瑪迦的哲學中除上述四種之外，另外還有兩個部分，即心理學和靈性修持法門。西方的哲學並未提及靈性修持法門，因為西方哲學家並無機緣學習到此種鍛鍊方法，主要乃由於流行於西方的神學裡並無具體的靈修鍛鍊方法。	Il testo di riferimento riconosciuto della filosofia dell’Ananda Marga è l’Ánanda Sūtram. Di norma, un trattato filosofico presenta quattro sezioni principali: (1) ontologia, (2) metafisica, (3) etica, (4) epistemologia. Nella filosofia dell’Ananda Marga, però, a queste quattro sezioni se ne aggiungono altre due: (5) la psicologia e (6) il culto spirituale. Nella filosofia occidentale non vi è menzione di un culto spirituale, perché i filosofi occidentali non hanno avuto l’opportunità di conoscerne uno. La ragione principale è che, nella teologia prevalente in Occidente, non esiste un culto spirituale concreto.	Shrii Shrii Ánandamúrti | 24 February 1970, Ranchi Jágrti | 09 Our Philosophical Treatise | Ananda Marga Philosophy in a Nutshell Part 4	Shrii Shrii Ánandamúrti | 1970年2月24日於Ranchi瑜伽道場 | 2-9 我們的哲學 | 靈性奧義釋要 卷1，P.86	571	215
pair_0224_1970_094_240306__X	0224_1970_094_240306__X.txt	The inner import of society is collective movement. The primary stage of this movement is morality. The idealistic element of mind which inspires the human beings towards the cosmic goal is moralism. Social life has to start its journey from this moralism. The journey will end at the point where universal humanism encompasses every human being in the universe. The only resource needed on the journey is sádhaná. Hence it is said, morality is the base of life, sádhaná is the means and divine life is the goal.	社會的內在含義為集體的行動，此行動首要的階段在於道德：鼓舞人類心靈朝向宇宙目標前進的理想主義，其要素就是道德。社會生活的旅程必須始於道德，而終於世上每人都涵蓋在宇宙的人道主義中，此旅程所需的唯一資源就是靈性修持。所以說道德是生命的基礎，靈性修持是方法，而神聖的生命是目標。		24 February 1970, Ranchi Jágrti | Our Social Treatise, Ananda Marga Philosophy in a Nutshell Part 4	1970年2月24日於Ranchi道場 | 我們的社會論述，靈性奧義釋要卷1，P.94	516	136
pair_0224_1970_094_251011	0224_1970_094_251011.txt	The inner import of society is collective movement. The primary stage of this movement is morality. The idealistic element of mind which inspires the human beings towards the cosmic goal is moralism. Social life has to start its journey from this moralism. The journey will end at the point where universal humanism encompasses every human being in the universe. The only resource needed on the journey is sádhaná. Hence it is said, morality is the base of life, sádhaná is the means and divine life is the goal.	社會的內在含義為集體的行動。此行動首要的階段在於道德。鼓舞人類心靈朝向宇宙目標前進的理想主義其要素就是道德。社會生活的旅程必須始於道德而終於世上每人都涵蓋在宇宙的人道主義中。此旅程所需的唯一資源就是靈性修持。所以說道德是生命的基礎，靈性修持是方法，而神聖的生命是目標。		Shrii Shrii Ánandamúrti | 24 February 1970, Ranchi Jágrti | 10 Our Social Treatise | Tattva Kaomudii Part 2	Shrii Shrii Ánandamúrti | 1970年2月24日於Ranchi瑜伽屋 | 2-10 我們的社會論述 | 靈性奧義釋要 卷1，P.94	516	134
pair_0224_1970_103_250705	0224_1970_103_250705.txt	A state of mental equilibrium and equipoise is called peace. It is important to know how the state of peace is attained, and how it is disturbed. A systematic, spiritual practice leads to psychic balance, whereas dogmatic faith in superstitions disturbs mental peace. Spiritual discipline and relentless struggle against superstition are required to maintain psychic peace.	心靈的平衡與寧靜稱為和平。了解如何達到和平，以及了解和平如何受到干擾，是很重要的。一種有系統的靈性修持可以帶來心理的平衡，而迷信教條式的信仰卻會干擾心靈的和平。為了維持心理的和平，靈性上的紀律以及堅忍不拔地對抗迷信是必需的。		Shrii Shrii Ánandamúrti | 24 February 1970, Ranchi Jágrti | 10 Our Social Treatise | Tattva Kaomudii Part 2	Shrii Shrii Ánandamúrti | 1970年2月24日於Ranchi瑜伽屋 | 2-10 我們的社會論述 | 靈性奧義釋要 卷1，P.103	373	112
pair_0224_1970_111_240120	0224_1970_111_240120.txt	Ignoring all the obstacles on the way, you must rush towards the real destination – Parama Puruśa. His sweet call rushes towards you since eternity. Can you disregard that Supreme call and keep yourself engrossed in the petty world created by Máyá?	不要理會道上所有的艱難險阻，你必須快速的奔向真正的目標—至上意識。自永恆以來祂甜美的呼喚就一直不斷地飛奔向你。你能漠視至上的呼喚而投身於由宇宙力量(Maya)所創造之微不足道的世俗世界？		Shrii Shrii Ánandamúrti | 24 February 1970, Ranchi Jágrti | Our Spiritual Treatise | Tattva Kaomudii Part 2	Shrii Shrii Ánandamúrti | 1970年2月24日於阮琪瑜伽屋 | 我們的靈性論述 | 靈性奧義釋要，P.111	251	93
pair_0224_1979_142 260404	0224_1979_142 260404.txt	Make the fullest utilization of the strength you already have. When you consider that this strength is all but exhausted, you may ask Parama Puruśa, “Oh, Lord, the strength you have given me is not enough to complete my assigned task. If you expect me to complete my work, please give me extra strength.” Remember, you have no right to ask for extra strength if you are not fully utilizing your own inherent strength. One attains this strength in exchange for oneʼs devotion, not in exchange for oneʼs knowledge.	首要之務是必須先運用自己已經擁有的力量，當你認為自己已經完全耗盡至上意識所給予的力量時，才可以向祂請求：「哦！至上意識！你給我的力量並不足以完成我所要做的工作。如果你期望我完成工作，請給我更多的力量吧！」謹記，如果你沒有完全運用本身所具有的力量，你就沒有權利要求至上意識給予額外的力量。我們以虔誠換取力量，而非以知識來換取。	Sfrutta pienamente la forza che già possiedi. Quando ti accorgi che questa forza è ormai quasi esaurita, puoi rivolgerti a Parama Purusa: «O Signore, la forza che mi hai dato non è sufficiente per portare a termine il compito che mi è stato assegnato. Se vuoi che io completi il mio lavoro, ti prego di concedermi ulteriore forza». Ricorda: non hai il diritto di chiedere più forza se non stai utilizzando completamente quella che già possiedi dentro di te. Questa forza si ottiene in cambio della devozione, non in cambio della conoscenza.	Shrii Shrii Ánandamúrti | 24 February 1979 evening, Jammu | 18 Please Parama Puruśa through Your Service | Ánanda Vacanámrtam Part 8	Shrii Shrii Ánandamúrti | 1979年2月24日傍晚於Jammu | 12 以你的服務取悅至上意識 | 虔誠瑜伽的真諦，P.142	513	162
pair_0224_1979_143_250304	0224_1979_143_250304.txt	Why should we please Parama Puruśa? Why should political and socio-economic service for the masses please Him? All beings on this Earth are His progeny. If one serves His progeny, He will certainly be pleased. If you wish to please a mother, take her baby from her lap and give it much love and affection. Thus, if you wish to please Parama Puruśa, serve all His children.	我們為何要取悅至上意識呢？為何要對社會廣大群眾提供政治和社會經濟的服務來取悅至上意識呢？這個地球上所有的眾生都是祂的孩子，如果我們為祂的孩子服務，祂一定會高興的。如果你想取悅一位母親，抱她的孩子，給他更多的愛和關懷。如果你想取悅至上意識，為祂所有的孩子服務吧！		Shrii Shrii Ánandamúrti | 24 February 1979 evening, Jammu | 18 Please Parama Puruśa through Your Service | Ánanda Vacanámrtam Part 8	Shrii Shrii Ánandamúrti | 1979年2月24日傍晚於Jammu | 12 以你的服務取悅至上意識 | 虔誠瑜伽的真諦，P.143~144	374	130
pair_0225_1979_000_260525	0225_1979_000_260525.txt	What does kiirtana mean? To sing in a loud voice the qualities of the Lord – not mentally...when you do kiirtana loudly your mind remains engaged. It cannot do anything else. At that time it is not possible to abuse someone or to have a worldly conversation. The mind is busy vocalizing, rather I will say that it is given over to the vocalization. The vocal cords are busy in that, the mind is employed in that thought, and the ears are hearing it, they donʼt have any chance to go here and there. For this reason the rule of vocalizing kiirtana loudly makes it both heard and sung.	Kiirtana的意思為何？就是大聲唱頌上主的特質，而非輕聲在心裡默念。……當你大聲唱頌時，你的心靈沉浸其中，無法從事其他的事情，彼時你不可能責罵別人或談論世俗之事。心靈忙於唱頌，我們甚至可說是全心貫注於唱頌，聲帶用於此，心靈沉浸於此，耳朵亦如是聆聽，它們沒有機會往各處而去。因為這個原因，大聲唱頌上主的聖名讓心靈同時在唱和聆聽。	Che cosa significa kiirtana? Cantare ad alta voce le qualità del Signore – non mentalmente… Quando si pratica il kiirtana ad alta voce, la mente rimane impegnata. Non può fare altro. In quel momento non è possibile insultare qualcuno o intrattenere una conversazione mondana. La mente è occupata nel canto; anzi, direi che è completamente assorbita nel cantare. Le corde vocali sono impegnate in questo, la mente è concentrata su quel pensiero e le orecchie lo ascoltano: non hanno alcuna possibilità di vagare altrove. Per questo motivo, il kiirtana va cantato ad alta voce, così da essere nello stesso tempo cantato e ascoltato.	Shrii Shrii Ánandamúrti | 25 February 1979 morning, Jammu | 01 “Always Do the Kiirtana of the Lord” | Ánanda Vacanámrtam Part 9	Shrii Shrii Ánandamúrti | 1979年2月25日晨於Jammu | 01 永遠從事上主聖名的唱頌 | 喜悅甘露集 卷5	583	165
pair_0225_1979_011_251010	0225_1979_011_251010.txt	Kiirtana has Raso vae sah. He is full of rasa, that is. sweetness, full of bliss. People derive bliss from it. They get bliss from kiirtana. So if Náráyańa were to reside in a yogiʼs heart then no one would enjoy bliss; only that yogi would enjoy bliss. So what does Náráyańa say? Madbhaktá yatra gáyanti tatra tiśt́hámi Nárada. He says: “O Narada, I reside where my devotees do my kiirtana.” In other words, “I go where my devotees are doing kiirtana, where they are creating the Hariparimańd́ala.” This is why people get bliss from kiirtana.	上主聖名的唱頌(kiirtana)有無限的波流(raso vae sah)。祂滿溢著波流(rasa)，也就是充滿了甜美的喜悅。人們從中獲得喜悅，他們從唱頌上主的聖名中得到無限的喜悅。所以，若上主那拉衍那安住在瑜伽行者的心中，那麼就沒有任何人會享受到此種喜悅，只有那個瑜伽行者他自己會享受到喜悅。因此祂說道：「Madbhaktáh yatra gáyante tatra tiśt́hámi Nárada」──哦，那拉達！我安住在我的虔誠者唱頌我的名字之處，在他們所創造的「哈里帕里曼陀羅」之處！這就是為什麼人們唱頌上主聖名時能夠得到喜悅的原因。		Shrii Shrii Ánandamúrti | 25 February 1979 evening, Jammu | 02 “Wherever My Devotees Sing” | Ánanda Vacanámrtam Part 9	Shrii Shrii Ánandamúrti | 1979年2月25日傍晚於Jammu | 02 當虔誠者唱頌上主聖名時 | 喜悅甘露集 卷5，P.11~12	555	272
pair_0226_1971_098_240927	0226_1971_098_240927.txt	Now in each and every person there is an “I” feeling, the small “I” of an individual. Similarly there is a great “I” also in every person and that great “I” is Parama Puruśa. He is not an object of a distant heaven for human beings. People are always preoccupied with their small “Iʼs” and thus there is no limit to their afflictions. But if they concern themselves with their great “I” they will have no problem whatsoever: they can overcome all afflictions.	每一個人都有存在我覺，亦即個體的小我。同樣的，每個人也有一個大我，此大我就是至上意識。對人類而言，祂不是遠在天邊的一個存在。人類總是為這小我而忙忙碌碌，所以他們的痛苦也就沒完沒了。但如果他們能將自身與這大我聯結，就不會有任何問題了，他們將可克服一切困難。		Shrii Shrii Ánandamúrti | 26 February 1971 DMC, Jammu | 08 What Is the Way? | Subháśita Saḿgraha Part 11	Shrii Shrii Ánandamúrti | 1971年2月26日於Jammu大法會 | 08 何處是道路 | 靈性科學集成 卷11，P.98	460	127
pair_0226_1971_099_240416_260226	0226_1971_099_240416_260226.txt	Human beings love Parama Puruśa and He loves human beings: this love is always mutual, not unilateral. So what should human beings offer to Him? He lacks nothing. When He is the creator of this entire universe, then He is the proprietor of all the wealth of the universe. So what can human beings offer Him? The only way to please Him is to serve the universe, to serve the entire living world, because everything is His creation.	人類愛至上意識，至上意識也愛他們，這種愛是相互的，不是單方面的。祂什麼也不缺，那麼人類應該獻給祂什麼？祂是宇宙的造物主，所以宇宙間一切的財富都是祂的，那麼人類可以給祂什麼呢？取悅祂的唯一方法就是為這宇宙服務，為此有情世界服務，因為萬有一切都是祂的創造。	Gli esseri umani amano Parama Puruśa ed Egli ama gli esseri umani: questo amore è sempre reciproco, non unilaterale. Che cosa dovrebbero dunque offrirgli gli esseri umani? Egli non manca di nulla. Essendo il creatore di questo intero universo, è il proprietario di tutta la ricchezza dell’universo. Che cosa possono quindi offrirgli gli esseri umani? L’unico modo per compiacerlo è servire l’universo, servire l’intero mondo vivente, perché tutto è Sua creazione.	Shrii Shrii Ánandamúrti | 26 February 1971 DMC, Jammu | 08 What Is the Way? | Subháśita Saḿgraha Part 11	Shrii Shrii Ánandamúrti | 1971年2月26日於Jammu大法會 | 08 何處是道路 | 靈性科學集成 卷11，P.99	431	126
pair_0227_1979_000_260227	0227_1979_000_260227.txt	In the scriptures the normal word for pátaka is dośa; so a pátakii is called a duśt́a, an atipátakii is called a dúrácárii, and a mahápátakii is a sudúrácárii. All these three types of people should be avoided; one should stay away from them. But Bhagaván Shrii Krśńa has said that even for such people there is no reason to worry: Api cet sudúrácáro bhajate Mámananyabhák; Sópi pápavinirmuktah mucyate bhavabandhanát. “If a sudúrácárii devotes himself or herself single-mindedly to My worship, forgetting everything else, and” – Mámananyabhák – “takes refuge in Me with unswerving attention,” “then he or she too is liberated from all sins and earthly bondages.” Hence no one has any reason to worry. Once anyone has taken refuge in Parama Puruśa, their future is secure.	經典中對「普通的罪行」稱為dośa，所以一個犯了普通可彌補之罪的人稱為duśt́a;而犯了難以彌補之罪的人稱為durácárii;犯了無可彌補、罪大惡極之人則稱為sudurácárii。這三種人吾人皆應避免之，應遠離之。但上主克里斯那在薄伽梵歌中曾說道即使是犯了這些罪過之人，也無需憂慮：Api cet sudúrácáro bhajate Mámananyabhák; Sópi pápavinirmuktah mucyate bhavabandhanát. 「即使是最邪惡的人，若能一心禮拜我，我也將使他從身、心、靈三層束縛中解脫出來。」 「如果一個罪大惡極之人誠心禮拜我，並且心無二念以我為庇護(Mámananyabhák)，那麼他也將從所有世俗的束縛和罪惡中得到解脫。」 因此，人無需擔心，一旦你以至上意識為庇護，那麼你的未來將是安全的。		Shrii Shrii Ánandamúrti | 27 February 1979, Jammu | 03 “Take Refuge in Parama Puruśa with Unswerving Attention” | Ánanda Vacanámrtam Part 9	Shrii Shrii Ánandamúrti | 1979年2月27日於Jammu | 03 心無二念以至上意識為庇護 | 喜悅甘露集 卷5	801	373
pair_0228_1980_220_260228	0228_1980_220_260228.txt	There should be proper arrangements for the study of history. But that history must be real history, not the history of a particular class, king or minister. Unfortunately, the biased history is always written according to the dictates of the ruling class of different countries. The study of this biased history is detrimental to society. It should not occur. You people of today are more enlightened. Your intellectual capacity is no less than anyone elseʼs. That is why you should write a new history of the human race by your collective endeavour. The history that you will write in future must unequivocally reflect such important factors as how human society has evolved through trials and tribulations; what difficulties were confronted and how human beings overcame them and moved towards their goal with firm steps; and how even today they are advancing by solving numerous problems.	對於歷史的閱讀應有適當的安排。但是所閱讀的歷史必須是真正的歷史，不是某一特定階級、國王或宰相的歷史。 不幸的是，偏頗的歷史老是根據各個國家的統治階層的命令來記載；閱讀如此偏頗的歷史只會對社會有害，不應該讓這樣的事情發生。 今日的人們更為進步，智力也無可比擬；因此應該經由共同的努力寫出一部嶄新的人類歷史。未來所要寫下的歷史必須明白地反映出一些重要的因素，像人類社會如何經由各種試煉及考驗而進化、人類遭遇了何種困難及如何克服並以堅定的腳步邁向他們的目標，甚至今日他們仍然經由解決許多的問題而繼續前進。	Dovrebbero esistere adeguate disposizioni per lo studio della storia. Ma quella storia deve essere storia autentica, non la storia di una particolare classe, di re o di ministri. Purtroppo, la storia di parte viene quasi sempre scritta secondo le direttive della classe dominante nei diversi Paesi. Lo studio di una storia così faziosa è dannoso per la società. Non dovrebbe accadere. Voi, uomini e donne di oggi, siete più illuminati. La vostra capacità intellettuale non è inferiore a quella di nessun altro. Proprio per questo dovreste scrivere una nuova storia del genere umano attraverso il vostro sforzo collettivo. La storia che scriverete in futuro dovrà riflettere in modo inequivocabile fattori fondamentali, mostrando come la società umana si sia evoluta attraverso prove e tribolazioni, quali difficoltà abbia affrontato e in che modo gli esseri umani le abbiano superate avanzando verso la loro meta con passo saldo, e come, ancora oggi, stiano progredendo risolvendo innumerevoli problemi.	Shrii Shrii Ánandamúrti | 28 February 1980 | 16 What Should History Be Like? | Discourses on Neohumanist Education	Shrii Shrii Ánandamúrti | 1980年2月28日 | 2-7 歷史應該像什麼？ | 新人道教育文集，P.220~221	892	249
pair_0228_1982_011_241116	0228_1982_011_241116.txt	Regarding the path of devotion that devotion should not be taken as a mere cult or as a mere principle; it should be accepted as the highest mission in life. Devotion leads humanity towards the stage of subtlety, and finally ensconces a person in the state of supreme bliss. That is why in the scriptures devotion has also been called puśt́i márga, that is, a path by which all of human existence becomes spiritually strengthened: the mind becomes more stable, one realizes more and more spiritual bliss – in a word, the whole of human existence becomes blissful.	虔誠之道不應僅被視為只是一種鍛鍊的法門或原理，而應被當作生命中最高的使命。虔誠引導人類朝向精細的層次，最後安住於至上喜悅之境。這就是為什麼在經典中虔誠亦被稱為「強健之道」(puśt́i márga)的原因，因為它是一條能讓人類於靈性上更堅強，心靈更加穩定，了悟更多靈性喜悅的道路──總而言之，使人類的整體存在充滿了喜悅。		Shrii Shrii Ánandamúrti | 28 February 1982, Calcutta | 02 Bondages and Solutions (Discourse 2) | The Liberation of Intellect: Neohumanism	Shrii Shrii Ánandamúrti | 1982年2月28日於加爾各答 | 02 束縛與解脫 | 智力解脫之路：新人道主義，P.11	565	160
pair_0300_1963_084_250926	0300_1963_084_250926.txt	And if he finds that you have the potentialities to do His work, but you are lacking in self-surrender and you have not forgone your ego, then in such a case He will first create circumstances in which your ego will be forced to yield and surrender. After this only will the Lord choose you to be the medium for His work. You do know, similar was the case with Arjuna. Arjuna had the potentiality, but he also had some ego left in him. Shrii Krśńa first made him surrender by showing His virát́a rúpa [Cosmic form], and then alone was Arjuna chosen to be the medium.	如果祂發現你有能力完成祂所交付的工作，但你卻有強烈的自我感、沒有臣服之心時，祂就會先製造一些狀況讓你不得不臣服。當你的自我感消除後，祂才會選你作為從事祂的工作之媒介。你知道，像阿尊拿就是這樣的例子。阿尊拿有十足的潛能，但他仍帶有些微自我感。所以上主克里斯那先向他展現其宇宙的形象(virát́a rúpa)以使阿尊拿臣服，然後才選阿尊拿成為祂工作的媒介。		Shrii Shrii Ánandamúrti | March 1963 morning, Jamalpur | 11 Your Ideal in Life | Ánanda Vacanámrtam Part 31	Shrii Shrii Ánandamúrti | 1963年3月晨於Jamalpur | 11 生命的典範 | 喜悅甘露集 卷9，P.84	570	177
pair_0301_1956_000_260301	0301_1956_000_260301.txt	The present Cosmic Citta is limited, but the Cosmic [[citta particles are]] infinite and will continue throughout eternity. When we discover that the Cosmic [[citta is the innumerable expressions of the citta manifestations]] in their totality, then we are correct in calling It infinite. Remember that your personality will also advance through transmutation like all other entities. The total extinction of the Cosmic mind will never occur. You have no cause to fear any final dissolution of the universe.	目前存在大宇宙心靈質的顯現是有限的，但是宇宙的心靈質是無限且持續至永恆的。當我們發現大宇宙心靈實際上是無數心靈波質的整體呈現時，那麼說宇宙心靈波質是無限乃是正確的。 請記住，你的人格也將和所有其他個體一樣，歷經變化而向前邁進。大宇宙心靈絕不會整個的滅絕掉，所以你沒有理由懼怕宇宙的末日。	L’attuale universo, in quanto manifestazione del Citta Cosmico, è limitato; ma le particelle del Citta Cosmico sono infinite e il loro processo di espressione continuerà per l’eternità. Quando comprendiamo che il Citta Cosmico è l’insieme delle innumerevoli espressioni delle manifestazioni del citta nella loro totalità, allora è corretto chiamarlo infinito. Ricordate che anche la vostra personalità progredirà attraverso la trasmutazione, come tutte le altre entità. L’estinzione totale della Mente Cosmica non avverrà mai. Non avete alcun motivo di temere una dissoluzione finale dell’universo.	Shrii Shrii Ánandamúrti | 1 March 1956 DMC, Jamalpur | 11 Brahma Krpáhi Kevalam | Subháśita Saḿgraha Part 1	Shrii Shrii Ánandamúrti | 1956年3月1日於Jamalpur大法會 | 11 至上意識恩典無所不在 | 靈性科學集成 卷1	507	143
pair_0302_1979_000_260302	0302_1979_000_260302.txt	On one side there is the rubbish heap of the past and people are clinging to that rubbish heap because they have not yet been shown the way out. And on the other side, there is the call of the new. Under such conditions what will that Mahásambhúti do who gave guidance to the human race in the past? With courage he will call to human beings and declare: “Give up the rubbish of the past. It can only harm you and lead you to your death. Move ahead. Answer the call of the new. I am with you. There is no reason to be afraid.”	一堆過時的無用之事累積在一邊，而許多人卻緊抱著不放，因為他們不知道哪裡有出路，另一邊新的事物又不斷在呼喚他們。在此情況下，對於這個過去曾給予人類指引以肉身降臨的至上意識(Mahásambhúti)而言，祂該怎麼做呢？祂將以勇氣呼喚人類並宣示道：「將過去的垃圾丟棄吧！往前邁進，回應新事物的召喚吧！我和你們在一起，你們無需恐懼！」	Da un lato vi è il cumulo di rifiuti del passato e le persone vi si aggrappano, perché non è stato ancora mostrato loro il modo per uscirne. Dall’altro lato, vi è la chiamata del nuovo. In tali condizioni, che cosa farà quel Mahásambhúti che in passato ha guidato il genere umano? Con coraggio chiamerà gli esseri umani e dichiarerà: «Abbandonate i rifiuti del passato. Possono soltanto danneggiarvi e condurvi alla rovina. Andate avanti. Rispondete alla chiamata del nuovo. Io sono con voi. Non c’è alcun motivo di avere paura.»	Shrii Shrii Ánandamúrti | 2 March 1979 morning, Siliguri | 04 The Significance of The Word “Yuga” | Ánanda Vacanámrtam Part 9	Shrii Shrii Ánandamúrti | 1979年3月2日晨於Siliguri | 04 時代的意義 | 喜悅甘露集 卷5	528	164
pair_0302_1979_041_260221	0302_1979_041_260221.txt	One should be Ekbuddhi. Hanuman said: I am one-minded, not many-minded. Although there is no difference between Náráyańa and Ráma, I donʼt know anyone but Ráma. I donʼt know any Náráyańa. So you should always keep in mind that one should proceed ahead with one name, not many. Therein lies success, prosperity, everything.	吾人心智應該專一。哈奴曼說：我心境專一，而非多方導向。雖然「那拉衍那」和「羅摩」並無不同，但我只識「羅摩」，而不識任何「那拉衍那」。 所以，你們應牢記在心，一個人應認定上主的其中一個名字向前邁進，不要使用許多名字。所有的成功，一切盡在於斯。		Shrii Shrii Ánandamúrti | 2 March 1979 evening, Siliguri | 05 Parama Puruśa Is One – Countless Are His Names | Ánanda Vacanámrtam Part 9	Shrii Shrii Ánandamúrti | 1979年3月2日傍晚於Siliguri | 05 唯一的本體，無盡的名稱 | 喜悅甘露集 卷5，P.41	330	120
pair_0303_1979_000_260303	0303_1979_000_260303.txt	Later on, with the further development of philosophy and science the number of impediments and obstacles faced by humans became fewer than those which the ancient humans faced while moving along the path of spirituality during the days of backward science and philosophy. The people of today do not have to labour quite as hard as Vaishishta and Vishvamitra had to do in order to discover the way to move ahead, because modern science and philosophy today are valuable aids to human progress. The people of today are able to realize the Supreme Entity in one life, or maybe in 15 to 20 years, for which they had to practice penance for lives together in the past. Apart from the direct help of philosophy and science, the spiritual quest also greatly helped human beings in their elevation. The humans of today have started to realize that they are the progeny of Parama Puruśa, an integral part of Parama Puruśa. If people can properly ideate on Parama Puruśa, they will realize Brahma. On imbibing cosmic ideation all kinds of ailments will be cured... It is a fact that humans will make further progress in the future. Those who will assist in this human progress are the Sadvipras. Those who are trying to obstruct human progress are veritable demons in human form (rákśasa). Not only will human beings have to strengthen the hands of the Sadvipras to facilitate smooth social progress, they will also have to remain ever-vigilant against these demons in human form and wage constant war against them. There should not be any hesitation.	隨哲學與科學持續進步發展，人類在靈性道路上所面臨的障礙與阻力，已比遠古時期少得多。當今人類不需如同古聖先哲Vaishishta與Vishvamitra歷經艱難探索昇華之道，因現今科學與哲學已成人類進化的寶貴助力。如今人們只需一生甚或十五、二十年即能證悟天人合一之境，過往卻需苦修數世。除獲科學與哲學直接協助，靈性探索也極力促進人類提升。當今人類已開始覺知自身是至上意識(Parama Puruśa)的子民，是祂不可分割的部分。人們若能正確觀想至上意識即能證悟宇宙真理，各類身心疾患均得療癒。…… 人類未來必然更為進化。協助人類昇華者即為「聖導哲人」(Sadvipras)，而試圖阻礙者不過是披著人皮的惡魔(rákśasa)。人類不僅須給予聖導哲人堅強後盾以促進社會穩健進展，且需時刻緊盯人形惡魔，毫無遲疑、永不懈怠的與其爭戰。	Successivamente, con l’ulteriore sviluppo della filosofia e della scienza, il numero degli impedimenti e degli ostacoli affrontati dagli esseri umani è diminuito rispetto a quelli che gli antichi dovevano superare lungo il cammino spirituale, in un’epoca in cui scienza e filosofia erano ancora arretrate. Le persone di oggi non devono faticare quanto dovettero fare Vaishishta e Vishvamitra per scoprire la via del progresso, perché la scienza e la filosofia moderne costituiscono preziosi strumenti di supporto all’avanzamento umano. Gli esseri umani contemporanei possono realizzare l’Entità Suprema in una sola vita, o forse in quindici o vent’anni, mentre in passato era necessario praticare austerità per molte vite consecutive. Oltre all’aiuto diretto della filosofia e della scienza, anche la ricerca spirituale ha contribuito in modo determinante all’elevazione dell’umanità. Gli uomini e le donne di oggi stanno iniziando a comprendere di essere progenie di Parama Puruśa, parte integrante di Parama Puruśa. Se le persone riescono a ideare correttamente su Parama Puruśa, realizzeranno Brahma. Assorbendo l’ideazione cosmica, ogni genere di afflizione sarà superato... È un fatto che l’umanità compirà ulteriori progressi in futuro. Coloro che assisteranno questo progresso umano sono i Sadvipra. Coloro che tentano di ostacolarlo sono veri e propri demoni in forma umana (rákśasa). Gli esseri umani non solo dovranno sostenere e rafforzare l’azione dei Sadvipra per favorire un progresso sociale armonioso, ma dovranno anche restare costantemente vigili contro questi demoni in forma umana e combatterli senza sosta. Non deve esserci alcuna esitazione.	Shrii Shrii Ánandamúrti | 3 March 1979, Siliguri | 04 The Evolution of Human Civilization | A Few Problems Solved Part 3	Shrii Shrii Ánandamúrti | 1979年3月3日於Siliguri | 04 人類文明的演進 | A Few Problems Solved Part 3（一些已解問題 卷3）	1546	363
pair_0305_1956_064_250412	0305_1956_064_250412.txt	As long as you crave for your own selfish happiness, the happiness of the Cosmic touch will continue to elude you. So take your small “I” with all its pettiness towards the Great – enlarge and broaden it. Be one with that Sublime Entity and then alone can you truly attain Him. When you attain that Cosmic Bliss, you will no longer desire any fragmentary pleasure of the world.	只要你仍渴求自我的快樂，至上碰觸的快樂就會遠離你。所以帶著你小小微不足道的「我」朝向至上前進，擴展它吧！和那崇高的至上實體合一，你才能真正得到祂。當你達到那個至上喜悅的境地時，你便不再渴求任何世俗間不完整的快樂。		Shrii Shrii Ánandamúrti | Phálgunii Púrńimá 1956 DMC | Vibration, Form and Colour | Subháśita Saḿgraha Part 3	Shrii Shrii Ánandamúrti | 1956年3月5日Phálgunii滿月日大法會 | 02 波動、形狀與顏色 | 靈性科學集成 卷3，P.64	377	106
pair_0305_1956_064_260509	0305_1956_064_260509.txt	Will human beings give up all their worldly occupations after the attainment of this Brahmic happiness? Why should they? Those whose lives are saturated with the sweet nectar of Cosmic Bliss. Will go on performing even more perfectly all their worldly duties as the cherished tasks assigned by Brahma Himself. They will not be concerned about their own happiness or pleasure in any work. For the collective happiness of all creatures in the universe they will continue to discharge all their responsibilities carefully and painstakingly, for the collectivity of the universe is the Life of their lives, the Soul of their souls – Brahma. They will employ their insignificant ego to further the happiness of the Great Ego.	人類在達到至上喜悅之境後，是否要放棄所有的世俗之物？何需如此！徜徉在至上喜悅甜蜜的人，更能完美的盡他們世俗該盡的責任，他們珍惜地把這些責任當成至上意識本身所交付的工作，不會在乎工作是否滿足他們自己的快樂，他們會為宇宙整體生命的快樂而小心、努力地履行他們的責任，因為宇宙的整體是他們生命的生命、靈魂的靈魂，是至上意識。他們更進一步奉獻他們微不足道的小我於大我的快樂上。	Gli esseri umani abbandoneranno forse tutte le loro occupazioni mondane dopo aver raggiunto questa beatitudine brahmica? Perché mai dovrebbero farlo? Coloro le cui vite sono impregnate del dolce nettare della Beatitudine Cosmica continueranno a svolgere ancor più perfettamente tutti i loro doveri mondani, considerandoli i compiti più cari affidati da Brahma stesso. Non saranno preoccupati della propria felicità o del proprio piacere in alcuna attività. Per la felicità collettiva di tutte le creature dell’universo continueranno ad adempiere a tutte le loro responsabilità con cura e scrupolosità, poiché la collettività dell’universo è la Vita della loro vita, l’Anima della loro anima: Brahma. Essi impiegheranno il loro insignificante ego per accrescere la felicità del Grande Ego.	Shrii Shrii Ánandamúrti | Phálgunii Púrńimá 1956 DMC | 02 Vibration, Form and Colour | Subháśita Saḿgraha Part 3	Shrii Shrii Ánandamúrti | 1956年3月5日Phálgunii滿月日大法會 | 02 波動、形狀與顏色 | 靈性科學集成 卷3，P.64	720	183
pair_0305_1956_083_250405	0305_1956_083_250405.txt	Train yourselves in the ideal of the lily, which blossoms in the mud and has to keep itself engaged in the struggle for existence day in and day out, parrying, bracing and fighting the shocks of muddy water and the force of storms and squalls and various other vicissitudes of fortune; and yet it does not forget the moon above. It keeps its love for the moon constantly alive... Similarly, perhaps you are an ordinary creature – perhaps you have to pass your days in the ups and downs of worldly existence – yet do not forget that Supreme One. Keep all your desires inclined towards Him. Always keep yourself merged in His thought. Go deep into the mood of that Infinite Love. By this your worldly activities will not be hampered in any way.	像百合花般的訓練你自己，百合花生長在污泥裡，必須為了生存而奮戰，日日夜夜為掙脫污濁而努力，承受日曬雨淋、命運接踵而至的打擊，但它從未忘記生命中的月光，它在月光的愛中不斷的成長著。……同樣的，你也許只是一個再平凡不過的人，你也許也必須為了生存經歷你生命中的起起伏伏，但是，你仍舊應該深深地走入那無限的愛裡。不要忘了至上意識，將你所有的渴望都朝向祂，永遠讓自己融入於祂的思想裡，融入那無盡的愛裡。這樣你所從事的任何世俗活動才不會是束縛。		Shrii Shrii Ánandamúrti | Phálgunii Púrńimá 1956 DMC | Vibration, Form and Colour | Subháśita Saḿgraha Part 3	Shrii Shrii Ánandamúrti | 1956年3月5日Phálgunii滿月日大法會 | 02 波動、形狀與顏色 | 靈性科學集成 卷3，P.83	742	216
pair_0305_1956_090_251024	0305_1956_090_251024.txt	You must completely surrender. To attain that Infinite One with the help of your mental concentration and strength, you have to surrender yourselves. But, remember self-surrender does not mean suicide. On the contrary, your soul will have its full expression. Your existence will not become contracted, for contraction is inert in principle. Hence in the Sádhaná of self-surrender the ego is expanded, not contracted... You will have to dedicate yourselves to His feet wholly and unreservedly. You will earn godliness in proportion to the extent that you surrender yourselves, and finally, after merging that acquired godliness of yours in His Entity, you will attain eternal bliss.	你必須完全臣服，靠著你心智集中的力量將自身臣服。臣服不是結束自己的生命，相反的，你的靈魂會得到圓滿的表達，你的存在不會被壓縮，因為壓縮是惰性力量的表現。因此，在自我臣服的靜坐修持裡，你的自我得以擴展，而不會被壓縮。……所以，你要全然、毫無保留地將自身獻於祂的蓮足前，你臣服多少就會得到多少神性，直至最後將你所得到的神性融入在祂的本體裡，你將獲得永恆的喜悅。		Shrii Shrii Ánandamúrti | Phálgunii Púrńimá 1956 DMC | 02 Vibration, Form and Colour | Subháśita Saḿgraha Part 3	Shrii Shrii Ánandamúrti | 1956年3月5日Phálgunii滿月日大法會 | 02 波動、形狀與顏色 | 靈性科學集成 卷3，P.90~91	684	178
pair_0305_1984_000_260305	0305_1984_000_260305.txt	Human existence is trifarious. That is, it has three strata – physical, psychic and spiritual. None of these strata should be neglected. Although the psychic stratum is more important than the physical stratum, even so the physical stratum cannot be ignored. Likewise, the spiritual stratum is more important than the psychic stratum, but the psychic stratum must not be neglected on that account. Cultivation of the psychic stratum also is essential. The mentality of those who do not practise spirituality, but only look after their physical and psychic development, will become crude. Those who are concerned only about their physical development and spiritual elevation but do not work for their mental progress will gradually become psychically inert. The collective intellectual progress of the society will be checked forever. If people do not make an effort to develop physically, the society as a whole will suffer for the lack of strong, healthy men and women. Since that is not desirable at all, there should be equal emphasis to develop in every stratum of life, and there should be a perfect balance in the three strata.	人類的存在是三方面的，亦即它有三個層面──身體的、心理的與靈性的，這些層面一個也不能忽視。雖心理層面比身體層面更加重要，即使如此，身體層面也不能被忽視。同樣的，靈性層面比心理層面更加重要，但也不能因為這個原因而忽視心理層面，心理層面的培養亦屬重要。那些未從事靈性修持而只注重身、心發展的人們，其心理將變得粗鈍；而那些只關心身體發展與靈性提升，卻未為其心理進步而努力的人們，他們的心理也將逐漸失去活力，社會集體智力的進步將永遠受到抑制。人們如果不努力在身體層面求發展，則社會整體會因缺乏健康、強壯的男女而受苦。既然那不是我們所樂見的結果，那麼在生命的每一個層面都要給予同等的重視與發展，在這三個層面之間應保持完美的平衡。	L’esistenza umana è triplice: si articola in tre livelli – fisico, psichico e spirituale. Nessuno di questi dovrebbe essere trascurato. Sebbene il livello psichico sia più importante di quello fisico, ciò non significa che quello fisico possa essere trascurato. Allo stesso modo, il livello spirituale è superiore a quello psichico, ma neppure lo sviluppo mentale deve essere ignorato: anche la coltivazione della sfera psichica è essenziale. Quando la spiritualità viene trascurata e ci si limita a curare lo sviluppo fisico e psichico, la mentalità delle persone tende inevitabilmente a diventare grossolana. Coloro che si preoccupano soltanto dello sviluppo fisico e dell’elevazione spirituale, ma non lavorano per il progresso mentale, diventeranno psichicamente passivi. Il progresso intellettuale collettivo della società verrebbe così ostacolato per sempre. Se le persone non fanno uno sforzo per svilupparsi fisicamente, la società nel suo complesso soffrirà per la mancanza di uomini e donne forti e sani. Poiché questo non è affatto desiderabile, dovrebbe esserci uguale enfasi nello sviluppo di ogni livello della vita, e dovrebbe esserci un perfetto equilibrio tra i tre livelli.	Shrii Shrii Ánandamúrti | 5 March 1984, Jammu | 43 Táńd́ava and Kaośikii | The Awakening of Women	Shrii Shrii Ánandamúrti | 1984年3月5日於Jammu | 3-1-5 勇士舞與高士基舞 | 女性的覺醒	1133	309
pair_0306_1958_011_240325_Phálgunii	0306_1958_011_240325_Phálgunii.txt	Human beings not only want expansion, but undisputed authority in the process of expansion. Not only do they seek the Supreme shelter, they want to bring that shelter within their reach. Out of this desire to attain the Supreme, out of this longing to become as vast as the Supreme, they discovered the science of intuitional practice.	人類的生命不僅只是渴求擴展，同時也渴望在擴展的過程中成為生命的主人。他們不僅只是尋求至上的庇護，他們更要達到至上之境。在此種欲與至上合一的渴望中，想要成就如同至上廣大無垠的境界，他們發現了靈性直覺的修行。		Phálgunii Púrńimá 1958 DMC, Amrah, Birbhum | The Macrocosmic Stance and Human Life, Subháśita Saḿgraha Part 7	1958年3月6日Phálgunii滿月日於Amrah, Birbhum大法會 | 至上之境與人類的生命，靈性科學集成卷7，P.11	335	102
pair_0306_1958_015_241118	0306_1958_015_241118.txt	The struggle in collective life, with the sadvipras in the position of leadership, will continue endlessly. Sadvipra after sadvipra will come: the torch carried by one will be handed over to the next. But the sádhaná of individual life is not endless – it culminates in the attainment of Brahma.	在完美智士領導下集體生命的奮戰將永不停歇。完美智士會一位接著一位不斷的出現，他們手中的慧炬將傳遞下去。但個人生命的靈性修持並非永無止境──它止於與至上本體的合一。		Shrii Shrii Ánandamúrti | Phálgunii Púrńimá 1958 DMC, Amrah, Birbhum | 02 The Macrocosmic Stance and Human Life | Subháśita Saḿgraha Part 7	Shrii Shrii Ánandamúrti | 1958年3月6日Phálgunii滿月日於Amrah, Birbhum大法會 | 02 至上之境與人類的生命 | 靈性科學集成 卷7，P.15	297	81
pair_0306_1958_028_240920	0306_1958_028_240920.txt	In Ananda Marga this divine flow of Brahma is embedded in different lessons of spiritual meditation. Thus, those who practice this meditation, whether in the present or the future, whether within time or beyond time, will certainly cry, sing and dance with exquisite spiritual joy, and advance steadily towards the blissful Macrocosmic stance.	在阿南達瑪迦（喜悅之路），此至上本體神性的波流是隱藏在靈性靜坐的各課程中。因此修持此靜坐課程之人，不論是現在或未來，亦不論是在時間範疇內或超越時間之外，一定會因精細的靈性喜悅而哭泣、歌唱和舞蹈，他們必將朝向喜悅的大宇宙境界穩健地邁進。		Shrii Shrii Ánandamúrti | Phálgunii Púrńimá 1958 DMC, Amrah, Birbhum | 02 The Macrocosmic Stance and Human Life | Subháśita Saḿgraha Part 7	Shrii Shrii Ánandamúrti | 1958年3月6日Phálgunii滿月日於Amrah, Birbhum大法會 | 02 至上之境與人類的生命 | 靈性科學集成 卷7，P.28	343	117
pair_0306_1958_Phálgunii滿月日_240713	0306_1958_Phálgunii滿月日_240713.txt	If you throw a stone in the pond, the ripples that it causes vibrate other objects in the pond. Similarly, when the Cosmic flow is inspired by Puruśottama it vibrates in its entirety, thereby vibrating all the receptive minds in the universe. These emanated vibrations take different forms to provide momentum to human beings in different ways. This force of inspiration keeps all the receptive minds connected to Puruśottama, the Supreme Source of all emanations, and motivates them to rush towards Him. When the Macrocosmic stance dances in its individual Macrocosmic Flow, the microcosms dance in parárasa.	如果你向池塘丟一顆石頭，它所產生的漣漪將波及池中其他物體。同樣的，受到宇宙核心意識鼓舞激盪的大宇宙波流，其整體之波流亦將撼動宇宙中所有能感受的心靈，其所散發之波動以不同的方式取得各種形式來鼓勵人類。此種鼓舞的力量使得所有能感受的心靈與至上核心意識──所有一切展現的至上本源緊緊相繫，並促使他們快速地朝祂前進。當大宇宙之境舞動於其自身的大宇宙波流時，個體小宇宙即舞動於至上波流的境界。		Phálgunii Púrńimá 1958 DMC, Amrah, Birbhum | 02 The Macrocosmic Stance and Human Life | Subháśita Saḿgraha Part 7	1958年3月6日Phálgunii滿月日於Amrah, Birbhum大法會 | 02 至上之境與人類的生命 | 靈性科學集成卷7，P.27	612	191
pair_0306_1988_000_260306	0306_1988_000_260306.txt	If two sheep grazing in separate fields see each other, they will run to each other as they prefer to graze together... Human beings are also social beings. If they have to live alone for a long time they feel restless and search frantically for the company of others. So human beings should be very careful in selecting the leaders of society... Personality cults, whether good or bad, have existed since ancient times and will continue to exist in the future... Leaders should only be recognized after considering the extent to which they possess qualities like intelligence, wisdom, integrity, pioneering zeal, readiness to sacrifice, etc.	兩隻在不同田野間覓食的綿羊若是互見彼此，便會奔赴相聚，因為牠們更喜歡一起吃草。…… 人類一樣也是社會群性動物，一旦被迫長久獨居便感焦躁不安而迫切尋求同伴；故人類在選擇社會領袖時尤須格外謹慎。……  無論好壞，英雄崇拜自古有之，將來仍將存在。……推舉領袖應檢視其聰明才智與人格秉性、拓展開創精神以及奉獻熱忱等特質程度而定。	Se due pecore che pascolano in campi separati si scorgono, correranno l’una verso l’altra, perché preferiscono pascolare insieme... Anche gli esseri umani sono esseri sociali. Se devono vivere soli per molto tempo, si sentono inquieti e cercano freneticamente la compagnia degli altri. Per questo motivo gli esseri umani dovrebbero essere molto cauti nello scegliere i leader della società... I culti della personalità, buoni o cattivi che siano, esistono fin dall’antichità e continueranno a esistere anche in futuro. I leader dovrebbero essere riconosciuti soltanto dopo aver valutato fino a che punto possiedono qualità come intelligenza, saggezza, integrità, spirito pionieristico, disponibilità al sacrificio, ecc.	Shrii Shrii Ánandamúrti | 6 March 1988, Calcutta | 06 Leadership – Excerpt A | Prout in a Nutshell Volume 3 Part 15	Shrii Shrii Ánandamúrti | 1988年3月6日於加爾各答 | 06A 領袖魅力──節錄A | Prout in a Nutshell Volume 3 Part 15（進步利用論概要 卷3部15）	642	160
pair_0307_1982_000_260307	0307_1982_000_260307.txt	What is that geo-sentiment which inflicts the first blow on the inner asset of humans? It is to let oneʼs sentiment flow towards a particular territory. One does not consider whether what one is doing is right or wrong, logical or illogical. In this situation, sentiment is substituted for logic; and in the next phase, superstition is substituted for logic. All those religious, economic, political or social theories which are based on geo-sentiment, yield to superstition from their very inception. The so-called religions which have mouthed high-sounding ideals but are essentially motivated by geo-sentiment, become converted into reservoirs of superstition, into oceans of blind faith. They submerge humanity in a quagmire of superstitions, and people struggle in that filth for ages. Their progress is checked forever.	地域情感對人類內在資產帶來的第一個傷害是什麼？就是它讓人類情感導向一個特定範圍，使得人不會考慮他所做之事是對或錯，合不合理。在此情況下，理性為情感所取代，在下一階段，理性又被迷信所取代。凡是植基於地域情感的宗教、經濟、政治或社會理論，從一開始便陷於迷信。所謂的宗教，雖然高談理想，但基本上它受地域情感所驅策，而成為迷信之淵藪、盲目信仰的海洋。它們將人類埋進迷信的沼澤裡，使得人類在這種污濁中掙扎了很長的時間，人們的進步一直受到阻礙。	Che cos’è quel geo-sentimento che infligge il primo colpo alla ricchezza interiore dell’essere umano? È il lasciar fluire il proprio sentimento verso un determinato territorio. Non ci si domanda se ciò che si sta facendo sia giusto o sbagliato, logico o illogico. In questa situazione il sentimento prende il posto della logica; e nella fase successiva la superstizione prende il posto della logica. Tutte quelle teorie religiose, economiche, politiche o sociali che si fondano sul geo-sentimento degenerano in superstizione fin dal loro stesso nascere. Le cosiddette religioni che proclamano ideali altisonanti, ma che in realtà sono motivate dal geo-sentimento, si trasformano in serbatoi di superstizione, in oceani di fede cieca. Esse sommergono l’umanità in una palude di superstizioni, e le persone lottano in quel fango per secoli. Il loro progresso rimane bloccato per sempre.	Shrii Shrii Ánandamúrti | 7 March 1982, Calcutta | 03 Geo-Sentiment (Discourse 3) | The Liberation of Intellect: Neohumanism	Shrii Shrii Ánandamúrti | 1982年3月7日，加爾各答 | 03 地域情感 | 智力解脫之路：新人道主義	825	216
pair_0308_1981_000_260308	0308_1981_000_260308.txt	Human beings do not know what their real needs are, but Parama Puruśa knows the needs of each and every person. He needs nothing for Himself. He wants only to give to the world. He provides jiivas with everything according to their necessity. He provides these things either directly, or indirectly through other jiivas. He teaches human beings to move in a certain way so that their needs might be easily fulfilled. If they do not act according to His counsel their needs will not be fulfilled. If the people, however, sincerely follow the path laid down by Him, all their needs will be met and their bondages removed.	人類對自身真正的需求並不了解，然而至上意識(Parama Puruśa)洞悉人人所需。祂一無所求，對世間唯有給予。祂依眾生(jiivas)所需給予一切：或直接或間接經其他眾生傳遞。祂教導人類以正念行事，以便需求易於足受，反之則否。但凡人們虔誠追隨祂所指之道，一切需求均得滿足，所有束縛亦隨之消解。		Shrii Shrii Ánandamúrti | 8 March 1981, Calcutta | 23 Párthasárathi Krśńa and Bhaktitattva (Discourse 23) | Namámi Krśńasundaram	Shrii Shrii Ánandamúrti | 1981年3月8日於加爾各答 | 23 阿朱那御駕車伕克里斯那與虔誠真諦（篇23） | Namámi Krśńasundaram（禮讚克里斯那）	620	148
pair_0309_1982_041_240530	0309_1982_041_240530.txt	The more human beings are established in Neohumanism, the more they will be absorbed in the colours of their inner minds instead of the colours of the external world. It is not that they will avoid the social festivities of the colour festival of Dolyátra, but the social side should not be taken as everything. Rather, by offering all their psychic colours to the Supreme Consciousness, they will become more concerned with their mental colours than with the external ones.	人類越是立足於新人道主義，越能專注於內在心靈的顏色，而非外在世界的顏色。並不是說要他們不要舉辦色彩節這個社會性慶典，只是不應把色彩節的社會性意義視為一切，而是說，藉由向至上意識奉獻他們心靈所有的顏色，他們會更關心自己心靈的顏色甚於外在的顏色。		Shrii Shrii Ánandamúti | 9 March 1982, Calcutta | Inner Asset | The Liberation of Intellect: Neohumanism	Shrii Shrii Ánandamúti | 1982年3月9日於Calcutta | 內在資產，智力解脫之路：新人道主義，P.41	475	121
pair_0310_1979_000_260310	0310_1979_000_260310.txt	There are some people who are pessimistic. They say that the society around us is very bleak, that it has no expression of vitality and that it seems that everyone is in a deep slumber. Pessimists say this because they have never made any detailed study of human history, nor do they care to. Had they done so, they would certainly be optimistic, because if they had looked carefully at the symptoms of pause, they would have realized that significant preparations were being made for the subsequent phase of speed. So under no circumstances should human beings be pessimistic. That is why I am always an incorrigible optimist, because I know that optimism is life.	總有些人消極悲觀，說我們身處的社會冷峻蒼白、毫無生機，彷彿人人陷落沉睡酣眠 。悲觀者之所以如此，出於不曾深入研究人類歷史，甚且毫不在意 。倘若他們曾經細心探究，必然轉為樂觀：因為只要仔細觀察「停滯（沈潛）」期的種種徵兆，就會發現人們其實正為下一「加速（揚升）」階段做著極為關鍵的準備 。因此，在任何情況下，人類都不應悲觀 。這就是為什麼我始終是個無可救藥的樂觀主義者，因為我知道：樂觀就是生命。	Ci sono persone pessimiste. A loro giudizio, la società che ci circonda è molto cupa, priva di vitalità, e tutti sembrano immersi in un sonno profondo. I pessimisti parlano così perché non hanno mai compiuto uno studio approfondito della storia umana, né si curano di farlo. Se lo avessero fatto, certamente sarebbero ottimisti, perché, osservando attentamente i segni della pausa, avrebbero capito che si stanno compiendo importanti preparativi per la successiva fase di accelerazione. Perciò, in nessuna circostanza gli esseri umani dovrebbero essere pessimisti. È per questo che io sono sempre un ottimista incorreggibile, perché so che l’ottimismo è vita.	Shrii Shrii Ánandamúrti | 10 March 1979, Calcutta | 05 Dynamicity and Staticity | A Few Problems Solved Part 3	Shrii Shrii Ánandamúrti | 1979年3月10日，加爾各答 | 05 Dynamicity and Staticity（05 揚升與沈潛） | A Few Problems Solved Part 3（一些已解問題 卷3）	665	197
pair_0314_1982_000_260314	0314_1982_000_260314.txt	All the creatures which have come to live in this world, do not want to leave it – they all want to survive. Thus we must grant them their right to remain in this world, their right to survive. We must forever fulfil their needs so that they will not have to leave this world prematurely. We must make arrangements for the food, clothes, education, shelter and medical treatment of each and every individual, so that all can live in this world as long as possible and become assets to the earth. We must provide them with the inexhaustible resources for their forward movement towards their spiritual goal. This very mentality is known as sama-samája tattva. All the expressions of human life will have to be based on this sama-samája tattva.	所有來到此世界的生物都想要生存，不想離開這個世界。我們必須承認牠們也有生存的權利，我們一定也要滿足牠們所需，不該讓牠們提早離開這個世界。每一個人的食物、衣服、教育、住所和醫療所需，我們也都應該為他們安排，讓所有的人都盡可能地長久活在這世界上，並成為地球的資產。我們必須提供他們無窮無盡的資源，讓他們朝向靈性的目標前進。這種心理正是社會平等法則，人類生命所有的展現，都必須立基於此一社會平等法則。	Tutte le creature che sono venute a vivere in questo mondo non desiderano lasciarlo: tutte vogliono sopravvivere. Dobbiamo quindi riconoscere loro il diritto di rimanere in questo mondo, il diritto di vivere. Dobbiamo soddisfare costantemente i loro bisogni affinché non siano costrette a lasciare prematuramente questo mondo. Dobbiamo predisporre per ogni individuo il necessario in termini di cibo, vestiti, educazione, alloggio e cure mediche, affinché tutti possano vivere su questa terra il più a lungo possibile e diventare una ricchezza per il mondo. Dobbiamo inoltre fornire loro le risorse inesauribili per il loro avanzamento verso la meta spirituale. Questa mentalità è chiamata il principio della società equa (sama-samāja tattva). Tutte le espressioni della vita umana dovranno fondarsi su questo sama-samāja tattva.	Shrii Shrii Ánandamúrti | 14 March 1982, Calcutta | 05 Living Beings and Their Mentality (Discourse 5) | The Liberation of Intellect: Neohumanism	Shrii Shrii Ánandamúrti | 1982年3月14日，加爾各答 | 05 生物及其心態 | 智力解脫之路：新人道主義	744	197
pair_0314_1982_050_240718	0314_1982_050_240718.txt	We all equally feel cold and heat, We all feel the pangs of hunger and thirst; To raise tender plants into mighty trees We struggle equally hard.	我們都同樣感受到冷與熱；也同樣感受到飢和渴，為使幼苗長成大樹，我們一樣要艱苦奮鬥。		Shrii Shrii Ánandamúrti | 14 March 1982, Calcutta | 05 Living Beings and Their Mentality (Discourse 5) | The Liberation of Intellect: Neohumanism	Shrii Shrii Ánandamúrti | 1982年3月14日於Calcutta | 05 生物及其心態 | 智力解脫之路──新人道主義，P.50	145	41
pair_0315_1981_000_260315	0315_1981_000_260315.txt	The followers, the disciples, of the guru, are men and women of flesh and blood having physical structures. They have their sorrows and miseries, their tears and smiles. This is their life. They have their problem of food and clothing; they have their pleasures and pains, their tears of pain and tears of joy; they become elated in happy circumstances and depressed when things go wrong. It is the duty of a guru to provide his followers with the wherewithal for their progress. This is what an ideal guru is to do in the physical sphere. As a guru in the physical world, he will have to teach mankind such techniques as will solve their wordly problems – problems of food, clothing, education and medical treatment. A guru must see to it that their mundane problems are solved. So in order to be a guru, one must come onto this earth with the highest qualifications in the spiritual field, and with the greatest capacity to face the mountainous obstacles in the physical world. To shoulder the responsibility of a guru is not childʼs play.	古魯的追隨者和弟子們都是擁有血肉之軀的男女，他們有他們的悲傷和痛苦，有他們的眼淚和歡笑，這就是他們的生命。他們有食物和衣服的問題，他們有自己的快樂和痛苦以及快樂和痛苦的眼淚；在快樂的環境下，他們興高采烈，當事情出差錯時又是無比的沮喪。古魯的責任就是為其弟子的進步，提供所必要的東西。這就是一位完美的古魯在物質層面上的作為。身為一位物質世界的古魯，他必須教導人類這些方法來解決他們世俗的問題——食物、衣服、教育和醫療上的問題。一位古魯一定要注意他們世俗的問題是否得到解決。 所以為了要成為古魯，一個人來到塵世必須具備在靈性上最高的資格以及在物質世界上面對如山之障礙的最大能力。肩負起古魯的責任並非是兒戲。	I seguaci, i discepoli del guru, sono uomini e donne in carne e ossa, dotati di una struttura fisica. Hanno le loro sofferenze e le loro miserie, le loro lacrime e i loro sorrisi. Questa è la loro vita. Hanno i loro problemi di cibo e di vestiario; hanno i loro piaceri e i loro dolori, le lacrime del dolore e le lacrime della gioia; si esaltano quando le circostanze sono favorevoli e si deprimono quando le cose vanno male. È dovere di un guru fornire ai suoi seguaci i mezzi necessari per il loro progresso. Questo è ciò che un guru ideale deve fare nella sfera fisica. Come guru nel mondo fisico, egli dovrà insegnare all’umanità quelle tecniche che possano risolvere i problemi della vita materiale – problemi di cibo, di vestiario, di educazione e di cure mediche. Un guru deve assicurarsi che i loro problemi mondani vengano risolti. Perciò, per essere un guru, bisogna venire su questa terra con le più alte qualificazioni nel campo spirituale e con la più grande capacità di affrontare gli ostacoli giganteschi del mondo fisico. Assumersi la responsabilità di essere guru non è un gioco da bambini.	Shrii Shrii Ánandamúrti | 15 March 1981 DMS, Ramrajatala | 36 The Criteria of a Real Guru / Who is the Real Guru? | Discourses on Tantra Volume Two	Shrii Shrii Ánandamúrti | 1981年3月15日於Ramrajatala大法會 | 33 古魯的標準 | 密宗開示錄 卷2	1041	301
pair_0316_1988_000_260316	0316_1988_000_260316.txt	Policies will differ according to changes in time, space and person, but principles will remain the same because they are all pervading and because their cognitive faculty is omniscient. In this present age of transition, you are seeing many theories change and being discarded before your very eyes. If any group of people clings to the skeletons of the past, they will also be rejected. Intelligent people will not cling to old, outdated ideas. Rather they will wholeheartedly embrace that theory which adjusts with time, space and person and will continue to exist forever.	政策會隨時、空與人的變化而有所不同，但原理原則恆久如一，因其無所不在且無所不知。 在此變革時代，你們正親眼見證諸多理論汰換更迭，任何死抱陋習屍骸者均將被時代摒棄；智者絕不眷戀過時陳腐的觀念，總是全心全意擁抱能隨時、空、人調整並永續存在的理論。	Le politiche varieranno in base ai cambiamenti di tempo, spazio e persona, ma i principi rimarranno gli stessi, perché sono onnipervadenti e perché la loro facoltà conoscitiva è onnisciente. In questa attuale epoca di transizione, state vedendo con i vostri stessi occhi molte teorie cambiare ed essere abbandonate. Se qualche gruppo di persone rimane aggrappato agli scheletri del passato, anche quel gruppo verrà respinto. Le persone intelligenti non resteranno attaccate a idee vecchie e superate. Al contrario, accoglieranno con convinzione quella teoria che sa adattarsi al tempo, allo spazio e alla persona e che quindi potrà continuare a esistere per sempre.	Shrii Shrii Ánandamúrti | 16 March 1988, Calcutta | 09 The Speciality of the Fifth Fundamental Principle of Prout | A Few Problems Solved Part 9	Shrii Shrii Ánandamúrti | 1988年3月16日於加爾各答 | 09 進步利用論第五基本原則的特殊性 | A Few Problems Solved Part 9（一些已解問題 卷9）	576	121
pair_0320_1979_125_260103	0320_1979_125_260103.txt	Where did this universe come from – what is the source of its emanation? Sorrow is not a personal entity; hence out of sorrow nothing can be created. But Ánandam or the Infinite Happiness is a personal Entity. Parama Puruśa in His eternal stance is ánandasvarúpa, the embodiment of bliss. When He descends from His eternal stance to His transitory form then whatever emanates from Him in that state certainly imparts less bliss than that which flows [[from]] His Eternal Being. The stage in which Parama Puruśa does not create and does not even desire to create anything, is His nityabháva [eternal stance]. And the [[bliss in which, through that nityabháva, Parama Puruśa remains,]] is called nityánanda.	這宇宙源自何處？哪裡是它的根源？悲傷是不具人格的實體，因此，無一物是從悲傷中創造出來的。但是「無限的喜悅」是具人格的實體，至上意識永恆之境稱為「喜悅的化身」(ánandasvarúpa)，當祂從永恆之境降臨到這無常的世間，難道在該境界中祂所放射出來的喜悅會不如祂本身的喜悅嗎？祂永恆的存在是至上意識尚未從事創造的如如不動之境，在此境界中，祂甚至沒有創造的意願。在這種狀態中至上意識的喜悅境界稱為「永恆喜悅之境」(nityánanda)。	Da dove proviene questo universo, qual è la fonte della sua emanazione? La sofferenza non è un’entità personale; pertanto, dalla sofferenza non può nascere nulla. L’ānandam, o Felicità Infinita, invece, è un’Entità personale. Parama Purusa, nella Sua condizione eterna, è ānandasvarūpa, l’incarnazione della beatitudine. Quando Egli discende dalla Sua condizione eterna alla Sua forma transitoria, tutto ciò che da Lui emana in quello stato trasmette certamente una beatitudine minore rispetto a quella che fluisce dal Suo Essere eterno. La condizione in cui Parama Purusa non crea e non desidera neppure creare nulla è la Sua nityabhāva (condizione eterna). E la beatitudine nella quale, attraverso questa nityabhāva, Parama Purusa dimora è chiamata nityānanda.	Shrii Shrii Ánandamúrti | 20 March 1979 DMC, Kanpur | 10 What Are the Noble Truths? | Subháśita Saḿgraha Part 11	Shrii Shrii Ánandamúrti | 1979年3月20日於Kanpur大法會 | 10 何謂聖諦 | 靈性科學集成 卷11，P.125	714	218
pair_0320_1979_129_260304	0320_1979_129_260304.txt	All the people in this universe are playing the roles allotted to them, but that does not mean that they will truly become that role – they will be as He wishes them to become. Each and every living being is the progeny of Parama Puruśa. All exist with Him, and ultimately they will all merge in Him. So no one should even belittle oneself. A drop of water and the entire quantity of water in the ocean are all the same water. The difference is only that one is very small in quantity and the other is vast. When the drop of water identifies itself with the ocean, then no one will call it a drop any longer – for it has become one with the ocean.	宇宙間所有的人都在演祂所分派的角色，但這並非意指他們真的就是這個角色──他們會成為祂希望他們扮演的角色。每一個人都是至上意識的孩子，都存在於祂，最後都將融入於祂。所以，沒有人可以貶低自己。一滴水和浩瀚無垠的大海洋是相同的，唯一不同的只是一個小一個大。當小水滴融入大海洋時，再也沒有人會叫它小水滴了，因為它已與大海合而為一。	Tutte le persone in questo universo stanno interpretando i ruoli che sono stati loro assegnati, ma questo non significa che quel ruolo rappresenti la loro vera identità: esse diventeranno ciò che Egli desidera che diventino. Ogni essere vivente è la progenie di Parama Puruśa. Tutti esistono con Lui e, alla fine, tutti ritorneranno a Lui. Perciò nessuno dovrebbe mai sminuire sé stesso. Una goccia d’acqua e l’acqua dell’oceano sono la stessa acqua. La differenza sta soltanto nel fatto che la goccia è molto piccola, mentre l’oceano è immenso. Ma quando la goccia d’acqua si identifica con l’oceano, nessuno la chiamerà più goccia, perché è diventata tutt’uno con l’oceano.	Shrii Shrii Ánandamúrti | 20 March 1979 DMC, Kanpur | 10 What Are the Noble Truths? | Subháśita Saḿgraha Part 11	Shrii Shrii Ánandamúrti | 1979年3月20日於Kanpur大法會 | 10 何謂聖諦 | 靈性科學集成 卷11，P.129	648	161
pair_0321_1982_000_260321	0321_1982_000_260321.txt	The mind has a natural tendency to degrade itself; it flows more easily downwards than upwards. So if some people, by virtue of their wealth, impose vulgar cinemas and dramas on others, this will break the lattersʼ spines and they will become paralysed. And those paralysed, spineless people will thenceforth never be able to stand unitedly against cultural or any other kind of exploitation. They will never be able to do so, because mentally they will be completely dead – their capacity to raise their heads in protest will have been crushed forever. How can they raise their heads again? This exploitation in the cultural sphere is accomplished by the propagation of pseudo-culture. Every honest, virtuous, rational person must fight against this pseudo-culture, and inspire others to do the same. If this is not done, the future of humanity will be sealed. It is proper for human beings to struggle for political freedom, for social emancipation; but if their cultural backbone is broken, then all their struggles will end in nothing – like offering ghee into a fire that has died out.	心靈本身有墮落的傾向，它向下墮落比向上提升容易，所以如果有人利用金錢，強行將一些低俗的電影及戲劇灌輸給別人，將會消磨一個人的志氣，讓他變得麻木不仁。那些麻痺、喪失志氣的人，將無法團結起來對抗文化或其他各種的剝削。他們永遠無法這麼做，因為他們在心態上已然死亡，連抬頭抗議的力量都被徹底摧毀，又如何能再抬起頭呢？在文化層面的剝削是經由宣揚偽文化來達成的。每一個誠實、正直和理性的人，都必須起來對抗這種偽文化，並鼓勵他人也這麼做。假使不這麼做，人類是沒有未來的。人類為政治自由、社會解放而奮戰是正當的，但如果他們文化的骨幹被打斷，那麼他們所有的奮鬥都將一事無成──就像把純奶油倒進獻祭的火裡被燒盡。	La mente ha una tendenza naturale a degradarsi: scivola più facilmente verso il basso che verso l’alto. Perciò, se alcuni, forti della loro ricchezza, impongono agli altri cinema e spettacoli volgari, finiranno per spezzare la loro spina dorsale, rendendoli incapaci di reagire. E queste persone, così paralizzate e prive di forza interiore, non saranno più in grado di opporsi unite allo sfruttamento culturale o a qualsiasi altra forma di sfruttamento. Non potranno farlo, perché saranno mentalmente come morte: la loro capacità di sollevare la testa e protestare sarà stata annientata. Come potranno rialzarsi? Questo sfruttamento nel campo culturale si realizza attraverso la diffusione di una pseudo-cultura. Ogni persona onesta, virtuosa e razionale deve opporsi a questa pseudo-cultura e incoraggiare anche gli altri a fare lo stesso. Se ciò non avviene, il futuro dell’umanità sarà compromesso. È giusto che gli esseri umani lottino per la libertà politica e per l’emancipazione sociale; ma se la loro struttura culturale viene distrutta, tutte queste lotte risulteranno vane – come versare olio su un fuoco ormai spento.	Shrii Shrii Ánandamúrti | 21 March 1982, Calcutta | 07 Exploitation and Pseudo-Culture (Discourse 7) | The Liberation of Intellect: Neohumanism	Shrii Shrii Ánandamúrti | 1982年3月21日，加爾各答 | 07 剝削與偽文化 | 智力解脫之路：新人道主義	1090	296
pair_0322_1956_119_250925	0322_1956_119_250925.txt	Women are the mothers of society and therefore men have a duty to serve women. Men are greatly indebted to them. Hence there is no question of women having to regain their freedom from men. Rather, their struggle to rid themselves of whatever shortcomings they may have may be considered as their struggle for emancipation.	婦女為社會之母，因此服務婦女為男人之責任。男人深受婦女之恩澤，所以無庸置疑，婦女必須從男人手中取回她們的自由。我們甚至可以這麼說，婦女欲擺脫其自身缺點之奮鬥可視為她們尋求解脫的奮鬥。		Shrii Shrii Ánandamúrti | 22 March 1956, Jamalpur | 16 The Emancipation of Women | The Awakening of Women	Shrii Shrii Ánandamúrti | 1956年3月22日於Jamalpur | 3-1 婦女之解脫 | 女性的覺醒，P.119	323	91
pair_0322_1982_111_240910_260322	0322_1982_111_240910_260322.txt	Keep your conscience ever-vigilant. Develop a firm rationalistic mentality, and no one will be able to deceive you by false geo-sentiment. This rationalistic mentality will provide you with sufficient inspiration and strength to fight against socio-sentiment, ordinary humanistic sentiment, and pseudo-humanistic strategy. You will not only gain vocal strength, but become strong in all respects.	保持你的良知永遠警覺，發展出堅定的理智，任何人都無法以虛假的地域情感來欺騙你。理智會提供你足夠的力量，激勵你與社會情感、一般的人道情感及偽人道策略來戰鬥。你不會只得到口頭上的力量，而會在各方面都變得堅強。		Shrii Shrii Ánandamúrti | 22 March 1982, Kolkata | 08 Awakened Conscience | Discourses on Neohumanist Education	Shrii Shrii Ánandamúrti | 1982年3月22日於加爾各答 | 09 覺醒的良知 | 智力解脫之路：新人道主義，P.111	396	102
pair_0323_1986_000_260323	0323_1986_000_260323.txt	If we try to expand the scope of the few fundamental cardinal human principles and draft the constitution, legal code, administrative and judicial systems in adjustment with the expanded scope of those cardinal principles, that will pave the way for the greater unity of human society. Humanity or Neohumanism will thereby acquire accelerated speed, which is one of the essential factors for the path of proper movement. If the fundamental unity of human society increases more and more, and divisive differences steadily decrease, then universal humanity is bound to be united under a common ideology. This should not remain a utopian dream. It should be the first expression of the practical wisdom of humanity.	試將人類核心基礎原則範疇予以擴增，並據以修擬憲法、法律、行政與司法體系，將為人類社會鋪平合一之道，人道主義或新人道主義(Neohumanism)將加速發展，此為邁向演進正道關鍵要素。若人類社會合一根基日益增強而分歧差異持續減少，則全人類終將在理想願景中合一。此非烏托邦夢想，將是人類務實智慧最耀眼的展現。	Se cerchiamo di ampliare il campo di applicazione dei pochi principi cardinali fondamentali dell’umanità e di redigere la costituzione, il codice legale, i sistemi amministrativi e giudiziari in accordo con questo ampliamento, ciò aprirà la strada a una maggiore unità della società umana. L’umanità, o Neoumanesimo, acquisirà così una velocità accelerata, che è uno dei fattori essenziali per un corretto progresso. Se l’unità fondamentale della società umana aumenta sempre di più, e le differenze divisive diminuiscono progressivamente, allora l’umanità universale è destinata a unirsi sotto un’unica ideologia. Questo non deve rimanere un sogno utopico. Deve essere la prima espressione della saggezza pratica dell’umanità.	Shrii Shrii Ánandamúrti | 23 March 1986, Calcutta | 02 Sin, Crime and Law | Prout in a Nutshell Volume 3 Part 12	Shrii Shrii Ánandamúrti | 1986年3月23日於加爾各答 | 02 Sin, Crime and Law（02 罪惡、犯罪與法律） | Prout in a Nutshell Volume 3 Part 12（進步利用論概要 卷3部12）	713	152
pair_0324_1959_007_240322	0324_1959_007_240322.txt	24 March 1959 DMC, Saharsa The Devotee and the Lord, Discourses on Tantra Volume One	當一個人在運用其能量時，他應向至上意識祈求道：「哦！上主，我正在利用您所賜予的力量工作。讓我不要誤以為它是我自己的力量。讓我不要將您忘懷，哦！上主。」			1959年3月24日於Saharsa大法會 | 虔誠者與上主，密宗開示錄卷1，P.7	84	75
pair_0324_1959_016_250620	0324_1959_016_250620.txt	In the struggle to transform Bhaeravii Shakti into Kaośikii Shakti, Citishakti [Cognitive Force] plays a dominant role, because Bhaeravii Shakti is the second stage of Citishakti in the flow of creation. The Cognitive Force manifests itself as Bhaeravii Shakti to expedite the evolution of mind. The will to evolve is primarily dependent on the active role of Bhaeravii Shakti. In fact Bhaeravii Shakti is oneʼs real “I”. It is with Her help that one must carry on oneʼs sádhaná to attain Citishakti. It is just like worshipping the Ganges with the water of the Ganges.	在努力奮鬥將拜拉維力量轉變成考希奇力量的過程裡，至上認知力(Citishakti)扮演一個最重要的角色，因為在創造的波流中拜拉維力量是至上認知力的第二個階段。至上認知力以拜拉維力量將自身顯現以加速心靈的進化。進化的意願主要是依靠活躍的拜拉維力量。事實上，拜拉維力量就是一個人真正的「我」。正是由於她的幫助，使得一個人會堅持繼續其靈修以達至上認知力之境，這就像以恆河之水來禮敬恆河一般。		Shrii Shrii Ánandamúrti | 24 March 1959 DMC, Saharsa | 02 The Devotee and the Lord | Subháśita Saḿgraha Part 8	Shrii Shrii Ánandamúrti | 1959年3月24日於Saharsa大法會 | 02 虔誠者與上主 | 靈性科學集成 卷8，P.16	572	192
pair_0324_1959_265_250913	0324_1959_265_250913.txt	Each and every stage of Macrocosmic expression – crude, subtle or causal – shines with divine joy. Every atom of the universe is moving in that divine flow, in that rhythmic dance. It is as if this entire universe is the stage for the divine dance of Puruśottama. The divine dance, with Puruśottama as its nucleus, is the blissful flow of joyful creation.	大宇宙顯現的每一個階段──粗鈍的、精細的或致因的──都閃耀著神性的喜悅。宇宙中的每一個原子都在神性的波流中、在充滿韻律的舞動中向前移動。整個宇宙彷彿就是至上意識神性舞蹈的舞台。以至上意識為核心的神性舞蹈就是充滿歡樂創造的喜悅波流。		Shrii Shrii Ánandamúrti | 24 March 1959 DMC, Saharsa | 02 The Devotee and the Lord | Subháśita Saḿgraha Part 8	Shrii Shrii Ánandamúrti | 1959年3月24日於Saharsa大法會 | 23 虔誠者與上主 | 虔誠瑜伽的真諦，P.265	357	115
pair_0324_1959_276_251121	0324_1959_276_251121.txt	One who is totally absorbed in ideation on the Supreme becomes one with the Supreme at the time of death. This is certainly true in the case of devotees. The duality between the one who serves and the entity served ceases to exist. Ultimately the one who serves, the entity who is served, and the action of serving become fused into one. If oneʼs goal is right, one is sure to attain the supreme stance. And one who attains the supreme stance will never make the mistake of differentiating between high and low, literate and illiterate, touchable and untouchable.	一個完全專注於觀想至上的人，在死亡的時刻會與至上合一，這對於虔誠者而言是千真萬確的。服務者與被服務者之間的二元性不復存在，最後服務者與被服務者，以及服務的行動均將融合成一體。如果一個人的目標是正確的，那麼他一定會達到至上之境；而一個業已到達至上之境的人，永遠不會錯誤地認為崇高與低下、博學與文盲、賤民與非賤民等是有差異的。	Chi è totalmente assorbito nell’ideazione sul Supremo al momento della morte diventa uno con il Supremo. Per i devoti questa è un’assoluta verità. La dualità tra colui che serve e l’Entità servita cessa di esistere. Alla fine, colui che serve, l’Entità servita e l’atto stesso del servire si fondono in un’unica essenza. Se la meta è quella giusta, la realizzazione suprema è inevitabile. E chi raggiunge questa condizione finale non commetterà mai l’errore di distinguere tra alto e basso, istruito e non istruito, puro e impuro.	Shrii Shrii Ánandamúrti | 24 March 1959 DMC, Saharsa | 02 The Devotee and the Lord | Subháśita Saḿgraha Part 8	Shrii Shrii Ánandamúrti | 1959年3月24日於Saharsa大法會 | 32 虔誠者與上主 | 虔誠瑜伽的真諦，P.276	563	161
pair_0324_1979_056_240803	0324_1979_056_240803.txt	Bear in mind that this Hari, this Parama Puruśa, loves you so much that if you do His kiirtana with full concentration, with single-mindedness, then the mind becomes one-pointed. If in that state you do sádhaná properly, then you will surely progress.	謹記：上主「哈里」、至上意識，是如此深愛著你，如果你一心一意唱頌祂的聖名，那麼你的心靈將無比的集中，如果你在此一狀態下正確地從事靜坐修持，那麼你必將進步。		Shrii Shrii Ánandamúrti | 24 March 1979 morning, Midnapore | 08 Discrimination in Rights | Ánanda Vacanámrtam Part 9	Shrii Shrii Ánandamúrti | 1979年3月24日晨於Midnapore | 06 與生俱有的權利因人而異嗎？ | 喜悅甘露集卷5，P.56	254	77
pair_0325_1979_006_250215	0325_1979_006_250215.txt	Very often people become victims of disappointment for the sole reason that they forget their goal of life. If they look towards their goal, then their disappointments and frustrations will cease.	人類經常感到沮喪，只因為他們忘了生命的目標。只要他們看著前方的目標，就不會感到沮喪或失望。		Shrii Shrii Ánandamúrti | 25 March 1979 DMC, Midnapore | 01 To Whom Do You Belong? Where Do You Come From? | Subháśita Saḿgraha Part 12	Shrii Shrii Ánandamúrti | 1979年3月25日於Midnapore大法會 | 01 你屬於誰又從何而來 | 靈性科學集成 卷12，P.6	196	45
pair_0325_1979_008_231219	0325_1979_008_231219.txt	The more sincerely people will follow the spiritual cult, the more their distance from Parama Puruśa will decrease; and when that distance becomes nil, the microcosms will merge in Macrocosmic Consciousness – jiiva will become Shiva. This is the parágati, the supreme culminating point of all microcosmic movement.	人們越真誠遵循靈修法門的鍛鍊，他們與至上意識的距離將越縮小；當彼此之間已無距離時，個體小宇宙就會融入大宇宙意識裡，個體將成就自身為至上意識。這就是個體小宇宙行動的極致終點─波羅揭諦(páragati)。		25 March 1979 DMC, Midnapore | To Whom Do You Belong? Where Do You Come From? | Subháśita Saḿgraha Part 12	1979年3月25日於Midnapore大法會 | 你屬於誰又從何來，靈性科學集成卷12，P.8	316	101
pair_0325_1979_008_250327	0325_1979_008_250327.txt	All entities, living or non-living, are rotating around Parama Puruśa – some consciously, some unconsciously, – with so many thoughts and idiosyncrasies, so many bodies and structures. When will their movement come to an end? It will end only when they realize that Parama Puruśa and they themselves are one and inseparable; then will they become one with Parama Puruśa. The more sincerely people will follow the spiritual cult, the more their distance from Parama Puruśa will decrease; and when that distance becomes nil, the microcosms will merge in Macrocosmic Consciousness – jiiva will become Shiva. This is the parágati, the supreme culminating point of all microcosmic movement.	一切有生命和無生命實體各自以其不同的思想和習性，以及相異的身體、結構，繞著至上意識運行，有些有自覺意識，有些不知不覺。他們的行動什麼時候才會終了？唯有當他們了悟到原來至上意識與他們自身是不可分割的一體，當他們與至上意識合而為一時，這行動方才會終結。人們越真誠遵循靈修法門的鍛鍊，他們與至上意識的距離將越縮小，當彼此之間已無距離時，個體小宇宙就會融入大宇宙意識裡，個體將成就自身為至上意識。這就是個體小宇宙行動的極致終點──波羅揭諦(parágati)。		Shrii Shrii Ánandamúrti | 25 March 1979 DMC, Midnapore | 01 To Whom Do You Belong? Where Do You Come From? | Subháśita Saḿgraha Part 12	Shrii Shrii Ánandamúrti | 1979年3月25日於Midnapore大法會 | 01 你屬於誰又從何而來 | 靈性科學集成 卷12，P.8	690	226
pair_0326_1987_000_260326	0326_1987_000_260326.txt	In order to wipe out imperialism, which is rooted deep in the human psyche Neo-ethics based on the following points is indispensable: 1) The Macrocosmic Entity must be accepted as the supreme desideratum in human life. 2) There should be happy adjustment and balanced blending between carbonic and non-carbonic pabula. This is the neo-ethics of the present age; a panacea for the present imperialistic social ills and a mesh of psychic disorders. The application of Neo-ethics will lead to multi-lateral salvation of human society by removing economic exploitation, political suppression, religious indoctrination, cultural imposition and social subordination.	為根除深植人心的帝國主義，基於以下要點的「新倫理學」(Neo-ethics)不可或缺： 1) 須視「至上本體」(Macrocosmic Entity)為人類生命終極想望。 2) 碳基食糧(carbonic pabula，肉體食物)與非碳基食糧(non-carbonic pabula，精神食糧)應有和諧調整與平衡融合。 此當代新倫理學為現今帝國主義社會弊病與心理失調亂象的萬靈丹：消除經濟剝削、政治壓迫、宗教灌輸、文化強加與社經霸淩，引領人類社會走向「多面救贖」。	Per eliminare l’imperialismo, che affonda le sue radici in profondità nella psiche umana, è indispensabile una neo-etica fondata sui seguenti punti: 1) l’Entità Macrocosmica deve essere accettata come il fine supremo della vita umana;  2) deve esserci un armonioso adattamento e un equilibrato bilanciamento tra pabulum carbonico e non carbonico. Questa è la neo-etica dell’epoca attuale: un rimedio universale ai mali sociali imperialistici del presente e alla rete di disordini psichici. L’applicazione della neo-etica condurrà alla salvezza multilaterale della società umana, eliminando lo sfruttamento economico, l’oppressione politica, l’indottrinamento religioso, l’imposizione culturale e la subordinazione sociale.	Shrii Shrii Ánandamúrti | 26 March 1987, Kolkata | 05 The Neo-Ethics of Multi-Lateral Salvation | A Few Problems Solved Part 8	Shrii Shrii Ánandamúrti | 1987年3月26日於加爾各答 | 05 The Neo-Ethics of Multi-Lateral Salvation（05 多面救贖的新倫理學） | A Few Problems Solved Part 8（一些已解問題 卷8）	660	232
pair_0327_1988_000_260327	0327_1988_000_260327.txt	The solidarity and unity of a group depends on the strength and determination of the leadership. If the leadership is not strong the entire structure – social, economic and political – becomes weak and ultimately crumbles down... Comparatively democracy is the most favourable of all the systems of government that have so far been evolved. However there is less scope for strong leadership in a democracy than in a dictator ship. Consequently democratic countries, whether in war, socio-economic development or other spheres of activity, always remain somewhat weak, even though a democracy will usually last longer than a dictatorship. While there is greater scope for the rule of rationality than whimsical rule in a democratic system, the solidarity that is achieved in a dictatorship is not found in a democracy because most people do not want it... The only solution to individual dictatorship, party dictatorship and democratic pandemonium is the Proutistic concept of Sadvipras leadership.	任何群體的齊心團結取決於領導層的實力與決心，若其不夠堅實，社會整體、經濟與政治結構均將疲軟脆弱，終至分崩離析。…… 當前已成形的所有政府治理體制中，民主制度相對而言最為有利；然而，相較於獨裁政權，民主制度欠缺強勁領導的發揮空間，以致無論在戰爭、社會經濟發展或其他領域，民主國家總是顯得相對溫吞，儘管民主制度通常比獨裁政權持久。雖然民主體制理性統治的空間大於反覆無常的專斷獨裁，然而獨裁政權達成的凝聚團結力，在民主制度中並不可得，因為多數人對這種團結並不渴望。…… 獨夫專制、一黨專政以及民主騷亂的唯一解方，即「進步利用論」倡導的聖導哲人(Sadvipras)領導論。	La solidarietà e l’unità di un gruppo dipendono dalla forza e dalla determinazione della leadership. Se la leadership non è forte, l’intera struttura – sociale, economica e politica – si indebolisce e alla fine crolla. La democrazia è il sistema di governo più favorevole tra tutti quelli che finora sono stati elaborati. Tuttavia, in una democrazia vi è meno spazio per una leadership forte rispetto a una dittatura. Di conseguenza, i paesi democratici – sia in guerra, sia nello sviluppo socio-economico, sia in altre sfere di attività – rimangono sempre in qualche misura più deboli, anche se una democrazia generalmente dura più a lungo di una dittatura. Tuttavia la solidarietà che si realizza in una dittatura non si trova in una democrazia, perché la maggior parte delle persone non desidera quel tipo di solidarietà... L’unica soluzione alla dittatura individuale, alla dittatura di partito e al pandemonio democratico è il concetto proutista della leadership dei Sadvipra.	Shrii Shrii Ánandamúrti | 27 March 1988, Calcutta | 06B Leadership – Excerpt B | Prout in a Nutshell Volume 3 Part 15	Shrii Shrii Ánandamúrti | 1988年3月27日於加爾各答 | 06B Leadership – Excerpt B（06B 領袖魅力──節錄B） | Prout in a Nutshell Volume 3 Part 15（進步利用論概要 卷3部15）	997	283
pair_0328_1982_128_240912	0328_1982_128_240912.txt	Whenever people, after performing some activity, think of the Nucleus of the circum-rotarian universe, their minds become all-pervasive. Such people can never think of harming others; rather they will think only of universal welfare. In that elevated state of mind, they will easily detect those demons in human form and will acquire the necessary capability to properly guide the ordinary or extraordinary individuals or groups who tend to be misguided by all sorts of socio-sentiments (because socio-sentiment is many times more harmful than geo-sentiment).	無論何時當人們從事某些活動後，心懷運行不息的宇宙核心，他們的心靈就會無限擴展。這樣的人絕不會想要去傷害別人，相反的，他們所想的只會是宇宙的福祉。心靈在那種提升的狀態下，他們很容易辨識出人形惡魔，並且也會得到必要的能力，以正確引導那些容易被各種社會情感誤導的普通人或是非凡之人或是團體（因為社會情感比地域情感的傷害更甚）。		Shrii Shrii Ánandamúrti | 28 March 1982, Kolkata | 10 An Ideology for a New Generation | The Liberation of Intellect: Neohumanism	Shrii Shrii Ánandamúrti | 1982年3月28日於加爾各答 | 10 給新一代的理念 | 智力解脫之路：新人道主義，P.128~129	559	160
pair_0329_1981_326_241125	0329_1981_326_241125.txt	The excellence of aesthetic science lies in the fact that one derives joy from the manifold expressions of Parama Puruśa. From the aesthetic point of view, there is no entity but Parama Puruśa. “He is my personal property. I have never come across any other entity that can compare with my Parama Puruśa.” No other category of bhakta thinks or talks in such a way about Parama Puruśa. “That is why I love Him from the core of my heart. It is not enough that I get joy by loving Him. I should act in such a way that He also gets joy.” Both approaches coincide in the science of aesthetics. If we go even deeper, to the very root, we find that whatever we observe in this universe – animals, birds, trees, plants, land, water, hills, mountains, sun, moon, stars and so many other things that we love in numerous ways – all are but the limited expressions of Parama Puruśa.	美學的卓越即在於吾人能從至上意識多重展現中獲得喜悅的這個事實。從美學的觀點而言，除了至上意識外，別無其他實體。「祂是我個人的財富，我從未遇見過任何一個像我的至上意識般的實體。」沒有其他類型的虔誠者對至上意識作如是思想和談論。「所以我打從心裡深愛著祂。光只是因為愛祂而得到喜悅是不夠的，我還應該從事那些讓祂也感到喜悅的事。」兩種方法在美學中達到一致。如果我們再深入來到根源，則會發現宇宙間任何可見的實體，如各式蟲魚鳥獸、樹木植物、土地、流水、丘陵高山、日月星辰等等，以及各種我們所喜愛的其他事物，所有一切都是至上意識的有限展現。		Shrii Shrii Ánandamúrti | 29 March 1981, Calcutta | 25 Vrajagopála and Aesthetic Science (Discourse 25) | Namámi Krśńasundaram	Shrii Shrii Ánandamúrti | 1981年3月29日於加爾各答 | 25 甜美的克里斯那與美學 | 禮敬完美上師──克里斯那，P.326	875	263
pair_0329_1981_329_241202	0329_1981_329_241202.txt	Human beings become overjoyed receiving the limited expressions of joy from Him. They look at the world, with its profusion of changing forms, and become fascinated by them. When this feeling deepens and becomes permanent, it turns into love. Suppose I see something. The vibration radiating from that object produces a sympathetic vibration in the mind. I begins to feel that I should assimilate that vibration, that I should accept it as my own. This is what is known as attraction. When people subjectivize that attraction in the psychic arena, it is called love. What is attraction in the beginning turns into love when it becomes permanent.	人類感受到來自於祂的有限展現所得到的喜悅，即足以讓他們無法自持。他們看這個世界充滿著無限變化的形象，而深深為其所著迷。當這種感受變得更加濃烈而永恆時，它即轉化為「愛」。假定我看見某個東西，此物體所散發出來的波動，與我心中的波動產生共鳴，我會感覺到我應該消化吸收那個波動，應讓它變成自己的，這就是「吸引力」。當人們在心理層面將此吸引力主體化時，就稱之為「愛」。在開始時是吸引力，而後當它變得永恆時轉化為愛。		Shrii Shrii Ánandamúrti | 29 March 1981, Calcutta | 25 Vrajagopála and Aesthetic Science (Discourse 25) | Namámi Krśńasundaram	Shrii Shrii Ánandamúrti | 1981年3月29日於加爾各答 | 25 甜美的克里斯那與美學 | 禮敬完美上師──克里斯那，P.329	645	202
pair_0329_1982_141_240917	0329_1982_141_240917.txt	There are three stages on this path of Neohumanism. The first one is spiritual cult. What is spiritual cult? It is physico-psycho-spiritual cult. This physico-psycho-spiritual process will show you how to remove the defects of the psychic world and also the external world, and enable you to move towards the spiritual world without any delay. This movement towards the spiritual goal will also help you to establish yourself in the psychic and physical worlds, so you will be able to render greater service to the people.	新人道主義之路有三個階段：第一是靈性鍛鍊。什麼是靈性鍛鍊？就是身體導向心理再導向靈性的鍛鍊。這種由身體朝向心理再朝向靈性的過程，會讓你知道如何去除心理及外在世界的缺點，使你毫不遲疑地朝向靈性世界前進。這種朝向靈性目標前進的運動，也會幫助你立足於心理及物質世界，讓你能夠為人類奉獻更大的服務。		Shrii Shrii Ánandamúrti | 29 March 1982, Calcutta | 11 Neohumanism Is the Ultimate Shelter (Discourse 11) | The Liberation of Intellect: Neohumanism	Shrii Shrii Ánandamúrti | 1982年3月29日於加爾各答 | 11 最終的歸宿──新人道主義 | 智力解脫之路：新人道主義，P.141	522	145
pair_0329_1982_143_240924	0329_1982_143_240924.txt	The second stage is spiritual essence. This stage is related mainly to the psychic and spiritual strata. If you consider the entire human race, you will see that humanity has a collective mind (not the Cosmic Mind). Now, changes will have to be effected in the mental flow of this collective mind; you will have to create a new wave of thought in it. Because of the manner of human thinking thus far, the pace of human progress has been painfully slow. If it is given a new direction, the speed of progress will be greatly accelerated.	第二階段是靈性的精髓。此一階段主要涉及心理和靈性層面。如果你為整體人類社會著想，你就會看出人類有一個集體心靈（此非大宇宙心靈）。此集體心靈的心智波流必須要有所改變，你們必須在此集體心靈中創造出一股新的思想波流。因為人類至今為止的思考方式，讓人類進步的步伐十分費力及緩慢。如果能給予一個新的方向，進步的速度將會大大加快。		Shrii Shrii Ánandamúrti | 29 March 1982, Calcutta | 11 Neohumanism Is the Ultimate Shelter (Discourse 11) | The Liberation of Intellect: Neohumanism	Shrii Shrii Ánandamúrti | 1982年3月29日於加爾各答 | 11 最終的歸宿──新人道主義 | 智力解脫之路：新人道主義，P.143	535	159
pair_0329_1982_143_240926	0329_1982_143_240926.txt	But there is something more beyond this, which I have described as “spirituality as a mission”. So first there is “spirituality as a cult”, secondly, “spirituality in essence”, and thirdly, “spirituality as a mission”. All existential phenomena are emanating from the Existential Nucleus. The existential nucleus of a single individual has a direct link with the Cosmological Hub, a direct link with the Existential Nucleus of the Cosmological order. But this path is not psycho-spiritual; according to Neohumanism, the final and supreme goal is to make oneʼs individual existential nucleus coincide with the Cosmic Existential Nucleus (nádabindu yoga, in the language of Tantra).	但仍有某些事情遠超過靈性的精髓，我稱它為「靈性的使命」。所以，首先是「靈性的鍛鍊」，其次是「靈性的精髓」及第三「靈性的使命」。所有存在現象都是從存在之核心放射出來，個體存在之核心直接與大宇宙秩序的核心相連結。但這不是一條心理導向靈性的道路，根據新人道主義，人類最終及最高的目標，是要使個體存在核心與大宇宙存在核心合而為一（以密宗之術語來說，就稱為nádabindu yoga）。		Shrii Shrii Ánandamúrti | 29 March 1982, Calcutta | 11 Neohumanism Is the Ultimate Shelter (Discourse 11) | The Liberation of Intellect: Neohumanism	Shrii Shrii Ánandamúrti | 1982年3月29日於加爾各答 | 最終的歸宿──新人道主義 | 智力解脫之路：新人道主義，P.143	681	189
pair_0400_1986_483_250928	0400_1986_483_250928.txt	The noblest form of social service is to educate the public and create a sense of consciousness in them. This sense of consciousness is to be inculcated in each and every human being. This is your duty. The goal of education is to elevate the all-round standard, and especially the intellectual standard. In addition, the elevation of the moral standard is extremely necessary in the sphere of education. This moral standard is deficient today. It is lacking in the present educational system also. You are to create a new social order. Therefore, you should first acquire more and more knowledge in different spheres of life and also you are to upgrade your morality. Along with your intellectual standard, if you have morality, then everybody will respect you. Try to acquire as much knowledge as possible through our own books. Education which leads to the acquisition of knowledge plus morality makes for a peaceful society.	最高貴的社會服務形式就是教育大眾，並且在他們心中創造對意識的認知。灌輸每人此種對意識的覺知，這是你們的職責。教育的目標是提升全面的水準，特別是知性的水準。此外，在教育領域中，極其需要道德水準的提升。今日正是缺少此道德水準，在現今的教育體制中也缺乏此道德水準。你們要創造一個新的社會秩序。因此，首先應當在生命的不同領域獲得愈來愈多的知識，並且也要提升自己的道德。如果你能夠具有知性水準再加上道德，那麼每個人都會尊敬你。儘可能試著經由阿南達瑪迦本身的書籍來獲取知識。能夠獲得知識加上道德的教育，才會創造一個和平的社會。		Shrii Shrii Ánandamúrti | April 1986,  in or near Manila | 46 Message to Teachers | Discourses on Neohumanist Education	Shrii Shrii Ánandamúrti | 1986年4月第一周於馬尼拉或附近 | 7-10 給教師的訊息 | 新人道主義文集，P.483	928	257
pair_0401_1979_076_260302	0401_1979_076_260302.txt	A spiritual aspirant is established in heaven or eternity by performing spiritual sádhaná. This means that vidyámáyá [cosmic centripetal force] has two forces, samvit and hládinii. Through samvit a human being earns knowledge, moving away from the darkness of ignorance; through samvit humans move towards the life.	靈性的渴望者藉由從事靈性修持將己身立足於天堂或永恆之境。這意指什麼呢？即宇宙向心力(vidyámáyá)有兩個力量：靈性覺醒的力量(samvit)和提升的力量(hládinii)。透過「靈性覺醒」的力量，人類得到知識，遠離無知的黑暗。透過此一力量，人類迎向生命。	Un aspirante spirituale si stabilisce nel cielo o nell’eternità praticando il sadhana spirituale. Ciò significa che vidyámáyá [la forza cosmica centripeta] possiede due potenze: samvit e hládinii. Attraverso samvit l’essere umano acquisisce conoscenza, allontanandosi dall’oscurità dell’ignoranza; attraverso samvit gli esseri umani avanzano verso la vita.	Shrii Shrii Ánandamúrti | 1 April 1979, Patna | 10 Parama Puruśa – the Source of All Momentum | Ánanda Vacanámrtam Part 9	Shrii Shrii Ánandamúrti | 1979年4月1日於Patna | 08 激勵萬有的動力來源──至上意識 | 喜悅甘露集 卷5，P.76	321	131
pair_0402_1979_083_260316	0402_1979_083_260316.txt	There are six cakras from múládhára to ájiṋá. These six cakras are controlled from different places in the body. Each cakra is vibrated in a certain way with the vibration of energy from the cosmic mind. In the same way, the seventh cakra or gurucakra is also vibrated by a special energy of Parama Puruśa. Now this gurucakra or guru entity or form of guru is also him, that is, that Supreme Entity, and he is attracting everything in this universe towards himself with unparalleled affection from one controlling point. The space measured by ten fingers lying between ájiṋá and sahasrára cakras also belongs to him. This ten-fingered space is the abode of Niśkala Brahma or pure Brahma. So the spiritual aspirant will have to gradually rise up from the bottom to the top, through múládhára, svádhiśt́hána, mańipura, anáhata, vishuddha, ájiṋá, and there, after bathing in the confluence of three rivers [in ájiṋá cakra] and being vibrated by the grace of Parama Puruśa, they will gradually rise upwards to the highest point of the ten-fingered abode of Parama Puruśa(1) and arriving there they merge into and become one with Him, this being the highest stage of sádhaná. This is nirguńa nirvikalpa samádhi [non-attributional supreme spiritual stance].	從海底輪到眉心輪共有六個脈叢結，各於身體的不同點控制著。每個脈輪都受到來自大宇宙心靈能量波流的某種振動，而產生特有的波動方式。同樣的，第七個脈輪，即「古魯輪」也受到至上意識特殊能量的撼動。 這個古魯輪、古魯實體或古魯的形相也都是至上本體。祂吸引著宇宙萬有以無比的愛從一個控制點中朝向祂。在眉心輪和頂輪間十指之處的地方也屬於祂，此「十指之處」即純意識(Niśkala Brahma)的住所。所以靈性的修持者必須逐步從底下往上提升，通過海底輪、生殖輪、臍輪、心輪、喉輪、眉心輪，經過眉心輪三條河流匯流的洗禮，及至上恩典波流的撼動，他們將逐漸提升往至上意識十指之處的最高住所而前進，最後到達祂安住之地，與祂合而為一。這就是靈性修持的最高境界，這就是「無餘依三摩地」的境界(nirguńa nirvikalpa samádhi)。	Ci sono sei cakra, dal mūlādhāra fino all’ājñā. Questi sei cakra sono controllati da differenti centri del corpo. Ognuno di essi vibra in modo particolare sotto l’influsso dell’energia proveniente dalla mente cosmica. Allo stesso modo, anche il settimo cakra, il gurucakra, vibra grazie a una speciale energia di Parama Puruṣa. Questo gurucakra, la forma o entità del Guru, è anch’esso Lui, la stessa Entità Suprema; ed è da questo punto di controllo che Egli attira verso di Sé tutto ciò che esiste nell’universo con un amore incomparabile. Anche lo spazio simbolicamente descritto come misurato in dieci dita, situato tra l’ājñā cakra e il sahasrāra cakra, appartiene a Lui. Questo spazio di dieci dita è la dimora di Niṣkala Brahma, il Brahma puro. Perciò l’aspirante spirituale deve salire gradualmente dal basso verso l’alto, attraversando mūlādhāra, svādhiṣṭhāna, maṇipūra, anāhata, viśuddha e ājñā. In questo punto, dove convergono le tre correnti sottili iḍā, piṅgalā e suṣumṇā, e dove la coscienza viene interiormente pervasa dalla grazia di Parama Puruṣa, l’aspirante può proseguire la propria ascesa verso l’alto fino al punto più elevato della dimora di Parama Puruṣa, lo spazio simbolico delle dieci dita. Giunto a questo livello, egli si fonde in Lui e diventa uno con Lui: questa è la più alta fase del sadhana. Questo stato è nirguṇa nirvikalpa samādhi, la suprema realizzazione spirituale priva di attributi. Giunto là, egli si fonde in Lui e diventa uno con Lui: questa è la più alta fase del sadhana. Questo stato è nirguṇa nirvikalpa samādhi, cioè la suprema realizzazione spirituale priva di attributi.	Shrii Shrii Ánandamúrti | 2 April 1979, Patna | 11 Vasu and Vásudeva | Ánanda Vacanámrtam Part 9	Shrii Shrii Ánandamúrti | 1979年4月2日於Patna | 09 至上意識安住之處 | 喜悅甘露集 卷5，P.83~84	1283	361
pair_0403_1979_050_250709	0403_1979_050_250709.txt	The Supreme Cognitive entity became metamorphosed into many-the One Universal Father, the One Supreme Progenitor, continuing His divine sport with His innumerable children. During the enactment of a drama, all the characters, the dramatis personae (some are acting as great scholars, some fools, some as extremely happy and some as wretched beings) should bear in mind that they are simply playing the roles allotted to them. They should always think, “In reality, I am neither very happy nor very miserable, I am not an erudite scholar nor a fool. I am merely acting a particular role-be it Emperor Shahjáhán or Aurangzeb.” If people remember this, they will neither be afflicted with sorrow nor elated with joy. This is what is called cosmic inheritance, cosmic heritage.	至上認知實體從「一」演變成「多」，宇宙之父、至上之祖與祂的孩子們不斷遊戲於此神聖的大戲裡。 但在戲中所有的演員皆應記住，他們只是扮演被指定的角色（有人飾演偉大的學者，有人飾演愚蠢的笨蛋；有人扮演快樂的人，有人扮演悲傷的人。）他們應永遠記得：「真正的我，既不快樂亦不悲傷，我不是學富五車的大學者，也不是一個笨蛋。我只是扮演我的角色，或許是沙哈罕皇帝，或者是奧朗則布。」如果人們能如此牢記於心，他們將不會為悲傷所侵蝕，也不會被快樂沖昏頭。這就是我所謂來自於至上本源的「至上的稟性」。		Shrii Shrii Ánandamúrti | 3 April 1979 DMC, Siliguri | 09 Supramundane Heritage and Supramundane Desideratum | Subháśita Saḿgraha Part 11	Shrii Shrii Ánandamúrti | 1979年4月3日於Siliguri大法會 | 07 至上的稟性與至上之目標 | 喜悅甘露集 卷9，P.50~51	775	239
pair_0403_1979_054_241021	0403_1979_054_241021.txt	All the created objects are revolving around Puruśottama. Some are rotating at a greater distance with a long radius, and some are moving at a shorter distance with a short radius. The nature of the ideation and inherent saḿskáras of entities varies from one to another, and accordingly the physical structures of individual entities also vary. And all the entities with their respective mass and wonts are revolving around the nucleus. This movement continues as long as they think, “I and my Lord, I and the Universal Father are separate entities.” As soon as they think, “No, I and my Lord are not separate entities – just as the ocean and its drops of water are not separate entities. The drops of water are part of the ocean”-then they are no longer misguided. They rush towards Puruśottama and merge in Him.	萬有眾生均圍繞著著至上核心意識而旋轉。有些實體以較大的半徑繞著祂旋轉，有些實體則以較短的半徑。每個實體間因理念作用和業力性質的不同而彼此相異，也因身體結構的不同而有差別，隨著各自的結構和習性，各有其半徑繞著核心在旋轉著。只要此個體心中仍認為：「我和我的上主是分別獨立的個體。」這種行動就會一直持續下去，直到有一天他心想：「不！我和我的上主之間沒有任何差別。就像海洋和小水滴一般，它們不是分別獨立的個體。這一滴水是屬於海洋的一部分。」此時，他們就不會再被誤導了。於是他們奔向核心意識，並融入祂。		Shrii Shrii Ánandamúrti | 3 April 1979 DMC, Siliguri | 09 Supramundane Heritage and Supramundane Desideratum | Subháśita Saḿgraha Part 11	Shrii Shrii Ánandamúrti | 1979年4月3日於Siliguri大法會 | 09 至上的稟性與至上之目標 | 喜悅甘露集 卷9，P.54	817	246
pair_0403_1979_086_251103	0403_1979_086_251103.txt	In order for someone to awaken or gradually increase their internal stamina one will have to engage in proper work as follows: Trńád api suniicena. A person should be more humble than a blade of grass. Grass is such an ordinary thing. People walk on grass and the grass endures it. However, that grass contains tremendous life force. Rather, grass has even more life force than human beings. How much strength do animals like cows and elephants get by eating grass! Yet this grass bears the neglect of human beings without showing any reaction. But here it does not say “as tolerant as grass”, but rather that human beings will have to acquire more tolerance than grass.	為了醒悟或逐漸增強內在心智的力量，一個人必須致力於如下：Trńádapi suniicena:人應比小草更謙虛。小草是如此平凡不起眼，人們踐踏其上，它亦無怨無悔承受之。然而，它卻具有無比強大的生命力，其生命力甚至比人類還要強韌。試想像牛、大象等動物靠著吃草獲得多麼大的力量啊！然而這樣的小草卻忍受人類的忽略而並無作出任何不滿的回應。雖然在此處並沒有說「如小草般堅忍」，但人類的確應該學習比小草還要能夠忍耐。		Shrii Shrii Ánandamúrti | 3 April 1979, Patna | 12 The Source of Internal Stamina | Ánanda Vacanámrtam Part 9	Shrii Shrii Ánandamúrti | 1979年4月3日於Patna | 10 內在心智力量之源 | 喜悅甘露集 卷5，P.86	672	203
pair_0403_1979_089_260427	0403_1979_089_260427.txt	Bear in mind that you have a duty towards others, but that no one has any duty towards you. Everyoneʼs individual duty is fixed. Only one who move forward with this as his or her only thought can do proper service. Otherwise the thought may remain in the mind of the one doing service that I have done such and such work for that person, so that person ought to do such and such for me. The thought must remain in the mind of the one doing service that I have a duty towards others but no one has any duty towards me. Just as a tree serves and benefits everyone by giving shade, fruit, flowers and firewood without asking anything in return.	你要記得：你對他人有責任，但人家並沒有回饋你的義務。每個人都有一定的責任義務，一個人唯有心懷此念向前進，才能從事正確的服務，否則當人從事服務時，不免心裡常常盤旋著：「我為某某人做了什麼和什麼，所以他也應該回報我什麼和什麼。」的念頭。所以一個從事服務的人要牢記於心：「我對他人有責任，但沒有人該對我負任何責任。」 正如同大樹的服務，它予人庇蔭、果實、花朵和木柴，卻未曾向人要求任何回報。	Shrii Shrii Ánandamúrti 3 aprile 1979, Patna 12 La fonte della forza interiore Ánanda Vacanámrtam Part 9	Shrii Shrii Ánandamúrti | 3 April 1979, Patna | 12 The Source of Internal Stamina | Ánanda Vacanámrtam Part 9	Shrii Shrii Ánandamúrti | 1979年4月3日於Patna | 10 內在心智力量之源 | 喜悅甘露集 卷5，P.89	641	192
pair_0403_1979_092_240719	0403_1979_092_240719.txt	The ideation behind kiirtana is that others might also enjoy the same happiness listening to the praises of God that I get by singing the praises of God.	在「至上聖名的唱頌」中其背後隱藏的理念是：我希望別人跟我一樣享受唱頌至上聖名所帶來的快樂感受。		Shrii Shrii Ánandamúrti | 3 April 1979, Patna | 12 The Source of Internal Stamina | Ánanda Vacanámrtam Part 9	Shrii Shrii Ánandamúrti | 1979年4月3日於Patna | 10 內在心智力量之源 | 喜悅甘露集 卷5，P.92	153	47
pair_0403_1979_092_260403	0403_1979_092_260403.txt	The ideation behind kiirtana is that others might also enjoy the same happiness listening to the praises of God that I get by singing the praises of God... The benefit of kiirtana is that one whose mind is dirty becomes purified and one whose mind is already pure becomes even purer. One whose mind is holy becomes even holier.	在「至上聖名唱頌」(Kiirtana)中其背後隱藏的理念是：我希望別人跟我一樣享受唱頌至上聖名所帶來的快樂感受。……至上聖名唱頌可以淨化一個人骯髒的心靈；若其人已然純淨，則可讓他變得更純淨、讓已神聖者變得更神聖，此乃至上聖名唱頌所帶來的益處。	Shrii Shrii Ánandamúrti 3 aprile 1979, Patna 12. La fonte della forza interiore Ánanda Vacanámrtam Parte 9	Shrii Shrii Ánandamúrti | 3 April 1979, Patna | 12 The Source of Internal Stamina | Ánanda Vacanámrtam Part 9	Shrii Shrii Ánandamúrti | 1979年4月3日於Patna | 10 內在心智力量之源 | 喜悅甘露集 卷5，P.92	327	121
pair_0403_1979_119_240904	0403_1979_119_240904.txt	Under no circumstances should anyone think that Parama Puruśa can remain far away from them, because He cannot remain away from His created beings at all-it is contrary to his very nature... The Supreme Entity is surely showering His grace on all, but those who hold the umbrella of ego on their heads cannot be drenched by the rains of His grace. What is sádhaná? Sádhaná is the systematic endeavour to remove this umbrella of ego from over oneʼs head.	在任何情況下，任何人皆不應認為至上意識離他們遙遠，因為祂如何能夠與祂所創造的眾生保持遙遠的距離呢？這違反祂的本性。……至上意識的確也有賜給他甘霖雨露，但卻因為他那把自負的傘使得他無法得到恩典的滋潤。靈性修持是什麼？就是有系統的努力將這把自負的傘從你頭上移開。		Shrii Shrii Ánandamúrti | 3 April 1979 DMC, Siliguri | 09 Supramundane Heritage and Supramundane Desideratum | Subháśita Saḿgraha Part 11	Shrii Shrii Ánandamúrti | 1979年4月3日於Siliguri大法會 | 09 至上的稟性與至上之目標 | 靈性科學集成 卷11，P.119~120	458	129
pair_0403_1979_120_231205	0403_1979_120_231205.txt	The existence of living beings is within the vast Macrocosmic body of Parama Puruśa, not without. So whatever Parama Puruśa has given to the human race for its collective use should be utilized by all human beings.	眾生存在於至上意識浩瀚宇宙體的內在，而非外在。所以至上意識所賜給人們整體使用的，皆應為人類整體所共用。		Shrii Shrii Ánandamúrti | 3 April 1979 DMC, Siliguri | 09 Supramundane Heritage and Supramundane Desideratum,  | Subháśita Saḿgraha Part 11	Shrii Shrii Ánandamúrti | 1979年4月3日於Siliguri大法會 | 09 至上的稟性與至上之目標 | 靈性科學集成 卷11 P.120	216	51
pair_0404_1956_082_241223	0404_1956_082_241223.txt	Those objects of preyas which are enjoyable by the unit mind, are fragmentary. Such attraction for fragmentary objects of pleasure is called káma or mundane longing. And the attraction for the integral One, for the Great “I”, is called Prema or Divine Love. The movement of káma is towards unit entities and hence it is extroversial; the movement of prema is towards the Soul, towards Supreme Peace, and thus it is introversial.	個體心靈享受的世俗快樂都極其破碎不全，對於此種破碎快樂的吸引稱為「世俗渴望」(káma);而對於整體大我的吸引，則稱為「神聖的愛」(Prema)。世俗渴望的行動朝向個體，所以是向外的；而神聖的愛朝向至上靈魂，朝向至上平靜，所以是向內的。		Shrii Shrii Ánandamúrti | Caetra Púrńimá 1956 DMC, Patna | 02 Supreme Benevolence and Mundane Pleasure (Shreya and Preya) | Ananda Marga Ideology and Way of Life in a Nutshell Part 4	Shrii Shrii Ánandamúrti | 1956年4月4日Caetra滿月日於Patna大法會 | 02 海底輪(Múládhára cakra) | 生命的奧秘‧脈輪科學觀，P.82	430	118
pair_0404_1956_098_260303	0404_1956_098_260303.txt	What do the wise people do? First, they judge within themselves with cool heads which is shreya and which is preya. The way of discrimination and judgment is to distinguish shreya from preya after close analysis. Humans are not inanimate but conscious beings. Their dominant feature is their mind with its power of judgment, and through this judgment, their intellect finds proper expression. It is not the way of human beings to run heedlessly after things regardless of whether they are shreya or preya; in every human action there should be the appreciable stamp of their intellect.	那麼明智者會怎麼做呢？首先，他們會以冷靜的頭腦明辨何者為「至上福祉」，何者為「世俗快樂」，經過仔細的分析後就很容易明白。人類並非無生命的存在，而是具有意識的生靈，最明顯的特徵即為他們的心靈具有真知明辨的能力，透過此種分辨的能力，他們的智力得到正確適當的表發。人類不該不加分別就去追逐任何事物，在人類的每一個行動裡，都應運用他們相當的智力。	Che cosa fanno le persone sagge? Anzitutto, dentro di sé, con mente lucida e sangue freddo, valutano che cosa sia shreya (il bene supremo, duraturo) e che cosa sia preya (il piacere immediato, la gratificazione temporanea). La via del discernimento e del giudizio consiste proprio nel distinguere, dopo un’analisi attenta, lo shreya dal preya. Gli esseri umani non sono entità inanimate, ma esseri coscienti. La loro caratteristica predominante è la mente, con la sua capacità di giudizio; ed è attraverso questo giudizio che l’intelletto trova la sua espressione appropriata. Non è proprio dell’essere umano correre sconsideratamente dietro alle cose, senza distinguere se siano shreya o preya; in ogni azione umana dovrebbe essere visibile l’apprezzabile impronta dell’intelletto.	Shrii Shrii Ánandamúrti | Caetra Púrńimá 1956 DMC, Patna | 03 Supreme Benevolence and Mundane Pleasure (Shreya and Preya) | Subháśita Saḿgraha Part 3	Shrii Shrii Ánandamúrti | 1956年4月4日Caetra滿月日於Patna大法會 | 03 至上褔祉與世俗快樂 | 靈性科學集成 卷3，P.98	585	169
pair_0404_1956_107_240605_Caetra滿月日	0404_1956_107_240605_Caetra滿月日.txt	Shreya and preya are totally divergent in principle – one is guided by vidyá or the introversive principle, the other, by avidyá or the extroversive principle; one leads to discrimination, the other to ignorance – one to light, the other to darkness. Pará-vdyá that leads to shreya guides people towards perfection, towards the ultimate state of desirelessness; and Apara-vidyá that leads to preya propels them into dense darkness, the thrall of ultimate negativity and crudeness.	至上福祉和世俗快樂在原則上是完全相反的，一個是由宇宙向心力量所引導，另一個則是由宇宙離心力量所引導；一個朝向真知明辨，一個則導向無知；一個趨向光明，一個走往黑暗。 朝向至上福祉的靈性真知(Pará-vdyá)導引人們圓滿，通往沒有欲望的終極之境。而帶領人們從事世俗享樂的世俗知識(Apara-vidyá)將他們推往黑暗的深淵，掉進全然負性及粗鈍的束縛裡。		Shrii Shrii Ánandamúti | Caetra Púrńimá 1956 DMC, Patna | 03 Supreme Benevolence and Mundane Pleasure (Shreya and Preya) | Subháśita Saḿgraha Part 3	Shrii Shrii Ánandamúti | 1956年4月4日Caetra滿月日於Patna大法會 | 03 至上福祉與世俗快樂 | 靈性科學集成卷3，P.107	485	177
pair_0404_1956_111_260212	0404_1956_111_260212.txt	Obstacles are the concomitants of sádhaná, struggling is a good sign. By these obstacles sádhakas can understand that their spiritual practice is on the right track. Spiritual philosophy comes into being only when sádhakas struggling with avidyáʼs hindrances, vindicates their move towards Brahma after defeating the base propensities of avidyá by their own intellect and judgment.	困難伴隨著靈性修持而來，所以掙扎奮戰是個好現象。因為這些困難的出現表示他們的靈修是在正確的軌道上。只有當靈性修持者與無明力量戰鬥，靈性哲學才得以產生，才證明他們藉由其智力及判斷力打敗了無明的卑劣習性，而朝向至上本體前進。	Gli ostacoli accompagnano inevitabilmente il sádhaná; il fatto stesso di dover lottare è un buon segno. Proprio attraverso questi ostacoli i sádhaka possono comprendere che la loro pratica spirituale sta procedendo nella direzione giusta. La filosofia spirituale nasce soltanto quando i sádhaka, affrontando gli ostacoli dell’avidyá, confermano il loro cammino verso Brahma, dopo aver vinto le tendenze inferiori dell’avidyá con il proprio intelletto e il proprio discernimento.	Shrii Shrii Ánandamúrti | Caetra Púrńimá 1956 DMC, Patna | 03 Supreme Benevolence and Mundane Pleasure (Shreya and Preya) | Subháśita Saḿgraha Part 3	Shrii Shrii Ánandamúrti | 1956年4月4日Caetra滿月日於Patna大法會 | 03 至上褔祉與世俗快樂 | 靈性科學集成 卷3，P.111~112	387	110
pair_0404_1956_125_240410_Caetra滿月日	0404_1956_125_240410_Caetra滿月日.txt	Brahma is the unarguable entity. He is beyond all arguments, for only an object which the mind can hold within its small compass can be the subject of argument. Your mind can comprehend such qualities like what is dark and what is fair, and thus you can also argue on such points. But regarding that Consciousness where your mind ceases to exist you certainly cannot say whether He is dark or fair. Brahma is unarguable, because He is beyond the ambit of mind.	至上意識是不容爭辯的實體，祂超越在所有的爭辯上；只有可以把持在心靈狹小範疇內的物體，才可成為爭論的目標。你的心靈能夠了解的，像什麼是黑暗、什麼是公平，這樣的東西，你才可能去辯論它，在你心靈不存在之處的至上意識，你當然無可置喙，不管祂是黑暗還是公平。至上意識不容爭辯，因為祂超越你心靈的範疇。		Caetra Púrńimá 1956 DMC, Patna | 03 Supreme Benevolence and Mundane Pleasure (Shreya and Preya) | Subháśita Saḿgraha Part 3	1956年4月4日Caetra滿月日於Patna大法會 | 03 至上福祉與世俗快樂 | 靈性科學集成 卷3，P.125	460	145
pair_0404_1979_098_250324	0404_1979_098_250324.txt	The world of living beings has been created within the imagination of Parama Puruśa. It is the resolution of Taraka Brahma to emancipate living beings, but only those who want liberation get liberation.	有情眾生的世界是至上意識的想像波流創造出來的。解脫眾生的至上意識(Taraka Brahma)其願力就是來解脫這些生命個體，但唯有那些想要得到解脫者方可獲得解脫。		Shrii Shrii Ánandamúrti | 4 April 1979, Patna | 13 Man Is Only an Actor in the Great Drama | Ánanda Vacanámrtam Part 9	Shrii Shrii Ánandamúrti | 1979年4月4日於Patna | 11 人類只是宇宙大戲中的一個演員 | 喜悅甘露集 卷5，P.98	203	81
pair_0404_1979_098_250331	0404_1979_098_250331.txt	This mystery is the drama of Parama Puruśa. Living beings are only characters in that drama. Human beings have come to this earth with a fixed role to play, and that role must be properly observed. One should always bear in mind that one is a character in this divine drama. And who is the author or composer of this drama? Táraka Brahma.	這裡頭似乎隱藏有某些特殊的奧秘，而此一奧秘正是至上意識的遊戲。有情眾生即是那齣戲劇的唯一角色。人類來到這世界扮演著某一固定的角色，而且必須正確扮演。人應永遠記住他們只是宇宙大戲中的一個演員。這齣戲劇的作者或導演是誰？就是解脫眾生的至上意識。		Shrii Shrii Ánandamúrti | 4 April 1979, Patna | 13 Man Is Only an Actor in the Great Drama | Ánanda Vacanámrtam Part 9	Shrii Shrii Ánandamúrti | 11 人類只是宇宙大戲中的一個演員 | 1979年4月4日於Patna | 喜悅甘露集 卷5，P.98~99	340	120
pair_0404_1979_102_260519	0404_1979_102_260519.txt	One should remember: We are only playing specific roles in a great drama. I will act properly according to the role I have been given in this drama. This is a personʼs duty. It is meaningless for a person to think about anything more than this – about what is beyond oneʼs power.	吾人當謹記：我們都只是在宇宙大戲中扮演某一特殊的角色，我將依照導演的安排盡心演好我所扮演的角色，此即人類的職責。多想無益，而且那些也超越我們所能想像的範疇。	Shrii Shrii Ánandamúrti 4 aprile 1979, Patna 13. L’uomo è soltanto un attore nel grande dramma Ánanda Vacanámrtam, Parte 9	Shrii Shrii Ánandamúrti | 4 April 1979, Patna | 13 Man Is Only an Actor in the Great Drama | Ánanda Vacanámrtam Part 9	Shrii Shrii Ánandamúrti | 1979年4月4日於Patna | 11 人類只是宇宙大戲中的一個演員 | 喜悅甘露集 卷5，P.102	279	78
pair_0405_1957_097_260417	0405_1957_097_260417.txt	How can one shake off the influence of static inertness? How can one get freedom from the bondages of names and forms? Just as the goldsmith uses a hammer and process of melting (in fire) to extract the real gold from the various ornaments, similarly a practical spiritual aspirant will have to break the bondages of names and forms in this expressed world through the cultivation of knowledge (which is mutative) and devotion (which is sentient). By virtue of the heat of the fire of sádhaná and the strength derived from sustained intuitional practice, a sádhaka can overcome the static inertness, the apparent cause behind the quinquelemental universe. Life and the world will become effulgent with the resultant unfoldment of latent consciousness.	如何才能擺脫惰性力量的影響呢？如何才能不受制於名相、形象的束縛呢？就像金匠使用鐵鎚和火將金飾品中的金子焠煉出來，靈性修持者一樣，必須透過知識的培養（此乃變性力量）、以及虔誠的心（此乃悅性力量），切斷婆娑世界一切名相、形象的束縛。經由靈性修持的熾熱烈焰和靈性直覺鍛鍊所得之力量，靈修者將克服惰性力量──造成五大原素背後的原因──的束縛，潛伏意識開展的結果，使得生命和世界洋溢著燦爛的光輝。	Come può una persona liberarsi dall’influenza dell’inerzia statica? Come può ottenere la libertà dai vincoli dei nomi e delle forme? Così come l’orefice utilizza il martello e il processo di fusione (nel fuoco) per estrarre l’oro puro dai vari ornamenti, allo stesso modo un aspirante spirituale pratico dovrà spezzare i vincoli dei nomi e delle forme in questo mondo manifesto attraverso lo sviluppo della conoscenza (che è mutativa) e della devozione (che è senziente). In virtù del calore del fuoco del sadhana e della forza derivata da una pratica intuizionale costante, un sādhaka può superare l’inerzia statica, la causa apparente dell’universo quinquelementale. La vita e il mondo diventeranno radiosi grazie al conseguente dispiegarsi della coscienza latente.	Shrii Shrii Ánandamúrti | Caetra Púrńimá 1957 DMC, Nathnagar, Bhagalpur | 04 Form and Formless | Subháśita Saḿgraha Part 5	Shrii Shrii Ánandamúrti | 1957年4月5日Caetra滿月日於Nathnagar, Bhagalpur大法會 | 04 形象與無形無相 | 靈性科學集成 卷5，P.97	754	193
pair_0405_1957_113_250418	0405_1957_113_250418.txt	No matter what circumstances one finds oneself in, one must realize and accept that no situation is without hope. For oneʼs psychic expansion, one will have to keep oneʼs mind fixed on the Supreme Entity, one will have to advance towards that Absolute Entity while removing all obstacles from the path.	不論你身處何種環境，你都必須明白並接受，因為沒有任何狀況是毫無希望的。為了心智上的擴展，你必須牢牢地心繫至上本體，你必須移除道上所有的障礙往絕對的本體前進。		Shrii Shrii Ánandamúrti | Caetra Púrńimá 1957 DMC, Nathnagar, Bhagalpur | 04 Form and Formless | Subháśita Saḿgraha Part 5	Shrii Shrii Ánandamúrti | 1957年4月5日Caetra滿月日於Nathnagar, Bhagalpur大法會 | 04 形象與無形無相 | 靈性科學集成 卷5，P.113	302	78
pair_0405_1957_114_231201_Caetra滿月日	0405_1957_114_231201_Caetra滿月日.txt	The only way to bring about the real well-being of human beings is to arouse spiritual inspiration.	要帶來人類福祉的惟一方法就是喚醒他們靈性的渴望。		Caetra Púrńimá 1957 DMC, Nathnagar, Bhagalpur | Form and Formless, Subháśita Saḿgraha Part 5	1957年4月5日Caetra滿月日於Nathnagar, Bhagalpur大法會 | 〈波動、形狀和顏色〉，《靈性科學集成卷五》 P.114	99	24
pair_0405_1957_114_241004_Caetra滿月日	0405_1957_114_241004_Caetra滿月日.txt	The microcosmic movement towards the supreme goal of life through endless fight against all sorts of formidable obstacles is true dharma. Human beings need Cosmic inspiration to motivate them to move forwards. Their psychic development is not possible through intimidation or by creating circumstantial pressure.	個體小宇宙透過與可怕的阻礙不斷奮戰而朝向至上生命的目標前行，這才是真法性。人類需要靠著來自宇宙的鼓舞動力前行，在脅迫或環境的壓力下，心智的擴展是不可能的。		Shrii Shrii Ánandamúrti | Caetra Púrńimá 1957 DMC, Nathnagar, Bhagalpur | 04 Form and Formless | Subháśita Saḿgraha Part 5	Shrii Shrii Ánandamúrti | 1957年4月5日Caetra滿月日於Nathnagar, Bhagalpur大法會 | 04 形象與無形無相 | 靈性科學集成 卷5，P.114	312	77
pair_0405_1957_123_250521	0405_1957_123_250521.txt	Behind this playful stance of the Cosmic Entity lies His eternal immutable stance, which is a passive witness to the ever-changing forms of His Macropsychic manifestation. When devotees see His mutable forms with genuine spiritual vision they realize that they are already ensconced in His immutable stance. This is the state of supreme realization. In this state the miseries caused by the binding fetters vanish and the sádhakas become illuminated by the sweet touch of the playful, blissful, immutable Parama Puruśa. This is the supreme spiritual fulfilment.	在此宇宙本體多采多姿的展現背後，就是祂那永恆不變的境界，祂見證著大宇宙心智層各種形象變化的展現。當虔誠者能夠以真誠的靈性視野目證祂那所有的變化形象時，他們就知道自己已經立足於祂那永恆不變的境界裡了。這就是至上了悟的境界。在此境界，所有造成悲傷痛苦的束縛完全消失，靈修者在全然喜悅、嬉戲的、永恆不朽的至上意識甜美觸碰下，發出燦爛的光芒。此即為至上靈性的圓滿。		Shrii Shrii Ánandamúrti | Caetra Púrńimá 1957 DMC, Nathnagar, Bhagalpur | 04 Form and Formless | Subháśita Saḿgraha Part 5	Shrii Shrii Ánandamúrti | 1957年4月5日Caetra滿月日於Nathnagar, Bhagalpur大法會 | 04 形象與無形無相 | 靈性科學集成 卷5，P.123	563	178
pair_0405_1957_125_240319_Caetra	0405_1957_125_240319_Caetra.txt	Although He is hard to attain, He is not unattainable. One whose existence is saturated with the flow of knowledge, action and devotion can easily attain Him.	雖然祂難以企及，但並非不能達到。如果一個人能使他的存在洋溢著知識、行動和虔誠的波流，便能輕易地獲得祂。		Caetra Púrńimá 1957 DMC, Nathnagar, Bhagalpur  | Form and Formless, Subháśita Saḿgraha Part 5	1957年4月5日Caetra滿月日於Bhagalpur大法會 | 形象與無形無相，靈性科學集成卷5，P.125	158	51
pair_0406_1979_111_260106	0406_1979_111_260106.txt	From the beginning every created being is situated in bliss. The very moment a newborn infant opens his eyes upon the world, he feels a type of bliss. The earthʼs light and air infuses a wondrous feeling of bliss in his mind. Not only a human child, every newborn being feels this certain type of bliss from the start.	每一個被創造出來的生命個體在一開始都是處於喜悅的狀態。新生的嬰兒在張開雙眼看見這個世界的當下，他第一個感覺是一種喜悅。地球的陽光和空氣在他的心靈裡注入一種奇妙的喜悅感受。不僅對人類的新生兒是如此，對任何新生命的誕生在一開始也都是這種感覺。	Fin dall’inizio ogni essere creato vive nella beatitudine. Nel preciso istante in cui un neonato apre gli occhi sul mondo, egli prova un certo tipo di beatitudine. La luce e l’aria della Terra infondono nella sua mente una sensazione meravigliosa di beatitudine. Non solo il bambino umano: ogni essere appena nato prova, fin dall’inizio, questo particolare tipo di beatitudine.	Shrii Shrii Ánandamúrti | 6 April 1979, Patna | 15 The Means to Save Oneself from Sorrow | Ánanda Vacanámrtam Part 9	Shrii Shrii Ánandamúrti | 1979年4月6日於Patna | 13 解脫悲傷的方法 | 喜悅甘露集 卷5，P.111	318	119
pair_0408_1984_132_251215	0408_1984_132_251215.txt	If the object of ideation, the object of meditation, has no boundary, what will happen? The unit mind will be converted into the Infinite Mind, that is, the microcosm will be transmuted into the Macrocosm... The simplest way to get cured of all psychic ailments is to use guru mantra while performing every action, every mundane duty.	如果觀想的目標、禪定的標的是無限的，那麼會是如何？個體心靈將被轉化為無限的大宇宙心靈，也就是說個體小宇宙會變成大宇宙心靈。…… 對治所有心理疾病的良方就是在你從事每一個行動、每一個世俗工作時使用古魯梵咒，這是最簡單的方法。	Se l’oggetto dell’ideazione, l’oggetto della meditazione, è senza limiti, che cosa accadrà? La mente individuale verrà trasformata nella Mente Infinita; cioè, il microcosmo sarà trasmutato nel Macrocosmo... Il modo più semplice per guarire da tutti i disturbi psichici è usare il guru mantra mentre si compie ogni azione, ogni dovere della vita quotidiana.	Shrii Shrii Ánandamúrti | 8 April 1984, Tatanagar | 18 Longings of Microcosms | Ánanda Vacanámrtam Part 30	Shrii Shrii Ánandamúrti | 1984年4月8日於Tatanagar | 18 個體小宇宙的渴望 | 喜悅甘露集 卷8，P.132	334	111
pair_0409_1979_000_260409	0409_1979_000_260409.txt	We are meditating so that He may guide our intellect and understanding along the path of righteousness. Let our intellect not be degraded, because if human beingsʼ intellect is all right then everything is all right. But if a personʼs intellect becomes degraded, then no matter how many qualities one has, everything becomes spoiled. So, as long as a person does not get the path of sádhaná, he or she should pray to god for one thing or the other. This prayer is called Vedic initiation.	我們觀想持念祂，因為祂可以引導我們的智力和悟性走上正確的道路。讓我們的智力不要墮落，因為只要人類的智力有正確的方向，那麼所有的事情都會導向正確。如果人類的智力墮落，則不論其人有多少特質，所有的一切均皆毀於一旦。所以，只要一個人尚未走上靈性修持的道路，他就應該向上帝要求一件事，這種祈禱即稱為「知識的啟蒙」。	Noi meditiamo affinché Egli possa guidare il nostro intelletto e la nostra comprensione lungo il sentiero della rettitudine. Il nostro intelletto non deve degradarsi, perché se l’intelletto degli esseri umani è a posto, allora tutto è a posto. Ma se l’intelletto di una persona si degrada, allora, per quante qualità essa possa avere, tutto si rovina. Perciò, finché una persona non trova il sentiero del sádhaná, dovrebbe pregare Dio per una cosa o per un’altra. Questa preghiera è chiamata iniziazione vedica.	Shrii Shrii Ánandamúrti | 9 April 1979, Kolkata | 01 On the Savitr Rk | Ánanda Vacanámrtam Part 10	Shrii Shrii Ánandamúrti | 1979年4月9日於加爾各答 | 15 黎俱吠陀的至上經偈 | 喜悅甘露集 卷5	490	153
pair_0412_1979_000_260412	0412_1979_000_260412.txt	The only prayer to Parama Puruśa is, “Let Him guide us for the attainment of supreme bliss.” This is termed as Vaedika diikśá. Tántrika diikśá gives direction for action in the physical, psychic and spiritual domains. Tántrika diikśá is not confined to mere prayers. Tántrika diikśá indicates the path of action, and helps one attain fulfilment through action.	對至上意識唯一的祈求應該是：請祂引導我們到達至上喜悅之境；這就是知識的啟蒙。密宗的啟蒙(Tántrika diikśá)則在身、心、靈各層面皆給予行動的導引，它不僅只是祈禱，它並且指出行動的道路，透過行動幫助修持者達到圓滿。	Nel commentare il Savitr ṛk, ho detto che il suo obiettivo principale è dhiyo no pracodayāt, cioè orientare il nostro intelletto e le nostre tendenze verso la Beatitudine suprema. Per questo motivo, l’unica vera preghiera rivolta a Parama Puruṣa è: «Che Egli guidi il nostro intelletto verso la Beatitudine suprema». Questo è ciò che viene chiamato dīkṣā vedica. La dīkṣā tantrica, invece, fornisce una direzione concreta per l’azione nei campi fisico, psichico e spirituale. Non si limita alla preghiera: indica un percorso pratico e conduce alla realizzazione attraverso l’azione stessa.	Shrii Shrii Ánandamúrti | 12 April 1979, Kolkata | 03 Parama Puruśa – the Primordial Cause | Ánanda Vacanámrtam Part 10	Shrii Shrii Ánandamúrti | 1979年4月12日於加爾各答 | 17 至上意識乃萬有原始之肇因 | 喜悅甘露集 卷5	372	112
pair_0413_1973_132_250424	0413_1973_132_250424.txt	Human progress can take place in the material world or in aesthetic science. What is the speciality of this aesthetic science? When does aesthetic science become sweet and fascinating? It becomes so when internal psychic expressions move towards the supra-sensuous. It becomes crude in the absence of the supra-sensuous. But when there is dominance of the supra-sensuous, it establishes human beings in intuitive ideation (prajiṋábháva). When we cultivate a particular part or aspect of the science of music or aesthetic science, it is to be remembered that aesthetic science will have to be based on mysticism. What is mysticism? Mysticism is the never-ending endeavour to find out a link between the finite and the Infinite.	人類的進步可以發生在物質世界或在美學心理層面。此一美學心理的特點何在？它何時可以變得甜美又讓人陶醉？當內在心理的表達朝向超感官之境前進時，這種甜美醉人的特性就出現了。若非如此，它即變得粗鈍。當超越感官之境成為主導時，它使得人類立足於直覺理念波流的境界(prajinábháva)。當我們培育音樂或任何美學素養時，一定要記得美學的基礎在於神秘學。神秘學是什麼？神秘學就是一種企圖連結有限與無限的永恆努力。		Shrii Shrii Ánandamúrti | 13 April 1979, Kolkata | 04 Yatamána – the Stage of Perseverance | Ánanda Vacanámrtam Part 10	Shrii Shrii Ánandamúrti | 1973年4月13日於加爾各答 | 1-13 兩種民間歌謠—順流之歌和逆流之歌 | 音樂與靈性修持，P.132~133	729	201
pair_0413_1979_132_231228	0413_1979_132_231228.txt	It becomes so when internal psychic expressions move towards the supra-sensuous. It becomes crude in the absence of the supra-sensuous. But when there is dominance of the supra-sensuous, it establishes human beings in intuitive ideation (prajiṋábháva).	當內在心理的表達朝向超感官之境前進時，這種甜美醉人的特性就出現了。若非如此，它即變得粗鈍。當超越感官之境成為主導時，它使得人類立足於直覺理念波流的境界(prajiṋábháva)。		13 April 1979, Kolkata | Yatamána – the Stage of Perseverance | Ánanda Vacanámrtam Part 10	1979年4月13日於加爾各答 | 音樂與靈性修持，P.132	255	90
pair_0413_1979_132_240121	0413_1979_132_240121.txt	Human progress can take place in the material world or in aesthetic science. What is the speciality of this aesthetic science? When does aesthetic science become sweet and fascinating? It becomes so when internal psychic expressions move towards the supra-sensuous.	人類的進步可以發生在物質世界或在美學心理層面。此一美學心理的特點何在？它何時可以變得甜美又讓人陶醉？當內在心理的表達朝向超感官之境前進時，這種甜美醉人的特性就出現了。		13 April 1979, Kolkata | Yatamána – the Stage of Perseverance | Ánanda Vacanámrtam Part 10	1979年4月13日於加爾各答 | 音樂與靈性修持，P.132	265	83
pair_0413_1979_133_240104	0413_1979_133_240104.txt	When we cultivate a particular part or aspect of the science of music or aesthetic science, it is to be remembered that aesthetic science will have to be based on mysticism. What is mysticism? Mysticism is the never-ending endeavour to find out a link between the finite and the Infinite.	當我們培育音樂或任何美學素養時，一定要記得美學的基礎在於神秘學。神秘學是什麼？神秘學就是一種企圖連結有限與無限的永恆努力。		13 April 1979, Kolkata | Yatamána – the Stage of Perseverance | Ánanda Vacanámrtam Part 10	1979年4月13日於加爾各答 | 音樂與靈性修持，P.133	288	61
pair_0413_1979_152_240909	0413_1979_152_240909.txt	When there is dominance of the supra-sensuous, it establishes human beings in intuitive ideation (prajiṋábháva).	當超越感官之境成為主導時，它使得人類立足於直覺理念波流的境界(prajinábháva)。		13 April 1979, Kolkata | 04 Yatamána – the Stage of Perseverance | Ánanda Vacanámrtam Part 10	Shrii Shrii Ánandamúrti | 1979年4月13日於加爾各答 | 18 靈性修持第一階段──有恆的努力 | 喜悅甘露集 卷五，P.152	115	45
pair_0413_1979_156_241117	0413_1979_156_241117.txt	In case of a person who experiences such obstacles to a lesser degree, the kalá is not properly transformed into káśt́há. At that moment, obstacles are a great necessity. Obstacles should appear. One should invite obstacles. What is the benefit if obstacles come along the path? The transformation of kalá [sysltaltic flow] into káśt́há [linear flow] will be accelerated. Obstacles will appear in personal life, in the collective life, in social life, in all spheres of human life. Obstacles need to come and are desirable. If you struggle against obstacles, you will stand to gain and will never lose. That is why obstacles are to be considered as friends.	當一個人曲度波流的變化尚未能正確地轉化為較直的波流時，此時障礙對他而言就是必要的，困難應該要一再地出現，他應該要歡迎這些障礙的到來。來到道上的困難和障礙帶來何等益處呢？能讓曲度波流加快變直。困難在個人生命中會出現，在集體生活也會出現，在社會生活中一樣出現，在人類生活的每一層面它都會出現。阻礙必須出現而且它應受到歡迎。如果你一直在與困境奮鬥，那麼你只會有所得，絕對不會有所失。所以要把困難當成是你的朋友。		Shrii Shrii Ánandamúrti | 13 April 1979, Kolkata | 04 Yatamána – the Stage of Perseverance | Ánanda Vacanámrtam Part 10	Shrii Shrii Ánandamúrti | 1979年4月13日於加爾各答 | 18 靈性修持第一階段──有恆的努力 | 喜悅甘露集 卷5，P.156	665	202
pair_0414_1988_000_260414	0414_1988_000_260414.txt	Human beings must always try and adjust their own microcosm with the Macrocosmic blendings. The microcosms will have to move with accelerating speed towards the Supreme Entity – towards the non-manifest supreme rays. In this endeavour, human beings are bound to be successful if they try. If human beings make proper effort, they must succeed, they will have to succeed, because their ectoplasmic entity and endoplasmic coverage are both influenced by microvita.	人類必須始終以他們的小宇宙嘗試著與大宇宙混成協調。小宇宙必須以加速度朝向至上的本體前進──向不顯現的至上光芒前進。只要他們試著以如此的努力去做，必定可成功。如果人們施以正確的努力，他們一定能成功，必得成功；因為他們的心質體與心質被覆蓋兩者，都受到微生元的影響。	Gli esseri umani devono sempre cercare di armonizzare il proprio microcosmo con le combinazioni macrocosmiche. I microcosmi dovranno avanzare con velocità crescente verso l’Entità Suprema – verso i raggi supremi non manifesti. In questo sforzo, gli esseri umani sono destinati al successo se realmente si impegnano. Se compiono lo sforzo adeguato, devono riuscire, riusciranno, perché la loro entità ectoplasmatica e il loro rivestimento endoplasmatico sono entrambi influenzati dai microvita.	Shrii Shrii Ánandamúrti | 14 April 1988, Kolkata | 12 Sidereal Year | Microvitum in a Nutshell	Shrii Shrii Ánandamúrti | 1988年4月14日於加爾各答 | 11 恆星年 | 微生元概要	462	130
pair_0417_1988_000_260417	0417_1988_000_260417.txt	The more that government revenue is spent on developmental programmes – not including the salaries of government employees – the better it is for the countryʼs economy. This policy will render great service to the masses and lead to increasing socio-economic development. As a result of the constant circulation of capital, national wealth will increase. While the government must think about the bare necessities of government employees, increasing the salaries of government employees by reducing the amount of money spent on public services can never be supported. The more that money is invested in developmental programmes, the better it is.	政府的歲入花在發展計劃上的愈多（這不包括政府雇員的薪水），對於國家的經濟就愈好。此一政策對於大眾服務良多，並能不斷增加社會經濟的發展，因為資金不斷流通，國家財富就會增加。儘管政府一定要照顧到政府雇員的基本需求，但以減少公眾服務上的支出來增加政府雇員的薪水，是行不通的。投資在發展計劃上的錢愈多，結果會愈好。	Quanto maggiore è la quota delle entrate governative destinata ai programmi di sviluppo – escludendo gli stipendi dei dipendenti pubblici – tanto migliore sarà la situazione per l’economia del paese. Questa politica renderà un grande servizio alle masse e condurrà a un crescente sviluppo socio-economico. Come risultato della costante circolazione del capitale, la ricchezza nazionale aumenterà. Sebbene il governo debba provvedere ai bisogni essenziali dei dipendenti pubblici, non si può in alcun modo sostenere un aumento dei loro stipendi ottenuto riducendo le risorse destinate ai servizi pubblici. Quanto più denaro viene investito nei programmi di sviluppo, tanto meglio è.	Shrii Shrii Ánandamúrti | 17 April 1988, Kolkata | 28 Developmental Programmes | Proutist Economics	Shrii Shrii Ánandamúrti | 1988年4月17日於加爾各答 | 28 發展計劃 | 進用論經濟學	646	153
pair_0418_1957_104_240103	0418_1957_104_240103.txt	To realize His manifestation in the vast sky of your inner mind you will have to make your mental plate absolutely clean and spotless through the process of sádhaná. In this process of mental purification you will experience that the Supreme Entity has come within your inner mind (buddhitattva) and has established His contact with the inner core of your heart. Remember that He is only attainable through ideation.	為了在你內在心靈廣闊的天空了悟他的展現，你必須透過靈性修持去除心智板上所有的塵垢。在心智淨化的過程中，你將體驗到至上本體來到你的內在心（我覺），並且與你内在核心緊密相連。你必須牢記於心：唯有透過心中對祂的持念才能得到祂。		Caetra Púrńimá 1957 DMC, Nathnagar, Bhagalpur | Form and Formless | Subháśita Saḿgraha Part 5	1957年4月18日於巴加爾布爾納斯納加爾 | 形象與無形無相 | 靈性科學集成卷5，P.104	418	110
pair_0420_1979_152_250515	0420_1979_152_250515.txt	How does the individual move ahead? There is Hari on one side and Hara on the other. On the one side there is progress; on the other side there is destruction. While Hara symbolizes destruction, Hari symbolizes creation. The world moves on through the clash of Hari and Hara (Hariharátmaka). A small and beautiful bud appears on a plant.The flower blooms, unfolds itself completely. Till now, there is the sport of Hari. Thereafter the play of Hara begins. The petals wither and fall off, one after the other. As there is creation on the one hand, destruction awaits on the other. Sometimes we die and sometimes we live. The individual has to move ahead through struggles. One has nothing to fear. Why should one fear death? People have to attain immortality by waging war against death. This is our sádhaná.	個體要如何向前邁進？一邊是哈里(Hari)，另一邊是哈拉(Hara)。一邊是進步，一邊是毀滅。當「哈拉」代表毀滅時，「哈里」就代表著創造。這世界不斷在創造和毀滅的摩擦衝擊中向前進(hariharátmaka)。一株植物上一朵小小的花苞正要綻放，而後花朵盛開將自身完全展現，目前為止是哈里的創造遊戲。哈拉的毀滅遊戲繼而開始，花瓣淍落，花兒謝了。由於這一頭正行創造，另一頭毀滅即行等待。有時我們生，有時我們死，個體生命必須透過不斷的奮戰向前進，吾人無需恐懼。我們為什麼要害怕死亡呢？人們必須與死亡奮戰以成就不朽，這就是我們的靈性修持。		Shrii Shrii Ánandamúrti | 20 April 1979, Kolkata | 25 Táńd́ava Dance – What and Why? | Saḿgiita: Song, Dance and Instrumental Music	Shrii Shrii Ánandamúrti | 1979年4月20日於加爾各答 | 3-2 勇士舞 | 音樂與靈性修持，P.152~153	811	265
pair_0420_1981_000_260420	0420_1981_000_260420.txt	We stand to create a powerful, dynamic and upsurging social consciousness, especially among women, so that they are inspired to rise, abolish dogma and annihilate all symbols of slavery, and usher in a new era of coordinated cooperation and glorious achievement. Let women be the vanguard of a new revolution which humanity must achieve for a glorious tomorrow.	我們主張創造一個有力的、活潑的、向上提升的社會意識，尤其是在婦女之間，以鼓舞她們上進；廢除教條，棄絕所有奴隸的象徵，以引進一個協調合作與光榮成就的新紀元。為了達到人類明日的榮光，讓婦女成為新革命的先鋒吧！		Shrii Shrii Ánandamúrti | 20 April 1981, Calcutta | 19 Womenʼs Rights | The Awakening of Women	Shrii Shrii Ánandamúrti | 1981年4月20日於加爾各答 | 1-3-4 婦女的權利 | 女性的覺醒	361	102
pair_0421_1969_000_240413	0421_1969_000_240413.txt	Each and every man, each and every individual, should make maximum utilization of his self. That is, one must not waste a single second in developing his intellectual capacity, intellectual potentiality and spiritual potentiality.	每個人都應該把自己做最大的利用。也就是說，時時刻刻都沒有浪費，時時刻刻都在培養自己的心智能力、心智潛能、靈性潛能。		Shrii Shrii Ánandamúrti | 21 April 1969 morning, Manila | 11 Utilize All Your Potentialities | Ánanda Vacanámrtam Part 23	Shrii Shrii Ánandamúrti | 1969年4月21日晨於馬尼拉 | Utilize All Your Potentialities（13 善用潛能） | Ánanda Vacanámrtam Part 23（喜悅甘露集：英文版卷23，中文版卷7） | **Didi Anandashivanii 2024年4月13日9:43新譯	230	57
pair_0422_1969_070_250929	0422_1969_070_250929.txt	Now, wherever there is any expression or wherever there is no expression, the Witnessing Entity is there, just like the light of a stage, a theatrical stage. When there is an actor, the light is there, witnessing the activities of the actor. The actor says something, recites something, and the light of the stage witnesses the activities of that particular actor. And when a singer comes, that light witnesses the activities of the singer. A dancer comes, and that very light witnesses the activities of the dancer. And when nobody is present – no actor, no dancer, no singer – the light, that very light, witnesses that “Nobody is present here now.” It expresses the fact before the audience, before the spectators, that there is nobody on the stage. Similarly, where there is expression, that Cosmic Light, that Cosmic Father, is there. And where there is no expression, the Father is there to say that nobody is present now – just like that light of the theatrical stage.	不管有無任何展現、表達，那目證的本體一直都存在著，就像戲院舞台上的燈光。當舞台上的演員在演出時，就有燈光照著他，目睹著他所有的活動。無論他是說話、吟誦，舞台上的燈光都目證著那位演員所做的一切。當換成歌唱家走上舞台時，那燈光就目證著那位歌唱家的活動。再換成舞蹈家進場，同樣的燈光依舊目證著那位舞蹈家的活動。而當台上沒有任何人，沒有演員、沒有舞者、沒有歌者在舞台上時，那同樣的燈光即目證著「現在沒有任何人在場」。它在聽眾面前，在觀眾面前展現一個事實，就是舞台上沒有任何人。同樣的，當有任何展現時，宇宙的光源，宇宙之父就在那兒。當沒有任何展現時，至上之父依然在那兒表示「現在沒有人出現」—就像戲院舞台上的燈光一樣。		Shrii Shrii Ánandamúrti | 22 April 1969, Manila | 12 Stages of Samádhi | Ánanda Vacanámrtam Part 23	Shrii Shrii Ánandamúrti | 1969年4月22日於馬尼拉 | 09 三摩地的各個階段 | 靈性修持與三摩地，P.70~71	975	304
pair_0422_1979_186_260309	0422_1979_186_260309.txt	Whatever you do, repeat your Guru mantra in your mind. In other words, while doing your work take the name of Parama Puruśa so that your action will be sanctified. If you find that you are not in a position to do anything else, then sing kiirtana loudly. In this way you will always remain close to Lord. What do you gain by doing kiirtana? Several sense organs become engaged. The tongue is occupied. So during that time you wonʼt have thoughts like, “I will eat this, eat that;” no kind of greed will remain. The sense of taste and taste buds are obstructed. The ears are busy hearing the kiirtana, so they have no scope to go elsewhere. The mind is always thinking of that, so it also has no scope to go elsewhere. And if kiirtana is combined with dance then oneʼs attention is directed to the rhythm of the dance. As a result of the dance, hormones are secreted from the glands. So under no circumstances can the mind degenerate. There is no way for it to go down. This is the way of the wise.	無論你做何事，都要記得在心裡複誦你的「古魯梵咒」，換言之，在工作時記得持念至上意識的名字，如此你的行為將神聖化。倘若你發現自己無所事事，那麼大聲高唱至上的聖名(kiirtana)。這樣你將永遠與上主緊密相繫。 從事「至上聖名的唱頌」(kiirtana)所得為何？因為在唱頌時，你同時讓許多感官都沉浸於此，舌頭因為忙著唱頌，所以沒有空閒去想：「我要吃這個、吃那個。」味覺和味蕾被阻斷，不會起貪念；耳朵因為聆聽唱頌，也不會有閒暇去聽其他的東西。心靈也是一直沉浸於至上聖名的唱頌之中，所以也不會往四處亂跑。如果唱頌至上聖名又加上靈性舞蹈，則一個人的注意力將放在舞蹈的韻律節奏上。跳靈性之舞的結果，使得腺體分泌荷爾蒙。故無論從哪一個角度而言，心靈都不可能會墮落，它沒有墮落的機會，此乃最明智的方法。	Qualunque cosa facciate, ripetete mentalmente il vostro Guru mantra. In altre parole, mentre svolgete il vostro lavoro prendete il nome di Parama Puruśa, affinché la vostra azione venga santificata. Se vi accorgete di non essere in grado di fare altro, allora cantate kiirtana ad alta voce. In questo modo rimarrete sempre vicini al Signore. Che cosa si ottiene facendo kiirtana? Diversi organi di senso vengono impegnati. La lingua è occupata, e quindi in quel momento non sorgeranno pensieri come: «Mangerò questo, mangerò quello»; e ogni impulso di appetito scomparirà. Il senso del gusto e le papille gustative vengono neutralizzati. Le orecchie sono occupate ad ascoltare il kiirtana, perciò non hanno alcuna possibilità di rivolgersi altrove. La mente è costantemente impegnata a pensare a quello, e quindi anche per essa non c’è spazio per vagare altrove. Se poi il kiirtana è accompagnato dalla danza, l’attenzione viene diretta anche al ritmo della danza. Come risultato della danza, le ghiandole secernono ormoni. Così, in nessuna circostanza la mente può degenerare. Non c’è alcuna possibilità che scenda verso il basso. Questo è il modo dei saggi.	Shrii Shrii Ánandamúrti | 22 April 1979, Kolkata | 09 The Supreme Entity – the Non-Doer | Ánanda Vacanámrtam Part 10	Shrii Shrii Ánandamúrti | 1979年4月22日於加爾各答 | 21 宇宙意識非行為者 | 喜悅甘露集 卷5，P.186	998	345
pair_0423_1979_000_260423	0423_1979_000_260423.txt	One has to transcend the cycle of actions and reactions. One must desist from wrong actions. “I will restrain myself from unrighteous actions. I shall not do anything unjust, come what may. I shall fight against evil. I shall fold my hands before a righteous person.” This is the lifestyle of a righteous person. “I shall be vociferous against injustice and shall remain humble before a righteous individual. I shall commit no evil. I shall do as much good as possible, and while doing so, I shall tell Parama Puruśa at every step that I desire no reward and want nothing auspicious, in return for my good deeds. Let these be Yours.”	人必須超越作用力與反作用力的循環，人必須不再造惡：「我要克制自己不做壞事，不管處境為何，皆不再從事任何不義之事，我要與邪惡奮戰到底。在正義之士前合掌致敬。」此為正直之人當有之生活方式。「向不公不義之人宣戰、對正義之士謙恭，努力行善不為惡；同時在走每一步路時，都向至上意識表白：自己無意於得到任何好的回報，願所有善行的福報皆歸於祂！」	Bisogna trascendere il ciclo delle azioni e delle reazioni. È necessario astenersi dalle azioni sbagliate. «Mi tratterrò dalle azioni ingiuste. Non compirò nulla di ingiusto, qualunque cosa accada. Combatterò contro il male. Unirò le mani in segno di rispetto davanti a una persona retta.» Questo è lo stile di vita di una persona giusta. «Sarò fermo e deciso contro l’ingiustizia e rimarrò umile davanti a una persona retta. Non compirò alcun male. Farò quanto più bene possibile e, nel farlo, dirò a ogni passo a Parama Puruśa che non desidero alcuna ricompensa né alcun beneficio, in cambio delle mie buone azioni. Che tutto questo sia Tuo.»	Shrii Shrii Ánandamúrti | 23 April 1979, Kolkata | 10 The Witness-ship of Parama Puruśa Is of Supreme Importance | Ánanda Vacanámrtam Part 10	Shrii Shrii Ánandamúrti | 1979年4月23日於加爾各答 | 22 至上本體是全然的見證者 | 喜悅甘露集 卷5	634	166
pair_0424_1969_000_260424	0424_1969_000_260424.txt	A person can easily become omniscient. How can a living creature, a living being, be omniscient? The secret is, if you want to know all, know one. And that one is your own “I”. And if you want to know everything, if you try to know everything, you will not be able to know anything.	人可以輕易變得無所不知──一個活著的凡人，怎能無所不知呢？秘訣在於：若你想了知一切，先認識「一」，此「一」即你自己這個「我」。如你欲曉萬事、試解萬物，你將一無所知。		Shrii Shrii Ánandamúrti | 24 April 1969 DMC, Manila | 07 Longing for the Great | Subháśita Saḿgraha Part 24	Shrii Shrii Ánandamúrti | 1969年4月24日於馬尼拉大法會 | 07 Longing for the Great（07 渴慕至上） | Subháśita Saḿgraha Part 24（靈性科學集成 英文版 卷24）	282	82
pair_0425_1982_000_260425	0425_1982_000_260425.txt	The mind has two main qualities – thinking and recollection. Both these qualities deteriorate in the absence of exercise of those glands, and there is no process for restoring them. Considering all this – considering the location of the glands, and the effect of chandas and mudrás – Shiva invented a unique and perfect dance: táńd́ava. As long as a dancer remains above the ground, he derives much benefit; when he touches the ground, then those benefits are assimilated by the body.	心靈有兩大主要特質──思考和回憶。此二種特質在腺體沒有適當的作用下即逐漸退化，同時無法恢復。希瓦顧及這所有一切，也考慮到腺體所在的位置，以及音樂曲調和身印姿勢的影響等諸多因素，而發明了一種獨特且完美的舞蹈──勇士舞(táńd́ava)。舞者只要持續保持騰躍在地面之上，他即獲益匪淺，一旦他接觸到地面，則那些好處就會被身體吸收。	La mente possiede due qualità principali: il pensiero e la memoria. Entrambe queste qualità si deteriorano in mancanza dell’esercizio di quelle ghiandole, e non esiste alcun processo per ripristinarle. Tenendo conto di tutto questo – considerando la posizione delle ghiandole e l’effetto dei chanda e dei mudrá – Shiva ideò una danza unica e perfetta: il tándava. Finché il danzatore rimane sollevato da terra, trae grandi benefici; quando invece tocca il suolo, tali benefici vengono assimilati dal corpo.	Shrii Shrii Ánandamúrti | 25 April 1982, Calcutta | 03 Shiva – the Focal Point of Everything (Discourse 3) | Namah Shiváya Shántáya	Shrii Shrii Ánandamúrti | 1982年4月25日於加爾各答 | 04 萬有的核心──希瓦 | 永恆的希瓦‧超越時空的教誨	487	163
pair_0426_1969_000_260426	0426_1969_000_260426.txt	What is the correct way to surrender? Prayer? Asking God for this and for that? There the responsibility for what you ask is yours – you might ask for something very inferior, although you approach the All-Powerful for it. The best prayer therefore is, “O Lord, do whatever You think fit and best for me. I do not know in which way lies my good – You know.” There was a demon who prayed that he might die neither during day nor during night. God granted the prayer and he was killed at sunset – twilight. Do not be foolish like this. As long as you pray, you are not surrendering, for you are requesting something for yourself. You are looking after yourself. True surrender is only looking after That.	什麼是「誠服」的正確方法？禱告？祈求上主賜予這個或那個？你必須為自己所求負責，儘管你向全能的主祈求，但你所求的卻可能極為渺小。因此，最好的祈禱應是：「哦，主啊！做任何您認為對我最適當的安排吧！我不知道什麼才是對我最好的，只有您才知道。」 曾經有一個惡魔向上主祈求，讓他不要死於白天和夜晚，上主答應了他，最後他死於傍晚黃昏時。各位不要像他一般愚蠢，做這種祈求。當你有所求之時，你就尚未誠服，因為你仍為了自己，還顧著自己。真正的誠服，目光所及的只有那個「祂」。	Qual è il modo corretto di arrendersi? Pregare? Chiedere a Dio questo o quello? In tal caso, la responsabilità di ciò che chiedi è tua: potresti chiedere qualcosa di molto inferiore, pur rivolgendo la tua richiesta all’Onnipotente. La preghiera migliore è dunque: «O Signore, fa’ ciò che ritieni giusto e migliore per me. Io non so dove risieda il mio vero bene – Tu lo sai.» C’era un demone che pregò di non morire né di giorno né di notte. Dio esaudì la sua richiesta, ed egli fu ucciso al tramonto – nel crepuscolo. Non essere stolto in questo modo. Finché preghi, non ti stai arrendendo, perché stai chiedendo qualcosa per te stesso. Ti stai prendendo cura di te. La vera resa consiste solo nel prendersi cura di Quello.	Shrii Shrii Ánandamúrti | 26 April 1969, Manila | 45 Surrender | Discourses on Krśńa and the Giitá	Shrii Shrii Ánandamúrti | 1969年4月26日於馬尼拉 | 45 臣服（誠服） | 生命的真諦‧薄伽梵歌	702	228
pair_0427_1969_095_240417	0427_1969_095_240417.txt	This universe of ours is not absolute truth – it is only a relative truth. So the wise should try to know the absolute truth. But simultaneously it is also desirable that while striving to realize the Supreme Entity one should maintain an adjustment with this relative world. While doing oneʼs duties properly with the application of madhuvidyá one can achieve permanent cessation of afflictions from this relative world. Then all the entities of this world will be as sweet as honey for the spiritual aspirant. One should follow the dictum, “Hearts to God and hands to work”. Sádhakas should proceed to the supreme goal with slow but steady steps with bliss within. They must do their duties in the physical world without attachment.	我們的這個宇宙不是絕對的真實，而只是相對的真實。智者應努力去了解那絕對的真實。但是當一個人努力去了悟至上本體的同時，也應與此相對的世界保持調適。當我們從事自己的職責，適當地運用視萬物皆為至上顯現的宇宙理念時，即能永遠地停止此相對世界的苦難。那麼對於修行者而言，此世界的所有實體將甜美如蜜。一個人應遵守「心向上帝，手做工作」的格言。靈修者應心懷喜悅以緩慢穩定的步伐走向至上的目標。他們應以無執著之心在此物質的世界盡其義務。		27 April 1969, Ranchi Jágrti | The Samádhi of Inferential and Non-Inferential Bliss | Tattva Kaomudii Part 2	1969年4月27日於阮奇 | 微波元素與非微波元素之喜悅三摩地 | 靈性修持與三摩地，P.95	736	210
pair_0427_1969_095_250909	0427_1969_095_250909.txt	This universe of ours is not absolute truth – it is only a relative truth. So the wise should try to know the absolute truth. But simultaneously it is also desirable that while striving to realize the Supreme Entity one should maintain an adjustment with this relative world. While doing oneʼs duties properly with the application of madhuvidyá one can achieve permanent cessation of afflictions from this relative world. Then all the entities of this world will be as sweet as honey for the spiritual aspirant. One should follow the dictum, “Hearts to God and hands to work”. Sádhakas should proceed to the supreme goal with slow but steady steps with bliss within. They must do their duties in the physical world without attachment.	我們的這個宇宙不是絕對的真實，而只是相對的真實。智者應努力去了解那絕對的真實。但是當一個人努力去了悟至上本體的同時，也應與此相對的世界保持調適。當我們從事自己的職責，適當地運用視萬物皆為至上顯現的宇宙理念時，即能永遠地停止此相對世界的苦難。那麼對於修行者而言，此世界的所有實體將甜美如蜜。一個人應遵守「心向上帝，手做工作」的格言。靈修者應心懷喜悅以緩慢穩定的步伐走向至上的目標。他們應以無執著之心在此物質的世界盡其義務。		Shrii Shrii Ánandamúrti | 27 April 1969, Ranchi Jágrti | 01 The Samádhi of Inferential and Non-Inferential Bliss | Tattva Kaomudii Part 2	Shrii Shrii Ánandamúrti | 1969年4月27日於Ranchi道場 | 14 微波元素與非微波元素之喜悅三摩地 | 靈性修持與三摩地，P.95~96	736	210
pair_0427_1969_095_260429	0427_1969_095_260429.txt	The true identity of a human being is that he or she is the progeny of Parama Puruśa, and will always be. If the same person is merely looked upon as an insignificant, weak and frail human being, it would be demeaning. Human beings are entitled to the transcendental world beyond the realm of the senses. Thus, human beings must not remain oblivious of that transcendental world while caught up in the relative world of trials and tribulations. They must advance towards the spiritual goals.	人類的真正身分是至上意識的子女，而且永遠如此。如果他們只被視為微不足道、軟弱且意志不堅的人類，那將是自貶身分；人類有權力超越感官的國度到達超覺的世界。當他們陷入苦難的相對世界時，他們不應忽略那個超覺的世界，他們必須朝向靈性的目標前進。	La vera identità dell’essere umano è che egli o ella è progenie di Parama Puruśa, e lo sarà sempre. Se la stessa persona viene considerata soltanto come un essere umano insignificante, debole e fragile, ciò costituisce una svalutazione. Gli esseri umani hanno diritto al mondo trascendentale al di là della sfera dei sensi. Pertanto, gli esseri umani non devono rimanere inconsapevoli di quel mondo trascendentale mentre sono immersi nel mondo relativo delle prove e delle tribolazioni. Devono avanzare verso le mete spirituali.	Shrii Shrii Ánandamúrti | 27 April 1969, Ranchi Jágrti | 01 The Samádhi of Inferential and Non-Inferential Bliss | Tattva Kaomudii Part 2	Shrii Shrii Ánandamúrti | 1969年4月27日於Ranchi道場 | 14 微波元素與非微波元素之喜悅三摩地 | 靈性修持與三摩地，P.95	492	117
pair_0427_1980_000_260427	0427_1980_000_260427.txt	The constant pursuit of intellectuality leads one to its furthest point, the place where intuition begins. Hence in the realm of spiritual practice, it is immensely helpful. The path of sádhaná is not devoid of intellect or intuition; rather it is based on intuition. It gives no scope for superstition or blind faith. Instead it facilitates the maximum all-round progress of humanity and the manifestation of the highest human excellence.	不斷的追求知性，將引導一個人走向它的最遠點，亦即直覺的起點，因此在靈性修持的領域裡，這是非常有助益的。靈性修持的道路並不是沒有聰明智慧或直覺，相反的還以直覺為基礎。它非但沒有迷信或盲從，同時還能促成人類全面且極致的進步及人類最殊勝處的展現。	La costante ricerca dell’intellettualità conduce l’essere umano al suo punto più estremo, là dove ha inizio l’intuizione. Per questo, nell’ambito della pratica spirituale, essa è di immenso aiuto. Il cammino del sadhana non esclude né l’intelletto né l’intuizione; ma il suo fondamento è l’intuizione. Non lascia spazio alla superstizione né alla fede cieca. Favorisce invece il massimo progresso globale dell’umanità e la manifestazione della più alta eccellenza umana.	Shrii Shrii Ánandamúrti | 27 April 1980, Kolkata | 08 The Faculty of Knowledge – 1 | Yoga Psychology	Shrii Shrii Ánandamúrti | 1980年4月27日於加爾各答 | 08 知識的能力（一） | 生命科學觀：瑜伽心理學	441	120
pair_0429_1979_000_260429	0429_1979_000_260429.txt	It is a good thing that your eyes are open and that you have become free from superstitions. But it is even more important to see that others do not fall victim to superstitions. Do not indulge this cheating-in-the-name-of-religion mentality. Bráhmańa is the collective name given to all these things. And the instrument by which it is accomplished is called mantra.	能夠張大眼睛洞悉真相而跳脫迷信是件好事，然而更重要的是：確保他人不再受迷信危害。決勿縱容「以宗教之名行騙」的心態與想法。Bráhmańa（儀軌）是這類事物的統稱，而達成這些目的的工具則被稱為Mantra（真言、梵咒）。	È una buona cosa che i vostri occhi si siano aperti e che vi siate liberati dalle superstizioni. Ma è ancora più importante fare in modo che anche gli altri non cadano vittime delle superstizioni. Non assecondate questa mentalità di inganno in nome della religione. Brāhmaṇa è il nome collettivo dato a tutto questo apparato di pratiche e prescrizioni rituali. E lo strumento attraverso cui, in tale ambito, queste pratiche vengono realizzate è chiamato mantra.	Shrii Shrii Ánandamúrti | 29 April 1979, Kolkata | 05 The Psychology behind the Origin of Vedic Gods and Goddesses | Ánanda Vacanámrtam Part 11	Shrii Shrii Ánandamúrti | 1979年4月29日於加爾各答 | 05 The Psychology behind the Origin of Vedic Gods and Goddesses（05 吠陀諸神起源背後的心理學） | Ánanda Vacanámrtam Part 11（喜悅甘露集 英文版 卷11）	368	109
pair_0430_1969_059_240824	0430_1969_059_240824.txt	At the time of pineal secretion if a sádhaka goes into samádhi – he or she visualises or experiences a kind of divine aura around the anáhata chakra. The sádhaka realizes that he or she is experiencing a divine dip in the holy aura, and feels indescribable bliss in the heart. In that exalted state of realization every object of this universe seems to be extremely sweet, and one derives immense bliss which no worldly object could ever provide. The sunʼs rays, the moon beams, the land, the water, in fact everything appears to be emanating continuous stream of blissful nectar.	在松果體分泌荷爾蒙時，修行者如果進入三摩地—他或她能在心裡看見或是體驗到一種神性的光環繞著心輪。修行者了知他經驗到沈浸在至上神聖的光輝裡，他在心中感受到非筆墨所能形容的喜悅。在此喜悅的了悟境界裡，宇宙中每件事物都顯得特別的甜美，一個人得到了非塵世中所能獲得的巨大喜悅。在他看來，太陽的光芒、月亮的光輝、大地、水，事實上在一切事物中都不斷放射出喜悅的甘露波流。		Shrii Shrii Ánandamúrti | 30 April 1969, Ranchi Jágrti | 03 Anindyánanda Rasa Samádhi | Tattva Kaomudii Part 2	Shrii Shrii Ánandamúrti | 1969年4月30日於Ranchi道場 | 02 三摩地與生命標竿 | 靈性奧義釋要 卷1，P.59	584	179
pair_0430_1980_140_250127	0430_1980_140_250127.txt	When people become tired and uninspired, when they can no longer look towards the future with hope, when their colourful dreams are shattered, at that time the sweetness of a festival brings new joy and vigour in life. Thus in individual and collective life, the importance of festivals is tremendous. One should always remember that festivals should be such that all can take part in them without any ostentatious display of wealth, and with an upsurge of their life force. And these festivals should be conducted in such a way that people take part in them from a spontaneous inner urge. I hope that you will make such arrangements so that all are attracted towards your festivals which will be more and more charming – and this will bring about your collective welfare.	當人們覺得疲乏了、沒有任何鼓舞的力量，當他們對未來不再有希望，所有彩虹般的夢想已破碎，此時一種激勵人心、迎向新生命的甜美慶典活動將為生命帶來新的喜悅和活力。因此不管對個人生命或是群體生命而言，活動的重要是不在話下的。人人應牢記，無論是誰皆應帶著氣宇軒昂的生命力，而不應為炫耀財富而參與此等活動。並且應該舉行一些讓人們內在有強烈的渴望，願意自動自發來參加的活動。我期許各位能夠舉辦這樣的活動，那麼所有的人都將為你們的活動吸引，這些活動也將愈辦愈出色、更有吸引力，這將為眾生帶來群體的福祉。		Shrii Shrii Ánandamúrti | 30 April 1980, Calcutta | 03 On Festivals | A Few Problems Solved Part 5	Shrii Shrii Ánandamúrti | 1980年4月30日於加爾各答 | 04 臍輪(Mańipura cakra)／迎向生命的慶典 | 生命的奧秘‧脈輪科學觀，P.140	772	243
pair_0501_1969_065_250719	0501_1969_065_250719.txt	The vastness of the universe is due to the five fundamental factors. If the liquid factor was withdrawn from this universe, it would be one thousand times smaller than its present size. If the luminous and aerial factors were withdrawn from that universe, it would be a thousand times smaller than a mustard seed. And if the ethereal factor was withdrawn from the remaining portion a small point would remain having a certain position but no magnitude. So, the vast universe is in reality, nothing but a point. The Supreme Entity, in His imaginative flow, has attached the five fundamental factors to this tiny point to create the vast universe. During sádhaná, the mind has got to be one-pointed. That point is the silver line between the relative world and the absolute world. Hence, in the course of sádhaná, when a sádhaka achieves full control over objects (an object is nothing but a collection of inferential vibrations) he or she is said to have attained “tanmátrika samádhi”.	此浩瀚的宇宙來自於五種基本原素。如果液體原素從宇宙中被回收，那麼宇宙將比目前小一千倍。如果光與氣原素也被回收，那麼宇宙將比一粒芥子還小一千倍。又如果將乙太原素從剩餘的部分回收，那麼所留下來的將只是一個小點，佔有一個位置，但是沒有大小。所以浩瀚的宇宙事實上僅為一個小點。至上本體在其想像的波流中，將此五種基本原素附加至此小點上，而創造出廣大的宇宙。在從事靈修靜坐時，心靈必須成為一點。該點是相對世界與絕對世界之間的銀線。在靜坐的過程中，當靈性修持者達到完全地控制物體（物體只不過是微波原素波動的集合）時，他即是達到微波元素的三摩地。		Shrii Shrii Ánandamúrti | 1 May 1969, Ranchi Jágrti | 05 Tanmátrika Samádhi | Tattva Kaomudii Part 2	Shrii Shrii Ánandamúrti | 1969年5月1日於Ranchi道場 | 2-5 微波元素三摩地 | 靈性奧義釋要 卷1，P.65	991	265
pair_0501_1969_104_240209	0501_1969_104_240209.txt	The vast universe is in reality, nothing but a point. The Supreme Entity, in His imaginative flow, has attached the five fundamental factors to this tiny point to create the vast universe. During sádhaná, the mind has got to be one-pointed. That point is the silver line between the relative world and the absolute world.	浩瀚的宇宙事實上僅為一個小點。至上本體在其想像的波流中，將此五種基本原素附加至此小點上，而創造出廣大的宇宙。在從事靈修靜坐時，心靈必須成為一點。該點是相對世界與絕對世界之間的銀線。		Shrii Shrii Ánandamúrti | 1 May 1969, Ranchi Jágrti | 05 Tanmátrika Samádhi | Tattva Kaomudii Part 2	Shrii Shrii Ánandamúrti | 1969年5月1日於Ranchi道場 | 16 微波元素三摩地 | 靈性修持與三摩地，P.104	323	90
pair_0501_1988_000_260501	0501_1988_000_260501.txt	Sometimes innocent people may be subjected to severe punishment because wrong information appeared in the documents and records concerned with their trials. At other times judges may deliver incorrect judgements, and in fact there are numerous cases where judges have made mistakes. In such circumstances even innocent people may be given capital punishment. Then again, innocent people or those who have committed minor crimes are sometimes deliberately given capital punishment because of malicious judgements. Such punishments can never be supported.	有時，無辜者可能因審判文件與紀錄中的錯誤資訊，而承受嚴厲懲罰；又或者法官做出錯誤判決──事實上，法官誤判的案例屢見不鮮；在此情況下，即便清白無辜的人也可能被處以極刑；更有甚者，無辜或輕罪有時竟因惡意而被故意判死。此類懲處永遠無法獲得正當認可。		Shrii Shrii Ánandamúrti | 1 May 1988, Calcutta | 08 Mass Murder | Prout in a Nutshell Volume 3 Part 15	Shrii Shrii Ánandamúrti | 1988年5月1日於加爾各答 | 08 Mass Murder（08 體制謀殺） | Prout in a Nutshell Volume 3 Part 15（進步利用論概要 卷3部15）	553	121
pair_0502_1990_112_241212	0502_1990_112_241212.txt	The human body is a biological machine. No body deviates from this rule – all physical bodies are biological machines. The different types of lessons in Ananda Marga sádhaná [spiritual practices] are designed to strengthen the different cakras and control the propensities. Guru dhyána [meditation on the guru] strengthens the sahasrára cakra. If there is control over the sahasrára cakra, then the body and mind can be controlled completely.	人體是一部生物機器，身體無法脫離這個規則，所有的身體都是生物機器。阿南達瑪迦的各種靜坐課程就是為了用來加強不同的脈輪以及控制各種情緒傾向的作用。對古魯的禪定修持(Guru dhyána)可加強頂輪(sahasrára cakra)。如果能控制頂輪，則整個身、心都可完全得到控制。		Shrii Shrii Ánandamúrti | 2 May 1990, Kolkata | 10 Glands and Sub-Glands | Yoga Sádhaná	Shrii Shrii Ánandamúrti | 1990年5月2日於加爾各答 | 08 生物心理學、瑜伽心理學和瑜伽修持／腺體與次腺體 | 瑜伽修持科學觀，P.112	447	139
pair_0502_1990_114_260312	0502_1990_114_260312.txt	Love and affection are very good attributes, but to protect oneself and society from their possible extreme expressions, the best path to follow is to channelize all oneʼs love and affection towards Parama Puruśa [Supreme Consciousness]. This will expand the arena of oneʼs love and accelerate oneʼs march towards the Great. A person who has developed universal love will be able to do very great work in a very short time.	愛和情感都是很好的特質，不過為了防止個人和社會可能有極端的表現，最好遵循的方法就是把個人所有的愛和情感導向至上意識，如此將可擴展一個人愛的領域，使之加速朝向至上邁進。已發展出宇宙之愛的人將可在非常短的時間內做出偉大的事情。		Shrii Shrii Ánandamúrti | 2 May 1990, Kolkata | 10 Glands and Sub-Glands | Yoga Sádhaná	Shrii Shrii Ánandamúrti | 1990年5月2日於加爾各答 | 08 生物心理學、瑜伽心理學和瑜伽修持 | 瑜伽修持科學觀，P.114~115	424	111
pair_0505_1957_122_260326	0505_1957_122_260326.txt	With the attainment of only a wee bit of divine grace the ego starts disappearing from the crude human body, nityánitya viveka gets awakened, and this discriminating judgment establishes the sádhaka in Brahmic consciousness. Remember, on the path of meditation, devotion is the paramount factor. Wherever there is devotion Godʼs mercy is there – it has got to be.	只要得到些微至上神聖的恩典，自我感便從粗鈍的肉身消失，對永恆和短暫的分別明辨被喚醒，此真知明辨的力量將修行者置身在至上意識裡。要牢記於心，在靜坐的道路上，虔誠是最重要的因素，有虔誠之處就有上主的恩典，這是必然的。	Con l’acquisizione anche di una minima grazia divina, l’ego comincia a dissolversi dal corpo umano grossolano; si risveglia il nityánitya viveka [la discriminazione tra ciò che è eterno e ciò che è transitorio], e questo giudizio discriminante stabilisce il sādhaka nella coscienza brahmica. Ricorda: sul sentiero della meditazione, la devozione è il fattore fondamentale. Dove c’è devozione, lì c’è la misericordia di Dio — necessariamente.	Shrii Shrii Ánandamúrti | Ánanda Púrńimá 1957, Jamalpur | 11 Thoroughly Practical Aśt́áuṋga Yoga Sádhaná | Yoga Sádhaná	Shrii Shrii Ánandamúrti | 1957年5月5日喜悅滿月日於Jamalpur | 09 實用的八部瑜伽修持法 | 瑜伽修持科學觀，P.122	365	106
pair_0505_1957_123_260604	0505_1957_123_260604.txt	Morality is the foundation of sádhaná (spiritual practice). It must, however, be remembered that morality or good conduct is not the culminating point of the spiritual march. As a moralist one may set an ideal for other moralists, but to do this is not something worth mentioning for a sádhaka (spiritual aspirant). Sádhaná, in its very start, requires mental equilibrium. This sort of mental harmony may also be termed as morality.	道德是靈性修持的基礎。但必須謹記：道德或良好的行為並非靈性修持的最終目標。一個道德家或許可以為其他道德家訂立一個理想，但是對一個靈性修行者來說，這是不值得一提的。從事靈性修持，先要有一顆平和的心，這種心智的和諧也可以稱做道德。	Shrii Shrii Ánandamúrti Ánanda Púrńimá 1957, Jamalpur 11 L'Aṣṭāuṅga Yoga: una pratica spirituale per la vita quotidiana Yoga Sádhaná	Shrii Shrii Ánandamúrti | Ánanda Púrńimá 1957, Jamalpur | 11 Thoroughly Practical Aśt́áuṋga Yoga Sádhaná | Yoga Sádhaná	Shrii Shrii Ánandamúrti | 1957年5月5日喜悅滿月日大法會於Jamalpur | 09 實用的八部瑜伽修持法 | 瑜伽修持科學觀，P.123	437	113
pair_0505_1958_038_251129	0505_1958_038_251129.txt	When a microcosm reaches a stage of expanded consciousness, having made considerable psychic progress due to natural clashes or due to contact with more-developed minds, and is able to control the psychic propensities as opposed to being subservient to them, it is called manuśya [human being]. The term manuśya, or mánuśa, means “mind-preponderant being”. With the development of the mind, the physical structure becomes more complex. It can be put in another way: the physical structure grows in complexity in order to serve as a proper vehicle for the expression of a developed mind. When the psychic activities are channelized in different directions or engaged in combatting various obstacles, the brain, the medium of the mind, is bound to become more complex.	小宇宙個體由於自然的衝擊或與進化較快的心靈接觸，而使其心靈獲致相當的進步，當達到意識擴展的階段，且能夠控制而不屈從於心靈情緒傾向的作用時，即稱為人類。人類(manuśya或mánuśa)一詞意指「以心靈為主導的生物」。 隨著心靈的發展，身體構造變得更複雜。換言之：身體構造變複雜是為了作為已進化心靈表達之適當工具。當心靈活動導向不同的方向或與各種障礙搏鬥時，心靈媒介之大腦也必定會變得更複雜。	Quando un microcosmo raggiunge uno stadio di coscienza espansa — dopo aver compiuto notevoli progressi psichici grazie ai normali conflitti evolutivi o al contatto con menti più evolute — e riesce a dominare le proprie tendenze mentali invece di esserne dominato, allora viene chiamato manuśya [essere umano]. Il termine manuśya (o mānusa) significa infatti “essere in cui prevale la mente”. Con lo sviluppo del pensiero, anche la struttura fisica diventa più complessa. In altre parole, l’organismo si evolve per diventare un veicolo adeguato all’espressione di una mente più sviluppata. Quando le attività psichiche vengono indirizzate in molteplici direzioni o impegnate nel fronteggiare vari ostacoli, il cervello — il mezzo della mente — è necessariamente portato a diventare più complesso.	Shrii Shrii Ánandamúrti | Vaeshákhii Púrńimá 1958 DMC, Ranchi | 03 Sádhaná | Subháśita Saḿgraha Part 7	Shrii Shrii Ánandamúrti | 1958年5月5日Vaeshákhii滿月日於Ranchi大法會 | 03 靈性修持 | 靈性科學集成 卷7，P.38	770	196
pair_0505_1958_041_240228_Vaeshákhii	0505_1958_041_240228_Vaeshákhii.txt	In the most developed minds, an infinite thirst becomes awakened. By attaining the supreme rank of Brahma – bliss personified – that infinite thirst can be quenched. The sustained effort to attain that blissful state is called dharma sádhaná.	在最擴展的心靈中，對無限的渴求覺醒了。達到宇宙本體(Brahma──喜悅的化身)的最高境界，才能解除對無限的渴求。持續的努力以達喜悅的狀態即稱為法性的修持。		Vaeshákhii Púrńimá 1958 DMC, Ranchi | Sádhaná, Subháśita Saḿgraha Part 7	1958年5月5日Vaeshákhii滿月於Ranchi大法會 | 靈性修持，靈性科學集成卷7，P.41	244	78
pair_0505_1958_041_240301_Vaeshákhii	0505_1958_041_240301_Vaeshákhii.txt	What is the source of inspiration of the individualʼs efforts to convert crude energy into subtle energy? In this case the Cognitive Faculty is the source of inspiration. The Cognitive Force manifests itself as Bhaeravii Shakti to expedite the evolution of mind. The will to evolve is primarily dependent on the active role of Bhaeravii Shakti. In fact Bhaeravii Shakti is oneʼs real “I”.	如何激勵一個人將其粗鈍的能量轉變為精細的能量？此處激勵的來源就是至上認知的能力。至上認知力以拜拉維力量(Bhaeravii Shakti)將自己顯現出來，以加速心靈的進化。想要進化的心念主要依賴活躍的拜拉維力量。事實上，拜拉維力量就是一個人真正的「我」。		24 March 1959 DMC, Saharsa | The Devotee and the Lord, Discourses on Tantra Volume One	1958年5月5日Vaeshákhii滿月於Ranchi大法會 | 靈性修持，靈性科學集成卷7，P.41	388	127
pair_0505_1979_031_240328_Ánanda	0505_1979_031_240328_Ánanda.txt	One should undergo penance for othersʼ welfare, for the well-being of the world; and the good that the world enjoys due to oneʼs sacrifice is the reward. One should not expect any reward greater than this. The good result of a good action is the reward of that action. Similarly the bad result of a bad deed is the negative price of that action.	我們應為他人的福祉，為世界的福祉而苦行。由於你的犧牲奉獻而讓世界享有美好的結果，這就是回報。除此之外，你不該期望別的。好的結果就是善行本身的報償；壞的結果就是惡行負面的代價。		Ánanda Púrńimá 1979 DMC, Calcutta | How an Ideal Person Should Live, Subháśita Saḿgraha Part 12	1979年5月5日滿月日於加爾各答大法會 | 理想人該如何生活，靈性科學集成卷12，P.31	345	87
pair_0505_1979_031_240404_Ánanda	0505_1979_031_240404_Ánanda.txt	Human beings have come onto this earth to do something good, some thing which will be of some benefit for the society for at least some period of time, if not forever. This is the reason why Vivekananda said, “As you have come to the world, you must leave some mark behind”.	人類來到這個世界，為的是做一些好事，就算這些好事不能永遠利益這個社會，至少在某段時間內是有益的。這就是為什麼維威卡難陀說：「既然你已來到人世，就應該為世人留下一些東西。」		Ánanda Púrńimá 1979 DMC, Calcutta | How an Ideal Person Should Live, Subháśita Saḿgraha Part 12	1979年5月5日滿月日於加爾各答大法會 | 理想之人該如何生活，靈性科學集成卷12，P.31	274	85
pair_0505_1979_035_260314	0505_1979_035_260314.txt	The practice of yoga should be such that it will bring people in contact with the Lord. Yoga practitioners should practice those processes that lead to the different stages of yoga: sálokya, sámiipya, sáyujya, sárśt́hi, kaevalya, etc. That is good both for the society as well as for the individuals concerned. But if one does not advance spiritually and yet one practices Práńáyáma for hours together, it does good neither to the individual nor to the society. The goal of all spiritual endeavour is Parama Puruśa. So whatever we do, we must do keeping Parama Puruśa fixed before our eyes – we must not do anything forgetting Him.	瑜伽的鍛鍊應該是要讓人能與至上接觸。修行者應鍛鍊能達到下列各境界的瑜伽修持法：「與上主同在」(sálokya)、「與上主有親密覺受」(sámiipya)、「與上主有親密接觸」(sáyujya)、「我就是祂」(sárśt́hi)、「唯一之境」(kaevalya)等。這樣的瑜伽鍛鍊才會對個人及社會都有益處。倘若一個人長時間鍛鍊呼吸控制法，但靈性卻無絲毫進步，那麼對個人和社會都沒有好處。所有靈性修持的努力都是為了至上意識，所以不管我們做什麼，一定要將至上意識置於眼前，片刻也不能將祂忘記。	La pratica dello yoga dovrebbe essere tale da mettere le persone in contatto con il Signore. I praticanti dello yoga dovrebbero seguire quei processi che conducono ai diversi stadi dello yoga: sálokya, sámípya, sáyujya, sárśt́hi, kaevalya, eccetera. Questo è benefico sia per la società sia per gli individui coinvolti. Ma se una persona non avanza spiritualmente e tuttavia pratica il práńáyáma per ore e ore, ciò non porta beneficio né all’individuo né alla società. La meta di ogni sforzo spirituale è Parama Puruśa. Perciò, qualunque cosa facciamo, dobbiamo farla mantenendo Parama Puruśa fisso davanti ai nostri occhi – non dobbiamo fare nulla dimenticandoLo.	Shrii Shrii Ánandamúrti | Ánanda Púrńimá 1979 DMC, Calcutta | 04 How an Ideal Person Should Live | Subháśita Saḿgraha Part 12	Shrii Shrii Ánandamúrti | 1979年5月5日喜悅滿月日於加爾各答大法會 | 04 理想之人該如何生活 | 靈性科學集成 卷12，P.35	642	243
pair_0505_1979_037_241024	0505_1979_037_241024.txt	There are some people who think that if they simply ideate on Parama Puruśa daily for some time, then their purpose will be served. But this is not enough. Yes, when you think of Parama Puruśa for some time you will no doubt remain elevated for that period; but when you again become engrossed in your mundane duties you will again become stepped in mire. Who will save you at that time? In each and every action you will have to try to realize the Supreme Entity; then and only then will those actions not be binding. Otherwise, every action will become the cause of great bondage.	還有一些人認為每一天只要花些時間冥想至上意識，就可以達到至上意識。但這是不夠的。的確，當你冥想至上意識的那段時間，你的心靈毫無疑問是提升的，但是當你回來從事世俗工作時，你又再度陷入泥沼中。那時誰來救你呢？所以，你在每一個行為上，都必須努力去了悟至上意識，唯有如此，你所從事的行為才不會為你帶來束縛，否則，你的每個行為都將只會造成更大的束縛。		Shrii Shrii Ánandamúrti | Ánanda Púrńimá 1979 DMC, Calcutta | 04 How an Ideal Person Should Live | Subháśita Saḿgraha Part 12	Shrii Shrii Ánandamúrti | 1979年5月5日喜悅滿月日於加爾各答大法會 | 04 理想之人該如何生活 | 靈性科學集成 卷12，P.37	584	170
pair_0505_1979_038_231218	0505_1979_038_231218.txt	What should be the ideal code of conduct of a human being? The first thing is that people must maintain a balance between their mundane life and their spiritual life. And secondly, while maintaining a balance, they should attach importance to every action, considering it to be an action of Parama Puruśa. Thirdly, people should always remember that they have come onto this earth to discharge some God-given duties – that they are merely tools in the hands of the Supreme.	什麼是人類理想的行為準則？首先，人們必須維持世俗生活和靈性生活間的平衡；其次，每一個行動都應予以同等重視，也就是把一切都視為是至上意識的作為。第三，人應該要記住自己來此塵世，是為了完成上主所賦予的任務，他們只是上主手中的工具。		Shrii Shrii Ánandamúrti | Ánanda Púrńimá 1979 DMC, Calcutta | How an Ideal Person Should Live | Subháśita Saḿgraha Part 12	Shrii Shrii Ánandamúrti | 1979年5月5日滿月日於加爾各答大法會 | 04 理想之人該如何生活 | 靈性科學集成 卷12，P.38	474	113
pair_0505_1979_038_240314_Ánanda	0505_1979_038_240314_Ánanda.txt	In order to do japa, sufficient mental strength and mental equilibrium or equipoise is required.	持咒需要心靈的平靜以及足夠的心靈力量。		Shrii Shrii Ánandamúrti | Ánanda Púrńimá 1979 DMC, Calcutta | 04 How an Ideal Person Should Live | Subháśita Saḿgraha Part 12	Shrii Shrii Ánandamúrti | 1979年5月5日滿月日於加爾各答大法會 | 04 理想之人該如何生活 | 靈性科學集成 卷12，P.38	96	19
pair_0505_1979_038_260625	0505_1979_038_260625.txt	Now, what should be the ideal code of conduct of a human being? The first thing is that people must maintain a balance between their mundane life and their spiritual life. And secondly, while maintaining a balance, they should attach importance to every action, considering it to be an action of Parama Puruśa. Thirdly, people should always remember that they have come onto this earth to discharge some God-given duties – that they are merely tools in the hands of the Supreme. They have come to the world to do some work for the Lord: they themselves had neither any intention nor any necessity to come to this world. The Lord has sent them for a short period to do some work for Him, and they should keep on doing that work with total disregard for praise or blame.	什麼是人類理想的行為準則？首先，人們必須維持世俗生活和靈性生活間的平衡；其次，在努力維持平衡之際，每一個行動都應予以同等重視，也就是把一切都視為是至上意識的作為。第三、人應該要記住自己來此塵世，是為了完成上主所賦予的任務，他們只是上主手中的工具，來到這世界是為祂做一些事，並非出於自身意願，亦非為了自身的需要而來到這裡的。是上主將他們送來這裡為祂做一些事情的，所以他們應完全無視他人的褒貶，一心持續完成他們的工作。	Ora, quale dovrebbe essere il codice di condotta ideale di un essere umano? In primo luogo, le persone devono mantenere un equilibrio tra la vita mondana e la vita spirituale. In secondo luogo, pur mantenendo questo equilibrio, devono attribuire importanza a ogni azione, considerandola un’azione di Parama Purusa. In terzo luogo, devono ricordare sempre di essere venute su questa terra per adempiere alcuni doveri affidati loro dal Supremo e di essere soltanto strumenti nelle Sue mani. Le persone sono venute nel mondo per compiere un lavoro per il Signore: la loro venuta non è dipesa da una decisione personale, né da una necessità propria. Il Signore le ha inviate per un breve periodo affinché svolgessero un lavoro per Lui, ed esse devono continuare a compierlo senza curarsi minimamente delle lodi o delle critiche.	Shrii Shrii Ánandamúrti | Ánanda Púrńimá 1979 DMC, Calcutta | 04 How an Ideal Person Should Live | Subháśita Saḿgraha Part 12	Shrii Shrii Ánandamúrti | 1979年5月5日喜悅滿月日於加爾各答大法會 | 04 理想之人該如何生活 | 靈性科學集成 卷12，P.38	769	207
pair_0505_1979_040_240308_Ánanda	0505_1979_040_240308_Ánanda.txt	The only goal of living beings is to attain Parama Puruśa. This singular goal should permeate the major portion of the activities of ideal human beings. You should always remember that from the moment you get up until the moment you go to sleep, Parama Puruśa is your supreme Goal. Whatever you do, you should do keeping your vision fixed on that Goal. Only to perform His allotted tasks have you come onto this earth. You should always think, “I will die while doing those tasks – even while dying I will continue to do His work.”	你應該永遠記住，從起床的那一刻到上床睡覺為止，你的目標應該都是至上意識。不管你做什麼事，你都必須將至上意識這個目標置於眼前。你是為了完成祂給你的工作，你方才來到這個世界的，所以你要永遠記得：「我要死於工作之中，甚至在死亡之際仍要持續做祂的工作！」		Ánanda Púrńimá 1979 DMC, Calcutta | How an Ideal Person Should Live, Subháśita Saḿgraha Part 12	1979年5月5日滿月日於加爾各答大法會 | 理想之人該如何生活，靈性科學集成卷12，P.40	533	123
pair_0505_1979_082_240602_喜悅滿月日	0505_1979_082_240602_喜悅滿月日.txt	Nobody is unimportant, so you must not develop the psychology of helplessness or hopelessness or defeatist complex or fear complex, because the Supreme Father, the Supreme noumenal entity is always with you.	沒有任何個體是不重要的，因此你必不可讓無助沮喪的心理滋生，也不應助長失敗或恐懼情結，因為至上的父親，至上的本體永遠與你同在。		Shrii Shrii Ánandamúti | Ánanda Púrńimá 1979 DMC, Calcutta | Ota Yoga, Prota Yoga and Hat́ha Yoga, Yoga Sádhaná	Shrii Shrii Ánandamúti | 1979年5月5日喜悅滿月日於Calcutta大法會 | 個體聯繫瑜伽、集體聯繫瑜伽以及哈達瑜伽 | 瑜伽修持科學觀，P.82	207	62
pair_0506_1955_054_260526	0506_1955_054_260526.txt	The beginning and end of Dhármika Sádhaná hinges on only one point, and that is the purity and sanctity of the base. The base alone is solely responsible for the privations and afflictions of humankind. If the base is firm, privations are not privations and afflictions are not afflictions. Ádhára (base): A base is indispensable for every finite object. It is on account of the base that one object is distinguishable from others. No two living beings have an identical base. Every living being carves out for its existence a distinct base from the Universal Cosmic Self, according to its Saḿskáras.	法性修持(Dhármika Sádhaná)的開始和終了其關鍵只在於一點，那就是根基的純淨和聖潔。根基是造成人類匱乏和痛苦的唯一原因。如果根基牢固，貧困即不再是貧困，痛苦也不再是痛苦了。 根基(Ádhára):根基是每個有限的東西所不可或缺的，由於此根基而使任一物體有別於他物。 沒有兩個生靈擁有相同的根基，每個生靈為了生存，根據其因果業力，在大宇宙心靈中開闢了不同的根基。	L’inizio e la fine del sadhana dharmico dipendono da un unico punto: la purezza e la santità della base. È proprio la base ad essere la sola responsabile delle privazioni e delle sofferenze dell’umanità. Se la base è salda, allora le privazioni non sono più privazioni e le sofferenze non sono più sofferenze. Ádhára (base): per ogni oggetto finito è indispensabile una base. È grazie alla base che un oggetto può essere distinto dagli altri. Non esistono due esseri viventi con una base identica. Ogni essere vivente ritaglia per la propria esistenza una base distinta dal Sé Cosmico Universale, in accordo con i propri saḿskára.	Shrii Shrii Ánandamúrti | Ánanda Púrńimá 6 May 1955 DMC | 05 The Base and the Relative Truth (Ádhára and Ápekśika Satya) | Subháśita Saḿgraha Part 1	Shrii Shrii Ánandamúrti | 1955年5月6日喜悅滿月日大法會 | 05 根基和相對的真實 | 靈性科學集成 卷1，P.54	607	187
pair_0506_1955_056_260317	0506_1955_056_260317.txt	Svarloka which is called the Manomaya world and it is in this stratum that a person experiences pleasure and pain. In Saḿskrta, heaven or Svarga and Svarloka are synonymous. Pleasure-seeking persons perform righteous deeds motivated by the desire to attain heaven after relinquishing the mortal body. Saḿskáras exist in the very Manomaya world or Manomaya-kośa which is also known as the pure mental sphere. Rajoguńa exists in minor degrees and Saḿskára is generated in the Svarloka. It is the popular belief amongst the Christians, the Mohammedans, the Jains and the ritualistic Hindus that the fruits of virtuous deeds are enjoyed in svarloka or heaven.	精細心靈世界(Svarloka)又稱為潛意識心靈世界(Manomaya World)，在此層次裡，人體驗到快樂和痛苦。梵文裡Svarga（天堂）和Svarloka是同義的。追尋快樂之人，為了死後能夠上天堂而從事善行。因果業力存在於潛意識心靈世界，亦即潛意識心靈層次，又名為純心靈層次；此處變性力量存在較小的程度，因果業力產生在此精細心靈世界裡。基督教、回教、耆那教以及崇尚儀式的印度教咸信在天堂中可享受善行之果。	Svarloka, chiamato anche mondo manomaya, è il livello nel quale una persona sperimenta piacere e dolore. In sanscrito, cielo (svarga) e Svarloka sono sinonimi. Le persone orientate alla ricerca del piacere compiono azioni virtuose motivate dal desiderio di ottenere il cielo dopo aver abbandonato il corpo mortale. I saṁskāra esistono proprio nel mondo manomaya, o manomaya kośa, che è anche conosciuto come la sfera mentale pura. In questo livello il rajoguṇa è presente in misura minore e i saṁskāra vengono generati nello Svarloka. È una convinzione diffusa tra i cristiani, i musulmani, i giainisti e gli induisti ritualisti che i frutti delle azioni virtuose vengano goduti nello Svarloka, cioè nel cielo.	Shrii Shrii Ánandamúrti | Ánanda Púrńimá 6 May 1955 DMC | 05 The Base and the Relative Truth (Ádhára and Ápekśika Satya) | Subháśita Saḿgraha Part 1	Shrii Shrii Ánandamúrti | 1955年5月6日喜悅滿月日大法會 | 05 根基和相對的真實 | 靈性科學集成 卷1，P.56~57	662	206
pair_0506_1955_057_260324	0506_1955_057_260324.txt	Maharloka: Another name for Maharloka in Saḿskrta is Atimánas Loka which means the supramental sphere. Here, Rajoguńa is conspicuous, Sattvaguńa is less conspicuous and Tamoguńa is insignificant. It is in this stratum that saḿskáras first pulsate. The human mind is propelled by its Saḿskáras to undergo the reactions of its actions. The first vibration of the collection of Saḿskáras is created in this sphere. Suppose a person has to visit a cholera-stricken place. Before going there someone whispers to them that he too will contract cholera. On his going there, it happened that he or she actually got cholera. This is the function of the Atimánasa sphere. The first yearnings for Sádhaná, or the initial throbbings of strong desire also take place in this sphere. In the very sphere, the inspiration of the soul first becomes active. For this reason the potentialities of Sádhaná and the classifications for different persons germinate in this sphere.	超心靈世界(Maharloka)──它的另外一個名稱是Atimánasloka，即意指超心靈世界。此處變性力量是顯著的，悅性力量次之，惰性力量則無足輕重。在此層次裡因果業力最先產生震動，人的心靈受到因果業力的驅策來承受其作用之反作用力。所以因果業力最早的波動即是在此層面產生。假設某人必須去霍亂疫區，啟程之前，有人低聲告訴他也會感染到霍亂，到了那裡，結果真的感染到霍亂，這就是超心靈層次的作用。對靈性修持最早的渴望或最初強烈欲望的震動也發生在這個層次。靈魂的靈感亦在此層次最早開始活躍起來。基於此因，不同的人其靈性修持的潛能皆形成在這個領域裡。	Maharloka: un altro nome di Maharloka in sanscrito è Atimānasa Loka, che significa “sfera supramentale”. Qui il rajo-guṇa è predominante, il sattva-guṇa è meno evidente e il tamo-guṇa è insignificante. È in questo livello che i saṁskāra iniziano a pulsare per la prima volta. La mente umana è spinta dai propri saṁskāra a subire le reazioni delle azioni compiute. La prima vibrazione dell’insieme dei saṁskāra si crea in questa sfera. Supponiamo che una persona debba recarsi in un luogo colpito dal colera. Prima di andarci, qualcuno le sussurra che anche lei contrarrà il colera. Una volta arrivata, accade che effettivamente si ammala di colera. Questa è la funzione della sfera Atimānasa. Le prime aspirazioni verso il sādhana, o i primi palpiti di un desiderio intenso, nascono anch’essi in questa sfera. Proprio qui, per la prima volta, l’ispirazione dell’anima diventa attiva. Per questo motivo, le potenzialità del sādhana e le diverse classificazioni degli individui germinano in questa sfera.	Shrii Shrii Ánandamúrti | Ánanda Púrńimá 6 May 1955 DMC | 05 The Base and the Relative Truth (Ádhára and Ápekśika Satya) | Subháśita Saḿgraha Part 1	Shrii Shrii Ánandamúrti | 1955年5月6日喜悅滿月日大法會 | 05 根基和相對的真實 | 靈性科學集成 卷1，P.57~58	973	272
pair_0506_1955_058_260331	0506_1955_058_260331.txt	Janarloka or Subliminal stratum: This is called vijiṋánamaya [[loka]]. True knowledge, wisdom and renunciation dominate in this sphere. These attributes are sometimes conspicuous even in pleasure-seeking persons, but there are obstacles on the way due to the influence of Bhúh. Bhuvah, etc. In this Janarloka, Sattvaguńa is most conspicuous, Tamoguńa is less conspicuous, and Rajoguńa is insignificant.	下意識世界(Janarloka)──亦稱為下意識心靈(Vijinánamaya)，此層面控制了真知、智慧和不執著。這些特質有時甚至在追求享樂之人身上也明顯的表現出來，但是由於受到物質世界、粗鈍心靈世界等的影響，他們在靈性道上受到了阻礙。在此下意識世界裡，悅性力量最顯著，惰性力量次之，變性力量則無足輕重。		Shrii Shrii Ánandamúrti | Ánanda Púrńimá 6 May 1955 DMC | 05 The Base and the Relative Truth (Ádhára and Ápekśika Satya) | Subháśita Saḿgraha Part 1	Shrii Shrii Ánandamúrti | 1955年5月6日喜悅滿月日大法會 | 05 根基和相對的真實 | 靈性科學集成 卷1，P.57~58	408	152
pair_0506_1955_059_260407	0506_1955_059_260407.txt	Every living being needs a base. In the absence of a base, they merge into the ocean of the cosmos. Suppose, there is a cup of water in a pond. So long as the cup exists the water in the cup also exists. But if the cup is removed, the water in the cup will merge with that of the pond. The base of that water is the cup. It is only when the cup is removed that the water it contains merges with that of the pond. Similarly, the soul merges into Brahma when there is no base to embody it.	眾生都需要根基，沒有了根基他們便會融入大宇宙之洋裡。譬如在池塘裡有一杯水，只要杯子存在，在杯子裡的水也會存在。但是如果把杯子拿走，杯中之水就會融入池中。那個水的根基就是杯子，只要把杯子拿走，杯中之水就會融入池裡。同樣的，若沒有根基賦予靈魂形體，它就會融入至上意識中。	Ogni essere vivente ha bisogno di un sostegno che lo contenga. In assenza di questo supporto, esso si fonde nell’oceano del cosmo. Supponiamo che vi sia dell’acqua in un recipiente immerso in uno stagno. Finché il recipiente esiste, anche l’acqua in esso contenuta esiste come entità separata. Ma se il recipiente non c'è più, l’acqua che conteneva si mescola con quella dello stagno. Il sostegno di quell’acqua è il recipiente. Solo quando il recipiente viene tolto, l’acqua in esso contenuta si unisce a quella dello stagno. Allo stesso modo, l’anima si fonde in Brahma quando non esiste più alcun sostegno che la contenga.	Shrii Shrii Ánandamúrti | Ánanda Púrńimá 6 May 1955 DMC | 05 The Base and the Relative Truth (Ádhára and Ápekśika Satya) | Subháśita Saḿgraha Part 1	Shrii Shrii Ánandamúrti | 1955年5月6日喜悅滿月日大法會 | 05 根基和相對的真實 | 靈性科學集成 卷1，P.59	487	133
pair_0507_1979_001_250117	0507_1979_001_250117.txt	So the Cosmic Entity, the Supreme Father, has no other alternative but to shift His nucleus to the spot where His devotees are singing. So you are to create an environment of Divinity, not only on this small planet, but in the entire Cosmos. So you must. If you want to gain, if you want to taste, the Divine bliss, the Divine nectar, you should be good kiirtanites.	所以宇宙本體、至上之父，除了移轉其核心到祂虔誠弟子唱頌至上聖名之處，實無他法可行。故你們不僅要在這個小小的地球上建立神性的環境，更應擴及整個宇宙。如果你們想要獲得至上的喜悅、或想要品嚐神性的甘露，你們就必須要好好地從事至上聖名的唱頌。		Shrii Shrii Ánandamúrti | 7 May 1979 evening, Fiesch, Switzerland | 01 How to Find the Lord | Ánanda Vacanámrtam Part 12	Shrii Shrii Ánandamúrti | 1979年5月7日傍晚講於瑞士費雪 | 01 至上的歸宿 | 喜悅甘露集 卷6，P.1	366	117
pair_0508_1979_170_251118	0508_1979_170_251118.txt	Till recently there was a defective idea in all the corners and amongst all the groups of people on the earth, that males are blessed beings and not females. In your family life, you know, you feel, that the parents cannot have any sense of disparity in their mind regarding their sons and daughters. Both are equally important, both are equally loving. I said my sons and my daughters are just like two hands of mine. They are just like wings of a bird. A bird having one wing cannot fly.	一直到最近，「男子比女子更受祝福」這種不完美的觀念仍充斥在地球上的每一個角落、每一群人之間。你知道也感覺得到，在你的家庭生活中，父母的心裡對於自己的兒子或女兒是沒有偏愛的，不論兒子或女兒，都是同等的重要，手心、手背都是肉，都一樣的親愛。我說了我的孩子們就好比我的一雙手，也像鳥的雙翼，單翅的鳥兒是無法飛行的。	In ogni angolo della terra, fino a poco tempo fa, era diffusa un’idea profondamente sbagliata: la convinzione che fossero i maschi – e non le donne – a essere benedetti da Dio. Ma in famiglia - voi lo sapete, ne avete esperienza - i genitori non riescono a nutrire nel loro cuore alcun senso di disparità per i loro figli e figlie. Entrambi sono ugualmente importanti, entrambi sono ugualmente amati. Io ho sempre detto che i miei figli e le mie figlie sono come le mie due mani, come le ali di un uccello. E un uccello non può volare con una sola ala.	Shrii Shrii Ánandamúrti | 8 May 1979 evening, Fiesch, Switzerland | 03 The Only Cult | Ánanda Vacanámrtam Part 12	Shrii Shrii Ánandamúrti | 1979年5月8日傍晚於瑞士費雪 | 1-8 雙翼 | 女性的覺醒，P.710	489	154
pair_0509_1979_014_260111	0509_1979_014_260111.txt	In the case of Divine Grace, it is like rainfall, but there is an umbrella of vanity upon your head, thatʼs why you are not drenched. Remove the umbrella of vanity and you will be drenched; then you will enjoy His Grace. And that is the secret, and when you are enjoying the Grace, what will happen? The radius will be shortened, and in this very life you will become one with your Goal, your Nucleus. This Nucleus knows no artificial barrier, nor isms, countries or philosophies. This Nucleus knows that the moving entities are My children – they want to come and sit on My lap.	至上的恩典就好比下雨，如果你在頭上撐起一把虛榮、自負的傘，至上的甘霖雨露就無法降臨到你的身上，這就是為何你無法享受至上恩典的原因。移開虛榮、自負之傘，你就會被淋濕，那麼你將享受到祂的恩典。 此即秘密之所在。在你享受祂的恩典時，會是如何呢？你與祂的半徑距離將會縮短，就在這一生裡，你將與你的目標──宇宙核心，合而為一。宇宙核心知道沒有人為的障礙、沒有主義、國家或哲學的分別，祂知道所有移動的實體都是「我的小孩」──他們想要回到「我的懷裡」。	La Grazia Divina è come una pioggia ma, se c’è un ombrello di ego, di presunzione, di autocompiacimento sopra la tua testa, non ti bagni. Rimuovi l’ombrello e ti inzupperai, godendo della Sua Grazia. È questo il segreto. E quando godi della Grazia, cosa succederà? la distanza tra te e Parama Puruśa si ridurrà e, in questa stessa vita, diventerai uno con il tuo Obiettivo, il tuo Nucleo. Questo Nucleo non conosce barriere artificiali, né ismi, né paesi, né filosofie. Questo Nucleo sa che gli esseri in movimento sono Miei figli ed essi vogliono venire e sedersi tra le Mie braccia.	Shrii Shrii Ánandamúrti | 9 May 1979 morning, Fiesch | 04 Shortening the Radius | Ánanda Vacanámrtam Part 12	Shrii Shrii Ánandamúrti | 1979年5月9日晨於瑞士費雪 | 04 縮短半徑 | 喜悅甘露集 卷6，P.14	579	219
pair_0511_1979_034_250530	0511_1979_034_250530.txt	The Lord by whose grace one establishes oneʼs control over the respiratory system is “Keshava”. Now during kiirtana what happens? The mind gets automatically concentrated. So kiirtana helps much in concentrating the mind. And if one who practices práńáyáma simultaneously practices kiirtana, he will get double the benefit. So Keshava, the Lord, Parama Puruśa, always encourages kiirtana.	施予恩典幫助一個人控制了他的呼吸系統，這樣的上主就是「凱希瓦」(Keshava)。 在「唱頌至上聖名」(kiirtana)時，會怎麼樣？心靈會自動地收攝集中。所以，「唱頌至上的聖名」對心靈的集中幫助極大。如果能夠在做呼吸控制法的同時從事至上聖名的唱頌，那麼他將雙倍得益。所以，上主「凱希瓦」、至上意識永遠鼓勵人們從事「至上聖名的唱頌」。		Shrii Shrii Ánandamúrti | 11 May 1979 morning, Fiesch, Switzerland | 08 Names of the Lord | Ánanda Vacanámrtam Part 12	Shrii Shrii Ánandamúrti | 1979年5月11日晨講於瑞士費雪 | 08 上主的名字 | 喜悅甘露集 卷6，P.34	393	168
pair_0511_1979_043_240914	0511_1979_043_240914.txt	In pure philosophy, Parama Puruśa is an impersonal entity. In occult science He is a blending of personal and impersonal entities. While approaching Him, while accepting Him as the only object of adoration, He is looked upon as a personal entity. But when His entitative existence is accepted not as the object of adoration but as the source of creation, in that case He is an impersonal entity. Thatʼs why I said that in the cult of spirituality He is a blending of personal and impersonal entities.	以純哲學而言，至上意識為一不具人格的存在本體；在超自然科學領域中，祂是人格與非人格本體間的結合。 在以祂為唯一遵循的目標、追尋祂的同時，祂被視為一個具有人格的本體；但當祂的存在不是被視為遵循之目標，而是被當作創造之源時，那麼在此情況下，祂就是一個不具人格的存在本體。所以我才說在靈性修持法門中，祂是人格與非人格本體的結合。		Shrii Shrii Ánandamúrti | 11 May 1979 evening, Fiesch, Switzerland | 09 A Purely Personal Entity | Ánanda Vacanámrtam Part 12	Shrii Shrii Ánandamúrti | 1979年5月11日傍晚於瑞士Fiesch | 09 與至上本體純粹的個人關係 | 喜悅甘露集 卷6，P.43	501	161
pair_0511_1979_046_240110	0511_1979_046_240110.txt	And this creation, what is it? It is nothing but different portions of His Divine body. And thatʼs why I said that there is no sinner in this world. All are his loving children. You boys, you girls – forget your past and start your life afresh with this subtlest and noblest idea – that you are inseparable particles of that Supreme Entity, of that Parama Puruśa.	這個創造是什麼？正是祂神性身體的不同部分。這也就是為何我認為世上沒有所謂的罪人。所有的人都是祂親愛的孩子。是故，孩子們──忘掉你們的過去，以最精細、最崇高的理念──即你們是至上本體、至上意識不可分的一部分──來開始你們的新生活吧！		11 May 1979 evening, Fiesch, Switzerland  | A Purely Personal Entity  | Ánanda Vacanámrtam Part 12	1979年5月11日傍晚於瑞士費雪 | 與至上本體純粹的個人關係 | 喜悅甘露集卷六，P.46	364	115
pair_0513_1979_053_240623	0513_1979_053_240623.txt	Now the Supreme Entity, the Controlling Entity, the final stance of dharma, lies covert within oneʼs own “I” feeling. That is, you are to search internally and not externally. Everything is within you, because Parama Puruśa always remains within, within the very core of your heart. So search within, O spiritual aspirant, not without, but within, within your very existence.	至上本體、至上的控制者、法性終極之境就隱藏在一個人的「我覺」裡。此即意指你必須往內追尋而非往外。一切都在你的裡面，因為至上意識永遠在你裡面，在你內心深處的某一角落裡。所以往內在追尋吧！哦，靈性的渴望者！不必在外尋尋覓覓，祂在你的裡面，在你真正的存在之處。		Shrii Shrii Ánandamúrti | 13 May 1979 morning, Fiesch, Switzerland | 11 Parama Puruśa, Not Scriptures | Ánanda Vacanámrtam Part 12	Shrii Shrii Ánandamúrti | 1979年5月13日晨於Fiesch, Switzerland | 11 遵循至上意識而非經典 | 喜悅甘露集卷6，P.53	376	127
pair_0513_1987_122_251027	0513_1987_122_251027.txt	They realize that out of His grace, He gets the work done through their medium with the help of positive microvita. They think, “I cannot claim any merit for this. I will simply keep on working, and the energy required to do the work will be supplied by Parama Puruśa. I can say only this that with whatever energy you have given me I am working, and in future with whatever amount of energy you will give me, I will work accordingly. From my side there will be no lethargy. Whatever energy you feel necessary to give me, you will bestow on me – I have nothing to say in the matter.” If someone has pride inwardly that he is moving on by dint of his own strength, he is wrong. How little strength human beings possess! And with that little strength, how far can they move forward! Human beings really do not have anything to be proud of. If there is anything for them to be proud of, it is Parama Puruśa.	他們瞭解到由於至上意識之恩典，祂藉正性微生命之助，以他們為媒介來完成工作。他們認為：「這不是我的功勞。我只要繼續努力工作，至於工作所需要的能量，至上意識會供應我，我只能說我用您所賦予的所有能量來工作，將來我也會依照您所給予的能量繼續工作，絕不怠惰。所以，您覺得我該有多少能量，就請您賜給我吧，我毫無異議。」 要是有人驕傲地以為進步是靠著自己的力量而得到的，那麼他就大錯特錯。人類的力量多麼渺小！擁有些微力量的人，能前進多遠呢？人真的沒有什麼可以驕傲的。唯一能夠讓他覺得驕傲的，只有至上意識。		Shrii Shrii Ánandamúrti | Ánanda Púrńimá 31 May 1987 DMC, Anandanagar | 02 The Path unto the Abode of Beatitude | Subháśita Saḿgraha Part 18	Shrii Shrii Ánandamúrti | 1987年5月31日喜悅滿月日於喜悅之城大法會 | 12 通往至上福祉之道 | 靈性科學集成 卷13，P.122	906	245
pair_0515_1982_044_250224	0515_1982_044_250224.txt	No other path can be accepted as the path of progress that does not lead to intellectual growth and spiritual elevation. Only that can be termed as genuine progress which elevates all aspects of human existence – physical, mental and spiritual – and makes them one with the Supreme. This is the path of sádhaná.	一條道路若不能引領吾人走向智力開展以及靈性提升，那麼就不能被視為是一條進步的道路。唯有能夠提升人類身、心、靈各層面存在，且最後使人融入於至上的道路方為真正的進步之道，這條道路就稱為「靈性修持的道路」。		Shrii Shrii Ánandamúrti | 15 May 1982, Kolkata | 06 Kiirtana – the Panacea for All Afflictions | Saḿgiita: Song, Dance and Instrumental Music	Shrii Shrii Ánandamúrti | 1982年5月15日於Kolkata | 1-6 唱頌至上聖名煩惱盡除 | 音樂與靈性修持，P.44	313	100
pair_0515_1982_045_250727	0515_1982_045_250727.txt	People have to pass through so many relativities, so many troubles and afflictions, before attaining that Supreme Hub. Human beings are subject to triple afflictions – physical, psychic and spiritual – and the psychic and spiritual miseries are as painful as the physical ones. Why do the spiritual afflictions arise? You know that you are the loving sons and daughters of Parama Puruśa. But you don’t feel Him always close to you, you cannot get the chance to sit on His lap, and because of this you suffer from spiritual afflictions.	人類必須經歷許多相對的考驗，在到達至上核心之前，必須面臨許多困難和煩惱。人類一直在身、心、靈三重的痛苦折磨中，心理和靈性層面為人所帶來的痛苦不比身體層面少。 為何會有靈性的痛苦出現呢？你知道你是至上意識親愛的兒女，但是你卻無法時時感受到祂與你如此親密，無法安坐在祂的懷抱中，所以你感到痛苦萬分，這就是靈性上的痛苦。		Shrii Shrii Ánandamúrti | 15 May 1982, Kolkata | 06 Kiirtana – the Panacea for All Afflictions | Saḿgiita: Song, Dance and Instrumental Music	Shrii Shrii Ánandamúrti | 1982年5月15日於加爾各答 | 1-6 唱頌至上聖名煩惱盡除 | 音樂與靈性修持，P.45	536	157
pair_0515_1988_000_260515	0515_1988_000_260515.txt	The cooperative system is the best system of agricultural and industrial production. In the cooperative system members can pressurize the government because of their collective strength and gain financial help and various facilities to increase production. They can pressurize the government to provide better irrigation facilities and high yielding seeds and even make infertile land productive. Land with little fertility can be transformed into fertile farm land with proper care. This will increase total agricultural production and also help a country become self-sufficient in food production and cash crops, freeing it from food shortages.	合作社體制是最好的農業及工業生產體制。在合作社體制中，社員可以透過團體的力量向政府施壓，獲得到財務上及設備上的協助，以提高生產。他們能夠向政府施壓，要求提供更好的灌溉設施及高產量的種子，甚至使貧瘠的土地具有生產力。經過適當的照料，肥沃度低的土地也能轉化為良田，這將增進農業的總生產量，並幫助國家在糧食及經濟作物生產上自給自足，使其糧食無缺。	Il sistema cooperativo è il miglior sistema di produzione agricola e industriale. Nel sistema cooperativo i membri, grazie alla loro forza collettiva, possono esercitare pressione sul governo e ottenere aiuti finanziari e varie facilitazioni per aumentare la produzione. Possono sollecitare il governo a fornire migliori sistemi di irrigazione e sementi ad alta resa, e persino rendere produttive terre infertili. Terreni poco fertili possono essere trasformati in fertili campi agricoli con cure adeguate. Questo aumenterà la produzione agricola complessiva e aiuterà inoltre un paese a diventare autosufficiente nella produzione alimentare e delle colture da reddito, liberandolo dalla scarsità di cibo.	Shrii Shrii Ánandamúrti | 15 May 1988, Kolkata | 17 Cooperative Production | Proutist Economics	Shrii Shrii Ánandamúrti | 1988年5月15日於加爾各答 | 17 合作社生產 | 進用論經濟學	646	170
pair_0516_1980_128_251022	0516_1980_128_251022.txt	It is the human mind which is the cause of bondage or liberation. If the mind is in bondage, the person is also in bondage. Similarly, if the mind is liberated the person is also liberated. After all, it is the human mind which engages in auspicious actions. Now, if this mind is kept engrossed in the ideation of Parama Puruśa, then it gets totally merged in Consciousness. In that case, where is the scope for virtue or vice for that person?... The moment the mind is centred on Parama Puruśa, then that mind will naturally become pointed. In that state there is no scope for the rise and fall of any wave – neither the wave of virtue nor the wave of vice. Thus it is said that when a spiritual aspirant is established in pinnacled intellect, there cannot be any question of virtue and vice. A person who has taken the Cosmic shelter goes far above the scope of virtue or vice. This is something very natural.	人的心靈是造成束縛或解脫的原因。如果心靈處在束縛之中，該人也是在束縛中；同樣的，如果該人的心靈獲得了解脫，那麼他也得到了解脫。畢竟從事高尚行為的是人類的心靈，所以如果此心靈一直處在對至上意識的持念觀想中，那麼它就會融入於至上意識裡，在這種情況下，該人如何還能從事善行或惡行呢？…… 心靈一旦以至上意識為中心，自然就會集中。在這種情況下，就不會有任何的波流起起伏伏—不管是善行波動還是惡行波動，一概波瀾不興。所以說，當靈性修持者的智力立足於極致之境時，就不會有善惡的問題出現。一個以至上意識為庇護的人遠遠超過善、惡的範疇，這是極其自然之事。		Shrii Shrii Ánandamúrti | 16 May 1980, Varanasi | 02 What Is Dogma? | Ánanda Vacanámrtam Part 19	Shrii Shrii Ánandamúrti | 1980年5月16日於Varanasi | 12 何謂教條 | 站在新世紀門檻的人類，P.128~129	913	269
pair_0516_1982_000_260516	0516_1982_000_260516.txt	When you reach the closest proximity the Supreme Consciousness, your mental waves will come in contact with His mental waves. Then you will understand what is to be done, and what will be the destiny of humanity in the near and distant future. Thus the solution to all problems lies in Neohumanism. We can bring Neohumanism into the objective world from the subjective world when our minds develop love for the Supreme Consciousness. And to arouse this love for Him, human beings must do sádhaná in the subjective world, they must enter into its deeper regions.	當你到達最親近至上意識的境界時，你的心念波動就會與祂的心念波動交會融合，屆時你便明白何事當為，並看見人類將面臨的命運長河。 而所有的解方均在新人道主義。 當吾等心靈萌生展延對至上意識的愛，即可從主觀世界將新人道主義帶入客觀世界。為喚醒對祂的愛，人類須在主觀世界中靈修並深入其中。	Quando raggiungerete la più stretta vicinanza con la Coscienza Suprema, le vostre onde mentali entreranno in contatto con le Sue onde mentali. Allora comprenderete ciò che deve essere fatto e quale sarà il destino dell’umanità nel futuro vicino e lontano. Perciò, la soluzione a tutti i problemi risiede nel Neoumanesimo. Possiamo portare il Neoumanesimo nel mondo oggettivo a partire dal mondo soggettivo quando le nostre menti sviluppano amore per la Coscienza Suprema. E per suscitare questo amore verso di Lui, gli esseri umani devono praticare il sadhana nel mondo soggettivo; devono entrare nelle sue regioni più profonde.	Shrii Shrii Ánandamúrti | 16 May 1982 DMC, Calcutta | 02 Spirituality and This Panoramic Universe | Subháśita Saḿgraha Part 16	Shrii Shrii Ánandamúrti | 1982年5月16日於加爾各答大法會 | 02 Spirituality and This Panoramic Universe（02 靈性與全景宇宙） | Subháśita Saḿgraha Part 16（靈性科學集成 英文版 卷16）	563	139
pair_0516_1982_049_250508	0516_1982_049_250508.txt	At the time of kiirtana, so many people, so many devotees assemble, and all their collective physical energies function unitedly. But more than that, their collective psychic energies are flowing in the same channel under the inspiration of Parama Puruśa. So many minds are being loved by Parama Puruśa, so many minds are being guided and inspired by that Supra-Infinite Entity. So at the place of kiirtana, not only will there be a huge concentration of physical energies, but also of psychic energy which will remove collective accumulated miseries of this material, quinquelemental world.	在從事至上聖名的唱頌時，聚集了許多人、許多虔誠者，所有這些人身體的能量均在同時間一致運作，非僅如此，他們心智的能量受到至上意識的鼓舞，也同時導向同一方向。這麼多的心靈同時被至上意識所愛，這麼多的心靈同時被那超越、神聖的本體所引導和鼓勵。所以在有至上聖名唱頌的地方，不僅身體能量巨大的集中，同時也有心智能量的大量集中，如此五大原素世界所帶來的集體累劫災難將被一一化解。		Shrii Shrii Ánandamúrti | 16 May 1982, Kolkata | 07 Kiirtana Dispels Calamities | Saḿgiita: Song, Dance and Instrumental Music	Shrii Shrii Ánandamúrti | 1982年5月16日於加爾各答 | 1-7 唱頌至上聖名消災解厄 | 音樂與靈性修持，P.49	593	183
pair_0516_1982_088_260523	0516_1982_088_260523.txt	We cannot do without this objective world because we have to exist in it. Those images which bring us pain because of their narrow geo-sentiment, we will have to resist with all the sweetness of our minds. And the final outcome of our resistance should be the liberation of human beings, animals and plants from all afflictions – not ordinary liberation but permanent liberation. We, the embodiments of Neohumanism – we will have to resist them. And in case we fail, we shall never be able to move towards the subjective world; the extreme agonies of the objective world will thwart our movement.	沒有這個客體世界我們什麼也做不了，因為我們必須存在於其中。因為狹隘地域情結所帶來的痛苦，我們必須傾盡心中所有的甜美來對抗它，我們應努力奮戰，以為人類、動物、植物帶來解脫痛苦的甜美果實──不僅僅是暫時的解脫，而且是永恆的解脫。我們要以實現新人道主義來對抗那狹隘的地域情結。如果我們做不到，就永遠無法邁向主體的世界，客體世界的無盡痛苦會阻礙我們的前進。	Non possiamo fare a meno di questo mondo oggettivo, perché dobbiamo esistere in esso. Con tutta la dolcezza delle nostre menti dovremo contrastare quelle immagini che ci causano dolore a causa del loro ristretto geosentimento. E il risultato finale della nostra resistenza dovrebbe essere la liberazione degli esseri umani, degli animali e delle piante da tutte le afflizioni — non una liberazione ordinaria, ma una liberazione permanente. Noi, incarnazioni del Neoumanesimo, dovremo opporci a quelle tendenze. E nel caso in cui fallissimo, non saremo mai in grado di muoverci verso il mondo soggettivo; le estreme agonie del mondo oggettivo ostacoleranno il nostro cammino.	Shrii Shrii Ánandamúrti | 16 May 1982 DMC, Calcutta | 02 Spirituality and This Panoramic Universe | Subháśita Saḿgraha Part 16	Shrii Shrii Ánandamúrti | 1982年5月16日於加爾各答大法會 | 08 靈性與此大千世界 | 靈性科學集成 卷13，P.88	596	174
pair_0516_1982_091_250114	0516_1982_091_250114.txt	Now the time has come to manifest the glory of kiirtana. And I also want to say further that those who wish to attain spiritual progress in their sádhaná [spiritual practice] will have to do more and more kiirtana. By kiirtana, the mind becomes pure, and with this pure mind, one can do sádhaná. If the mind is made pure even for five minutes by kiirtana, then if you do sádhaná for only five minutes, your sádhaná will be very good – you will surely attain spiritual progress. And because of your spiritual progress, you will come closer and closer to the Supreme Consciousness, you will come in contact with His psychic waves. And in that state you will be able to render still better service to human beings, animals and plants, by means of Neohumanism.	現在是彰顯至上聖名唱頌之榮光的時刻，我更要強調，那些想要在靈修上獲得進步之人，必須從事更多、更多至上聖名的唱頌。藉此，他們的心靈將變得更為純淨，有了純淨的心靈，將易於從事靈性修持。僅僅五分鐘的至上聖名唱頌，就能讓心靈變得純淨，即使只是五分鐘靜坐，你的靜坐也會是很好的，你必然可以獲得靈性的進步。因為靈性進步了，你會與至上意識更加接近，因而觸及祂心智的波流。在這種境界中，你將可以透過新人道主義的方法為人類、動物和植物提供更好的服務。		Shrii Shrii Ánandamúrti | 16 May 1982 DMC, Calcutta | 02 Spirituality and This Panoramic Universe | Subháśita Saḿgraha Part 16	Shrii Shrii Ánandamúrti | 1982年5月16日於Calcutta大法會 | 08 靈性與此大千世界 | 靈性科學集成 卷13，P.91	764	216
pair_0517_1979_061_240214	0517_1979_061_240214.txt	The two requisite factors in devotion are one, that the object of devotion has to be infinite; and, two, that it is unilateral, because in the process of giving and taking, you become one with Him and there is nobody to take anything from Him. You become one with Him.	虔誠有兩個要件：第一，虔誠的目標必須是無限的；第二，它必須是單向的，因為在取、予的過程中，你已經與祂融合，已經沒有你的存在來從祂那兒得到任何事物了，你已經與祂合而為一了。		17 May 1979 evening, Berlin | Two Hundred Mirrors, Ánanda Vacanámrtam Part 12	1979年5月17日傍晚於柏林 | 鏡花水月話虔誠，喜悅甘露集卷6，P.61	268	85
pair_0517_1980_000_260517	0517_1980_000_260517.txt	The movement of spirituality is never pulsative in character, but rather linear: it flows in a straight line. Due to this straightness, it has no positive curvature or negative curvature. Yet for the sake of convenience we can call it the supreme positivity; and its farthest extremity, the point where resides all human existence, the starting-point of all intellectuals and non-intellectuals, can be termed the supreme negativity. So the movement of a living being starts from the supreme negativity, and as it gradually flows towards the supreme positivity, that is, towards spirituality, its line of movement becomes straight. This is the real path. At the end nothing exists – neither intellectuality nor reality – only spirituality pervades everything. No entity in the external world can claim the status of an absolute entity. Spirituality alone is the absolute stance; and to search for it is the real intellectuality. Whatever people do apart from this is nothing but the expression of their distorted propensities.	靈性運動的特徵從來不是脈動式的，而是線性的：它沿著直線流動。因其筆直，故無正曲率亦無負曲率。方便起見，吾人可稱其為「至上正性」;而其最遙遠的另一極端──即全人類存在之所在、一切知識分子與非知識分子的起點──則可稱為「至上負性」。因此，生命體的運動始於至上負性，隨它漸次湧向至上正性，亦即邁向靈性，其運動軌跡遂成筆直。此乃真正的道路。最終，世間一無所有──既無理智亦無現實──唯有靈性沁漫萬物。外在世界無一實體可自詡絕對實體，唯有靈性才是絕對立足點；而追尋靈性，方為真正的理智。凡人背道而馳，不過是其扭曲習性的展現。	Il movimento della spiritualità non è mai di natura pulsativa, ma piuttosto lineare: scorre in linea retta. A causa di questa linearità, non possiede né curvatura positiva né curvatura negativa. Tuttavia, per comodità, possiamo chiamarla positività suprema; e la sua estremità più lontana, il punto in cui risiede tutta l’esistenza umana, il punto di partenza di tutti gli intellettuali e dei non-intellettuali, può essere definita negatività suprema. Così il movimento di un essere vivente parte dalla negatività suprema e, mentre gradualmente fluisce verso la positività suprema, cioè verso la spiritualità, la sua linea di movimento diventa diritta. Questo è il vero sentiero. Alla fine non esiste nulla – né intelletto né realtà – soltanto la spiritualità pervade ogni cosa. Nessuna entità del mondo esterno può rivendicare lo status di entità assoluta. Solo la spiritualità è la posizione assoluta e ricercarla è la vera attività intellettuale. Qualunque cosa le persone facciano al di fuori di questo non è altro che espressione delle loro propensioni distorte.	Shrii Shrii Ánandamúrti | 17 May 1980, Varanasi | 05 Reality and Intellectuality | A Few Problems Solved Part 5	Shrii Shrii Ánandamúrti | 1980年5月17日於Varanasi | 05 Reality and Intellectuality（05 現實與理智） | A Few Problems Solved Part 5（幾個已解問題 卷5）	1025	257
pair_0517_1982_055_241019	0517_1982_055_241019.txt	In the psychic sphere also, we must serve Parama Puruśa, since mind is a very important aspect of human existence. And the best way to serve Parama Puruśa in the mental sphere is to do His kiirtana with love and devotion. When Parama Puruśa sees that “a number of minds are flowing towards Me,” He will certainly feel a soothing touch, and thus this collective movement will benefit both the individuals and the collectivity. This synthetic movement towards the Supreme One will surely reduce the degree of complexity that has arisen from the constant conflicts and clashes in the society today.	心靈是人類存在的一個重要面向，所以在心智層面也一樣，我們必須對至上意識服務。在心智層面對至上意識最好的服務，就是以最誠摯的愛唱頌至上的聖名(kiirtana)。當至上意識看到許多心靈波流匯集湧向祂，祂一定非常感動，此種集體的波流不但有益於個人，同時對整體也有極大的幫助。此朝向至上本體的一致行動一定會減低今日社會與日俱增的衝突與打擊。		Shrii Shrii Ánandamúrti | 17 May 1982, Kolkata | 08 Serve the Supreme by Kiirtana | Saḿgiita: Song, Dance and Instrumental Music	Shrii Shrii Ánandamúrti | 1982年5月17日於Kolkata | 1-8 以至上聖名的唱頌來服務上主 | 音樂與靈性修持，P.55	598	167
pair_0517_1982_055_241103	0517_1982_055_241103.txt	The human brain is limited, and its nerve cells also have a limited capacity: they cannot tolerate these growing complexities. Kiirtana gives bliss to Parama Puruśa in the mental sphere, and it also brings joy to human beings both individually and collectively; it leads them on the path of welfare and frees them from all these complexities. It removes all the diseases of the intellect and allows people to think easily and in the proper way.	人類的腦子是有限的，其神經細胞的能力也是有限的，他們適應不了這些與日俱增的複雜關係。「唱頌至上的聖名」在心智的層面給予至上喜悅，它同時也為個人和集體帶來喜悅。它引導人們走上福祉的道路，讓他們從所有的複雜關係中獲得自由。去除所有病態的心智思維，使人能以自在和適當的方式來思考。		Shrii Shrii Ánandamúrti | 17 May 1982, Kolkata | 08 Serve the Supreme by Kiirtana  | Saḿgiita: Song, Dance and Instrumental Music	Shrii Shrii Ánandamúrti | 1982年5月17日於加爾各答 | 1-8 以至上聖名的唱頌來服務上主 | 音樂靈性修持，P.55~56	445	137
pair_0517_1982_058_250429	0517_1982_058_250429.txt	In the spiritual sphere, the only way to serve Parama Puruśa is to do – what? Sádhaná [spiritual practice]. Your sádhaná will attain the height of spiritual fulfillment when you will realize that “day and night, in adversity or prosperity, all the time Parama Puruśa is with me – I have nothing to worry about.”	在靈性層面，對至上意識服務的唯一方法是什麼？就是「靈性的修持」。如果你的心裡湧現「無論日夜，不管順逆，至上意識永遠都與我同在──我沒什麼可擔心的。」當你的心靈有了這種深刻的了悟時，你的靈性修持才算達到靈性圓滿的極致。		Shrii Shrii Ánandamúrti | 17 May 1982, Kolkata | 08 Serve the Supreme by Kiirtana | Saḿgiita: Song, Dance and Instrumental Music	Shrii Shrii Ánandamúrti | 1982年5月17日於加爾各答 | 1-8 以至上聖名的唱頌來服務上主 | 音樂與靈性修持，P.58~59	317	108
pair_0518_1957_018_260114	0518_1957_018_260114.txt	It is not enough to hold this vast Puruśottama in the citta: rather, one will have to come in His contact and realize Him as the Creator of the universe deep within oneself. Only then can one attain immortality. The supreme goal of sádhaná is not to ideate on Him, but to bring about a total merger of the unit mind in the Cosmic Mind, of the unit consciousness in the Cosmic Consciousness. This is the only real attainment in human life.	將此無限廣大的宇宙核心意識緊握在心靈質是不夠的，一個人更應在內在深處與祂接觸，並且了悟祂是宇宙的創造者。唯有如此，方能達到永恆之境。靈性修持的至上目標不是心中持念、觀想祂而已，而是要將個體心靈完全融入於宇宙心靈、將個體意識與宇宙意識合而為一。此乃人類生命唯一真正的成就。	Non basta contenere questo vasto Puruśottama in citta, nella parte profonda della mente; occorre piuttosto entrare in contatto con Lui e realizzarlo dentro di sé come il Creatore dell’universo. Solo allora si può raggiungere l’immortalità. La meta suprema del sādhana non è ideare su di Lui, ma portare alla completa fusione la mente individuale con la Mente Cosmica, la coscienza individuale con la Coscienza Cosmica. Questa è l’unica vera realizzazione nella vita umana.	Shrii Shrii Ánandamúrti | Ánanda Púrńimá 18 May 1957 DMC, Monghyr | 01 In Adoration of the Supreme | Subháśita Saḿgraha Part 6	Shrii Shrii Ánandamúrti | 1957年5月18日喜悅滿月日於Monghyr大法會 | 01 至上的禮拜 | 靈性科學集成 卷6，P.18	441	135
pair_0518_1957_019_240521	0518_1957_019_240521.txt	Those who advance along the path of knowledge while maintaining devotional spirit eventually attain Brahma in the form of an embodiment of knowledge and merge into the Ocean of Consciousness.	懷著虔誠情感而取知識之道前行者，最終會獲得化身為知識形象的至上意識，並融入於意識之洋裡。		Shrii Shrii Ánandamúti | Ánanda Púrńimá 18 May 1957 DMC, Monghyr | 01 In Adoration of the Supreme | Subháśita Saḿgraha Part 6	Shrii Shrii Ánandamúti | 1957年5月18日喜悅滿月日於Monghyr大法會 | 01 至上的禮拜 | 靈性科學集成 卷6，P.19	191	44
pair_0518_1957_023_250315	0518_1957_023_250315.txt	We are running and shall continue to run to take shelter aboard the only dependable ship on the ocean of the physical universe – the Supreme Entity. That Supreme Entity is the only shelter of all (though He Himself has no shelter). We have no one but Him, we have no other desideratum.	我們正奔向至上本體繼續向前邁進，祂是此物質世界之洋中唯一可靠的船，我們將奔向祂並登上此至上之舟，以祂為庇護。至上意識是宇宙萬有唯一的庇護，我們一無所有只有祂，祂是我們唯一的目標。		Shrii Shrii Ánandamúrti | Ánanda Púrńimá 18 May 1957 DMC, Monghyr | 01 In Adoration of the Supreme | Subháśita Saḿgraha Part 6	Shrii Shrii Ánandamúrti | 1957年5月18日喜悅滿月日於Monghyr大法會 | 01 至上的禮拜 | 靈性科學集成 卷6，P.23	285	89
pair_0518_1957_024_240123	0518_1957_024_240123.txt	In this universe, those entities which are considered controllers of events are often called gods, or devatá. There are various controllers for various events. Parama Puruśa is the Controller of all these controllers and hence is called Parameshvara or Maheshvara.	在這個宇宙中，能夠控制事物者被稱為神(devatá)，不同的事物有不同的控制者，而至上意識是所有控制者的控制者，所以祂被稱為主宰中的主宰(Parameshvara or Maheshvara)。		Shrii Shrii Ánandamúrti | Ánanda Púrńimá 18 May 1957 DMC, Monghyr | 01 In Adoration of the Supreme | Subháśita Saḿgraha Part 6	Shrii Shrii Ánandamúrti | 1957年5月18日滿月於蒙基爾大法會 | 01 至上的禮拜 | 靈性科學集成卷6，P.24	266	97
pair_0518_1979_087_240624	0518_1979_087_240624.txt	Within the scope of infinite space, and without the scope of infinite space, He is the Singular entity. So nobody is outside Him. So He is the only goal. He is the only Desideratum, and for Him you say, Bábá náma kevalam. That is, “I am taking the name of that Singular Entity.”	在無限空間的內在或外在，祂就是那唯一的本體。所以沒有人外於祂而存在。因此祂是你們唯一的目標。為了這唯一的目標，你們高唱：「Bábá Náma Kevalam」意即：我歌詠那唯一本體之聖名。		Shrii Shrii Ánandamúrti | 18 May 1979 evening, Berlin | 15 One Should Know Everything | Ánanda Vacanámrtam Part 12	Shrii Shrii Ánandamúrti | 1979年5月18日傍晚於Berlin | 15 人應無所不知 | 喜悅甘露集卷6，P.87	281	94
pair_0518_1981_130_260617	0518_1981_130_260617.txt	For the devotional approach, nothing external is required; nothing external is required to be done. And because it is the supreme pinnacle of devotional approach, you should remember that it is yours, because Parama Puruśa is cent per cent yours.	虔誠之道不需要任何外在之物，外表之事一概不必要。這是虔誠之道的極致，你要牢記於心，至上意識是你的，至上意識百分之百是屬於你的。	Per la devozione non è richiesto nulla di esteriore; non vi è nulla di esteriore che debba essere fatto. E poiché questa rappresenta la vetta suprema dell’approccio devozionale, dovreste ricordare che essa vi appartiene, perché Parama Purusa è vostro al cento per cento.	Shrii Shrii Ánandamúrti | 18 May 1981 morning, Calcutta | 21 Revolt against Dogma | Ánanda Vacanámrtam Part 34	Shrii Shrii Ánandamúrti | 1981年5月18日晨於加爾各答 | 21 對抗教條 | 喜悅甘露集 卷11，P.130	247	63
pair_0520_1979_019_250815	0520_1979_019_250815.txt	For the very existence of speed, a sentimental support, a sentimental propulsion is an indispensable necessity. Now, this sentimental support must be based on rationality. Sentimentality based on rationality is the strongest force in the universe. And sentimentality without rationality takes the form of, or rather the distortion of, dogma. Now what does rationality say? Each and every particle of this universe, from a big mammoth to a small blade of grass is of His creation and of the Macropsychic conation. Hence the relationship is that of Father and children, Father and His loving children – the Supreme progenitor and His progeny. There cannot be more than one noumenal cause. The Supreme noumenal entity is a singular one. So the conception of so many gods, so many goddesses, so many ghosts are all based on defective ideas. The Supreme Father, noumenal entity, is a singular entity. And that noumenal entity is the loving Father. Oneʼs relationship with the loving Father is one of love and affection, is a domestic relationship. There is nothing formal, no sort of formality in it. It is purely domestic, a family relationship. So the noumenal cause is not just a theoretical entity; it is your Father, your nearest and dearest one.	要想加快生命前進的速度，必須要有情感的支持，這種情感的激勵是不可或缺的。而情感的支持必須以理性為基礎。有理性的情感是宇宙間最大的力量，缺乏理性，情感會變成一種教條或扭曲的形態。理性告訴我們：宇宙間的每一粒微塵，從巨大的長毛象到一片小草都是大宇宙心靈想像的創造。因此，祂和造化萬有間的關係如父親和小孩，是父親和祂親愛的子女──是至上之祖和其子孫的關係。所以，不會有一個以上的致因本體，而只有唯一的那一個。是故，諸眾男女神祇、各種精靈的概念是有缺陷的。至上之父、致因本體是唯一的本體，該本體就是我們親愛的至上之父。吾人與親愛的父親間只有愛的聯結，這是一種家人的親情關係。不是什麼拘謹的形式關係，純粹就是親人關係。所以，至上的致因本體不是理論上的實體，祂是你的父親，是你最親愛和最親近的人。		Shrii Shrii Ánandamúrti | 20 May 1979 DMS, Timmern, Germany | 03 The Noumenal Cause and the Personal God | Subháśita Saḿgraha Part 12	Shrii Shrii Ánandamúrti | 1979年5月20日於德國Timmern大法會 | 03 致因本體與具人格之主 | 靈性科學集成 卷12，P.19~20	1246	342
pair_0520_1979_081_260208	0520_1979_081_260208.txt	You know, the Supreme Noumenal Entity maintains the closest relationship with all other apparent noumenal entities, the so-called noumenal entities, and those so-called noumenal entities maintain a link with each and every expression of this universe. This indirect link of the noumenal entity is called prota yoga in Sanskrit. That is, whatever you are doing is indirectly known to Him through your direct noumenal entity. And not only that, He keeps a direct relationship with you also. “Today we will decorate the hall in a very nice way, as is done in the case of DMC. And when Bábá will see those things, He will say, ‘Let there be DMC.’” See, these things have a direct reflection, not on your apparent noumenal entity, but directly on the Supreme hub, directly on the Supreme noumenal entity. And He will say, “Let me satisfy those little boys and girls by declaring a subject of discourse.”	你們知道至上本體與所有其他實體間，皆維持著一種最親密的關係。這些實體和宇宙間的每一種展現彼此都有連結。不同實體間非直接的連結在梵文裡稱之為「集體聯繫瑜伽」(prota yoga)，也就是說，任何行動會直接透過這個實體，而間接地為祂所知。非僅如此，祂亦與你有直接的聯繫。若你心想：「今天我們要將靜坐大廳佈置得像大法會一樣的漂亮，當巴巴蒞臨看到時，他會說『讓我們在這裡舉辦大法會吧！』」你們看，這些事情直接反映在至上意識的核心裡，而不是在你們的個體上。於是他將說道：「我來宣佈演講的主題，滿足那些孩子們的心願吧！」	L'Entità Noumenica Suprema mantiene il legame più intimo con tutte le realtà noumeniche che stanno alla base delle forme manifeste; e queste realtà, a loro volta, sono collegate a ogni singola espressione dell’universo. Questo collegamento indiretto è chiamato in sanscrito prota yoga. In altre parole, qualunque cosa facciate è da Lui conosciuta indirettamente, attraverso la vostra realtà noumenica individuale. Ma non è solo così: Egli mantiene anche un rapporto diretto con ciascuno di voi. «Oggi decoreremo la sala in modo molto bello, come si fa in occasione del DMC. E quando Bábá vedrà queste decorazioni, dirà: “Che ci sia il DMC.”» Vedete, queste cose hanno una riflessione diretta, non sulla vostra realtà noumenica apparente, ma direttamente nel Centro Supremo, direttamente nell’Entità Noumenica Suprema. Ed Egli dirà: «Voglio soddisfare quei piccoli ragazzi e ragazze introducendo il tema del discorso.»	Shrii Shrii Ánandamúrti | 20 May 1979 DMS, Timmern, Germany | 07 Ota Yoga, Prota Yoga and Hat́ha Yoga | Yoga Sádhaná	Shrii Shrii Ánandamúrti | 1979年5月20日於德國Timmern大法會 | 06 個體聯繫瑜伽、集體聯繫瑜伽以及哈達瑜伽 | 瑜伽修持科學觀，P.81	900	255
pair_0520_1979_095_240501	0520_1979_095_240501.txt	Human approach towards spiritual affairs means fighting against the limitations of time, space and person. So it is the best wont of human beings. Now in the course of this psycho-spiritual advancement, when the particular aspirant crosses the silver line of demarcation between relativity and absolute, he goes beyond the touch of all mundane bondages. And that is the final destination, and that is the desideratum, of all human beings. And this approach of humans is called Bhágavata dharma.	人類從事靈性的修持意指與時、空、人物等束縛因素奮戰，這是人類最好的習性。在心理導向靈性的前進過程中，當修行之人越過了相對與絕對的最後界線時，他即不受此世俗束縛的控制，那就是所有人類生命的終極目標。人類所遵循的這種途徑就稱為「至上法性」。		Shrii Shrii Ánandamúti | 20 May 1979 morning, Timmern | Beyond Temporary Experience | Ánanda Vacanámrtam Part 12	Shrii Shrii Ánandamúti | 1979年5月20日晨於Timmern | 超越暫時的體驗 | 喜悅甘露集 卷6，P.95	495	118
pair_0520_1979_105_250205	0520_1979_105_250205.txt	The woes and anxieties, the pleasure or composure, that a man or an animal enjoys in the physical stratum are extremely limited. That is, the waves of woes and anxieties, or pleasure, function within a short sphere, and that is why they are purely of a temporary nature. The person or the space is also extremely limited. When the particular aspirant crosses the silver line of demarcation between relativity and absolute, he goes beyond the touch of all mundane bondages. And that is the final destination, and that is the desideratum, of all human beings. And this approach of humans is called Bhágavata dharma.	人或動物在物質層面所遭遇的悲傷或焦慮、快樂或寧靜都極其有限，亦即悲傷、焦慮或者快樂的波動都是作用在一個短暫的範疇裡，所以它們都是短暫無常的。人物和空間也是極其有限的。 當靈性的修持者超越了相對與絕對的銀色界線時，他就不再受到世俗的束縛，這就是人類最終的目的地。人類的這種前進稱之為「至上法性」(Bhágavata dharma)。		Shrii Shrii Ánandamúrti | 20 May 1979 morning, Timmern | 15 Beyond Temporary Experience | Ánanda Vacanámrtam Part 34	Shrii Shrii Ánandamúrti | 1979年5月20日晨於Timmern | 15 超越暫時的體驗 | 喜悅甘露集 卷11，P.105, 107~108	614	165
pair_0521_1971_162_250503	0521_1971_162_250503.txt	Ananda Marga has the correct way, through subjective approach and objective adjustment. While followers of Ananda Marga keep their eyes steady on the absolute, they do not ignore this relative world. They work for self-realization and social upliftment, and hence the utilization of their energy is never in vain. When the effort is correct and the utilization right, you will certainly reach the goal.	阿南達瑪迦是一條正確的道路，它透過客體的調適，以接近主體。行走在阿南達瑪迦之道的人，堅定地朝向絕對永恆前進的同時，他們也並未忽視此一相對的世界。他們同時為自我了悟與利益眾生而工作，因此他們能量的運用不會徒然。有了正確的努力，以及適當的能量運用，你們必然可達到你們的目標。		Shrii Shrii Ánandamúrti | 21 May 1971 morning, Ranchi | 22 Properly Utilize Yourself to Reach God | Ánanda Vacanámrtam Part 23	Shrii Shrii Ánandamúrti | 1971年5月21日晨於Ranchi | 23 善用己身以達至上 | 喜悅甘露集 卷7，P.162	402	135
pair_0521_1979_089_240825	0521_1979_089_240825.txt	Just when the aspirant crosses the cordon of the supreme static point, just on the other side, he feels another type of pleasure, and in that case (it is a subtler phase) he feels that he is with his Goal, he is with the Supreme Entity. The Universe is also there, but he feels that he has become a strong person – physically, mentally, spiritually – and under such circumstances, he does not care a fig for what the world says. This phase is called bháva. When a man is in bháva, it will be very easy for you to know it, because there will be a certain expression, not in the vocal cord, but from here [taps the anáhata cakra]. Perhaps you have seen someone saying “Bábá! Bábá!” – saying like this. Have you seen it? Because the expression comes from this point [indicates anáhata cakra again].	當靈性修持者越過宇宙力量惰性的範疇時，他同時感受到到另一種更精細的快樂。他感覺到他與上帝同在，與至上本體同在。此一塵世依舊存在，但他覺得自己在身、心、靈各層面都非常強壯，在這種情況下，他一點也不在乎世俗世界所說的一切，此一階段稱之為「理念波流境界」(Bháva)。我們很容易察覺一個人是否處在這種理念波流境界，因為在這種境界的人有某種特別的表達，這種表達不是來自聲帶，而是來自這裡（巴巴拍拍心輪）。或許你們曾經看過有人像這樣喊道：「巴巴！巴巴！」看過嗎？因為這種表達是來自於這一點（巴巴再次指著心輪）。		Shrii Shrii Ánandamúrti | 21 May 1979 morning, Timmern, West Germany | 18 You Should Do Accordingly  | Ánanda Vacanámrtam Part 12	Shrii Shrii Ánandamúrti | 1979年5月21日晨於德國Timmern | 18 依法如實修行 | 喜悅甘露集 卷6，P.98~99	803	251
pair_0522_1971_000_260522	0522_1971_000_260522.txt	Though subtle processed you should direct your mental symbolization so that it finds shelter in the spiritual flow. In this way your symbols will be converted into psycho-spiritual waves. What will happen then? In that case it would not be necessary for you to wait for your psychic symbols to get converted into physical symbols. Where the change has been made to the psycho-spiritual plane it has to be converted into the spiritual, and since the átman, the soul, is beyond the sphere of symbolization, the problem of symbolization ends. It will mean final liberation, mokśa. Human beings have been aspiring for this final liberation since time immemorial and those who have understood it should know that they do not have to wait for it endlessly form one life to another. In this very life convert your psychic symbolization into psycho-spiritual symbolization and become and emancipated being.	你應當經由精細的過程，引導你的心靈，使其在靈性波流中找到庇護所。如此你的表徵就會轉換成由心靈導向靈性的波流。接下來會如何呢？在此情況下，你就不用等到將你的心態物化。如果是由心智導向靈性層面的改變，它就一定會轉變成靈性，因為自性(Átman)是超越象徵表達的範疇，因此以象徵方式表述的問題就到此結束，這意味著究竟解脫(Moksa)。人類從無始以來就在追尋此究竟解脫，了解此點之人應該知道，他們不必生生世世無止盡地等待。就在此生，將你的心境轉變成心智導向靈性之境，而成為一個解脫之人。	Benché il processo sia sottile, dovreste dirigere la vostra simbolizzazione mentale in modo che trovi rifugio nel flusso spirituale. In questo modo i vostri simboli si trasformeranno in onde psico-spirituali. Che cosa accadrà allora? In tal caso non sarà necessario attendere che i vostri simboli psichici vengano convertiti in simboli fisici. Quando il cambiamento è stato portato sul piano psico-spirituale, esso deve essere trasformato nello spirituale; e poiché l’átman, l’anima, è oltre la sfera della simbolizzazione, il problema della simbolizzazione termina. Questo significherà liberazione finale, mokśa. Gli esseri umani aspirano a questa liberazione finale da tempo immemorabile, e coloro che lo hanno compreso dovrebbero sapere che non devono attenderla senza fine, da una vita all’altra. In questa stessa vita trasformate la vostra simbolizzazione psichica in simbolizzazione psico-spirituale e diventate esseri emancipati.	Shrii Shrii Ánandamúrti | 22 May 1971 RU, Ranchi | 38 Expression and Symbolization | Discourses on Neohumanist Education	Shrii Shrii Ánandamúrti | 1971年5月22日於Ranchi泛宇文藝復興大會(RU) | 7-2 表達與象徵 | 新人道教育文集	900	240
pair_0523_1969_099_241221	0523_1969_099_241221.txt	Life is movement from imperfection to perfection. When inanimate objects become animate there is progress. There is further progress when animate beings become multicellular, metazoic organisms, more and more complicated structures. The imperfection of a crab is not seen in a serpent. The human being is the highest being, the most perfect in structure. The human is thus a perfected animal. But this is only the beginning of progress for the human. The human still has to achieve further physical, intellectual and spiritual perfections.	生命是從不完美朝向完美的行進。從沒有生命的物體發展成為有生命的個體，這就是一種進步。而當有生命的個體逐漸演化成多細胞、構造複雜的生命個體，則更是向前躍進。螃蟹的缺點在蛇身上就看不見了。人類是最進化的生物，有著最完美的結構。所以，人類是完美的動物。然而擁有人身只是人類進步的開始，他們仍必須往身、心、靈更完美的境界前進。		Shrii Shrii Ánandamúrti | 23 May 1969 morning, Ranchi | 14 Movement towards Perfection Is Dharma | Ánanda Vacanámrtam Part 23	Shrii Shrii Ánandamúrti | 1969年5月23日晨於Ranchi | 15 朝向完美前進即法性 | 喜悅甘露集 卷7，P.99	539	159
pair_0523_1969_103_240318	0523_1969_103_240318.txt	We are all part of that Supreme Being – He is playing with Himself in all our forms. This is a divine play. He is playing hide-and-seek with Himself. Search Him in your little “I” feeling and you will find the King of kings there. In fact, the name of this search is sádhaná.	我們都是至上本體的一部分，祂是自己和自己在玩遊戲。這是一齣神性的遊戲，是祂與自身在玩躲迷藏。在你小小的我覺裡尋找祂吧！你將發現王者之王就在其中。事實上，這種內在的尋求就是「靈性修持」(sádhaná)。		23 May 1969 evening, Ranchi | The Lordʼs Play, Ánanda Vacanámrtam Part 23	1969年5月23日傍晚於阮奇 | 上主的遊戲，喜悅甘露集卷7，P.103	277	101
pair_0523_1971_164_241222	0523_1971_164_241222.txt	You search Him in the caves of the Himalayas and wander here and there and He is nowhere. But when you attain awareness of Him, you know that He was along with you in your search and that He was seated in your heart.	你登上喜瑪拉雅山的山洞去尋找，你到處尋尋覓覓，卻發現祂不在任何一個你所尋覓的地方。但是當你了悟祂時，你知道祂一直都與你同在，陪伴著你到處尋尋覓覓，並且也安住在你的心中。		Shrii Shrii Ánandamúrti | 23 May 1971, Ranchi | 23 God Is With You | Ánanda Vacanámrtam Part 23	Shrii Shrii Ánandamúrti | 1971年5月23日於Ranchi | 24 上主與你同在 | 喜悅甘露集 卷7，P.164	216	84
pair_0523_1971_164_250624	0523_1971_164_250624.txt	When you attain awareness of Him, you know that He was along with you in your search and that He was seated in your heart. He shares your joys and pains, as He is with you through thick and thin. He never leaves you even when all others have abandoned you. Every jiiva, every living being, is the child of Immortality. You have been born in eternity and you are moving towards immortality. Therefore there is no need to be afraid, despondent, or sorry in any condition.	當你了悟祂時，你知道祂一直都與你同在，陪伴著你到處尋尋覓覓，並且也安住在你的心中。 祂分享你的快樂和痛苦，在任何情況下祂都陪伴著你，在所有人都拋棄你的同時，祂依然對你不離不棄。 每一個眾生都是永恆之子。你從永恆而來，終將回歸於永恆。所以在任何狀況下，你皆無需畏懼、無需沮喪。		Shrii Shrii Ánandamúrti | 23 May 1971, Ranchi | 23 God Is With You | Ánanda Vacanámrtam Part 23	Shrii Shrii Ánandamúrti | 1971年5月23日於Ranchi | 24 上主與你同在 | 喜悅甘露集 卷7，P.164	469	137
pair_0523_1982_357_250317	0523_1982_357_250317.txt	Some ideas arose in the minds of people, particularly sádhakas, that Brahma is the composite form of Parama Puruśa and Paramá Prakrti; and Shiva was the crystallized manifestation of Brahma. This idea was further developed and took shape long afterwards, during the days of Jain Tantra, Buddhist Tantra, and Post-Shiva Tantra. People were then able to grasp the significance of Shiva Shaktyátmakaḿ Brahma [“Brahma is the composite of Shiva, or Puruśa, and Shakti, or Prakrti”].	宇宙本體是至上認知法則(Parama Puruśa)和至上運作勢能(Paramá Prakrti)兩者的結合，而希瓦正是至上本體的具體顯現，此一觀念自人們心中特別是從那些靈修者的心裡升起。很久之後，在耆那教密宗、佛教密宗和後希瓦密宗時期，此觀念更加發展成形。那時人們開始能夠理解「Shiva Shaktyátmakaḿ Brahma」的含意──即宇宙本體(Brahma)是宇宙意識(Shiva或Puruśa)和宇宙運作法則(Shakti或Prakrti)所構成。		Shrii Shrii Ánandamúrti | 23 May 1982, Calcutta | 07 All Bask in the Glory of Shiva – 2 (Discourse 7) | Namah Shiváya Shántáya	Shrii Shrii Ánandamúrti | 1982年5月23日於加爾各答 | 17 在希瓦之榮耀下──二 | 永恆的希瓦‧超越時空的教誨，P.357	483	231
pair_0524_1969_108_250129	0524_1969_108_250129.txt	Your aim should be to harmonize your inner mind and your outer expressions. Make your mind within and without one and uniform. There are two personalities in everyone, the inner one and the outer one. The inner one is less complicated, but the outer one appears to be better (it is hypocritically better). The aim of sádhaná is to bring these two personalities closer together and make them one. When you are one and the same, within and without, when all the expressions of your consciousness are in harmony with the Supreme Being, the duality of your being will vanish, and you will be established in permanent peace and greatness.	你的目標應與內在心靈和外在展現取得平衡，應努力讓心靈的內、外一致。每個人都有內、外兩種人格。內在複雜糾葛，外在看起比較好，這是偽裝得好。靈性修持的目的就是要拉近這兩種人格的距離，讓它們一致。  當你的內、外在是一致的，當你的意識與至上本體和諧共鳴，那麼你二元對立的存在感將會消失，你將立足於永恆的寧靜與偉大的境界中。		Shrii Shrii Ánandamúrti | 24 May 1969 morning, Ranchi | 16 Consciousness | Ánanda Vacanámrtam Part 23	Shrii Shrii Ánandamúrti | 1969年5月24日晨於Ranchi | 17 意識 | 喜悅甘露集 卷7，P.108~109	635	158
pair_0524_1971_045_251119	0524_1971_045_251119.txt	In the spirit of Dharma, the soul of spirituality is hidden in the “guha”, i.e. your I feeling...Your Lord is there in your own “I” feeling. How to find Him?... He is there in you as the oil is in the oilseed. Crush the seed through Sádhaná and you get the oil. Separate the mind from Cognition or Consciousness; and see that His resplendence lightens up your whole inner being. He is like butter in curd; churn it and He will appear from within. Churn your mind through Sádhaná and Parama Puruśa will appear like butter from curd. He is like a subterranean river in you. Remove the sands of mind and you will find the clear and cool waters within.	法性的精神、靈性的精髓含藏在「谷哈」(guha)裡，亦即在你的「我覺」中。……你的上主就在你的「我覺」裡，你要如何找到祂呢？…… 祂在你的內在，就如同油含藏在種子裡。透過靈性修持榨取種子，你就可以得到裡面的油。你要能分辨認知本源或意識與心靈的不同，你會見到祂燦爛的光芒照亮你整個內在的生命。祂就好比凝乳裡的奶油，你必須用力攪拌，祂就會在你的內在出現。透過靈性修持用力攪拌你的心靈，至上意識就會像奶油從凝乳中出現。祂如你內在的潛流，你必須將心靈的沙礫去除，才會發現那裡面清涼乾淨的流水。	Nello spirito del Dharma, l’anima della spiritualità è custodita in “guha”, il cuore segreto del tuo essere. È lì che dimora il Signore, nel tuo senso dell’Io. Come si può raggiungere quella Presenza interiore? Egli è in te come l’olio è nel seme oleoso. Schiaccia il seme attraverso il sadhana e otterrai l’olio. Separa la mente dalla facoltà conoscente, dalla Coscienza, e vedrai che la Sua radiosità illumina tutto il tuo essere interiore. Egli è come il burro nascosto nello yogurt: lavoralo con pazienza, e il burro affiora. Così, se lavori la tua mente attraverso il sadhana, Parama Purusa emergerà dal profondo, come il burro che si separa dallo yogurt. Egli è come un fiume sotterraneo dentro di te; rimuovi le sabbie della mente e troverai, al suo interno, acque limpide e fresche.	Shrii Shrii Ánandamúrti | Ánanda Púrńimá 24 May 1971 DMC | 05 Desideratum of Human Life | Subháśita Saḿgraha Part 19	Shrii Shrii Ánandamúrti | 1971年5月24日喜悅滿月日大法會 | 04 人類生命的目標  | 靈性科學集成 卷14，P.45~46	653	242
pair_0524_1979_116_240831	0524_1979_116_240831.txt	As per yoga and Tantra, to Parama Puruśa one is to do namaste. Namah plus te – “I pay respect to You” – namaste. And namaskára means, “I am paying my respects.” And that is why you may use the word namaste only for Parama Puruśa, but namaskára for both Parama Puruśa and the jiiva [unit being]. Tadekaḿ jagatsákśiirupaḿ namámah – “If I am to pay respect to anybody, I am to pay respect to You only.”	根據瑜伽和密宗，對至上意識，吾人做最敬禮(Namaste)。Namah加上te意為「我對『您』表示敬意」。而Namaskára意指「我表示我的敬意」。所以，Namaste只能用於至上意識，而Namaskára可以適用於至上意識以及個體(Jiiva)。Tadekaḿ jagatsákśiirupaḿ namamah:「如果我要對任何人表示敬意，我將只向『您』頂禮。」		Shrii Shrii Ánandamúrti | 24 May 1979 morning, Rotterdam | 21 What Are You? | Ánanda Vacanámrtam Part 12	Shrii Shrii Ánandamúrti | 1979年5月24日晨於荷蘭鹿特丹 | 21 您是什麼 | 喜悅甘露集 卷6，P.116	409	183
pair_0524_1979_116_240831_260524	0524_1979_116_240831_260524.txt	As per yoga and Tantra, to Parama Puruśa one is to do namaste. Namah plus te – “I pay respect to You” – namaste. And namaskára means, “I am paying my respects.” And that is why you may use the word namaste only for Parama Puruśa, but namaskára for both Parama Puruśa and the jiiva [unit being]. Tadekaḿ jagatsákśiirupaḿ namámah – “If I am to pay respect to anybody, I am to pay respect to You only.”	根據瑜伽和密宗，對至上意識，吾人做最敬禮(Namaste)。Namah加上te意為「我對『您』表示敬意」。而Namaskára意指「我表示我的敬意」。所以，Namaste只能用於至上意識，而Namaskára可以適用於至上意識以及個體(Jiiva)。Tadekaḿ jagatsákśiirupaḿ namamah:「如果我要對任何人表示敬意，我將只向『您』頂禮。」		Shrii Shrii Ánandamúrti | 24 May 1979 morning, Rotterdam | 21 What Are You? | Ánanda Vacanámrtam Part 12	Shrii Shrii Ánandamúrti | 1979年5月24日晨於荷蘭鹿特丹 | 21 您是什麼 | 喜悅甘露集 卷6，P.116	409	183
pair_0525_1971_169_241008	0525_1971_169_241008.txt	Depend on one only, not on two. Death will not be painful for you, because in death too you attain Him. Merge with Him with all your love. He has given you your organs. Utilize them for Him. With your voice sing His name, His praise, His kiirtana. With your mind think of Him. One who does not do this wastes oneʼs life.	你們應只仰賴那唯一的至上之主。死亡對你們而言不會是痛苦的，因為你們在死亡中也會獲得祂。所以用你們全部的愛來與祂合一吧！祂已賜予你們各種器官，為祂而善加利用這些器官。以你們的歌聲來呼喚祂、來讚美祂、來唱頌至上聖名(kiirtana)。用你們全部的心力持念祂。否則就是糟蹋生命。		Shrii Shrii Ánandamúrti | 25 May 1971 morning, Ranchi | 23 You Live According to Godʼs Desire | Ánanda Vacanámrtam Part 30	Shrii Shrii Ánandamúrti | 1971年5月25日晨於Ranchi | 22 依照上主的意願而活 | 喜悅甘露集 卷8，P.169	320	137
pair_0525_1979_137_240730	0525_1979_137_240730.txt	You should always remember that you have come here for a very short span. It is just like a waiting room of a railway station. You remain there for a short period and when the train comes, you leave the waiting room. This world is just like that waiting room. You are to remain here for a very short span. You should always remember this fact – “I have come here for a short span and I wonʼt remain here for a very long period. My home is elsewhere. I am just like a tourist.” You should always remember this fact. And as a universal tourist, you, while leaving for your permanent home, will not require a passport.	你要記得你只是來這裡一段極短的時間，就像是火車站的候車室，只是在那裡等火車來臨，火車一來你就會離開這個候車室。這個世界就是一個候車室，你只是在此短暫停留。 你要永遠記得這項事實──「我只短暫停留，不會久留於此。我的家鄉在他方，我只是個過客。」你要牢記此一事實。做一個宇宙的過客，當你啟程回永恆的家時，是不需要護照的。		Shrii Shrii Ánandamúrti | 25 May 1979 evening, Rotterdam | 24 Puńya All Twenty-Four Hours | Ánanda Vacanámrtam Part 12	Shrii Shrii Ánandamúrti | 1979年5月25日傍晚於荷蘭鹿特丹 | 24 日夜行善 | 喜悅甘露集 卷6，P.137	615	158
pair_0527_1979_142_250606	0527_1979_142_250606.txt	In order to bring the mind to a state of composure you are to do – what? You are to do kiirtana. During kiirtana what happens? The mind gets lifted, exalted, and as a result you will enjoy a particular nature of peace. And if you start your sádhaná just after doing kiirtana, you will enjoy bliss. So kiirtana is a necessity, is an indispensable necessity for proper sádhaná.	要如何才能讓心靈保持寧靜的狀態呢？你必須從事「至上聖名的唱頌」(Kiirtana)。在唱頌至上聖名時，會怎麼樣呢？你的心靈會提升，自然就會徜徉在一種特別的寧靜之中。如果你在唱頌至上聖名後即刻靜坐，你就會法喜充滿。所以「唱頌至上聖名」(kiirtana)是必要的，對於正確的靈性修持而言是不可或缺的。		Shrii Shrii Ánandamúrti | 27 May 1979 evening, Stockholm | 25 The Chance to Be One with Him | Ánanda Vacanámrtam Part 12	Shrii Shrii Ánandamúrti | 1979年5月27日傍晚於瑞典斯德哥爾摩 | 25 回歸至上的本體 | 喜悅甘露集卷 6，P.142	379	149
pair_0527_1980_115_240925	0527_1980_115_240925.txt	The Tantrik practice of Mudrá Sádhaná means to associate with good human beings in order to attain liberation. Here you must remember that salvation is not only spiritual, it is in all spheres of life, in all the strata of life. In all the spheres of life – social, economic, etc. – struggle has to be launched. Wherever there is no food, begin the struggle for it; if clothing is needed, then there should be struggle for it; if there is no irrigation system fight for it. For the highest salvation of the soul is to free it from all bondages.	為了獲得解脫，一個人必須與善為伍，這是密宗鍛鍊中慕抓修持(Mudrá Sadhana)的意思。你們必須記住，所謂的「解脫」並非只在靈性層面上，而是指生命所有各個層面、所有的階段，包括社會、經濟等等，在在都需要奮鬥。缺乏食物時，就需為食物奮鬥；需要衣物時，就應努力獲得衣物；如果灌溉系統不足，那麼就要想辦法完成。因為靈魂至高的究竟解脫就在於讓它擺脫所有的束縛，得到完全的自由。		Shrii Shrii Ánandamúrti | 27 May 1980, Krishnanagar | 09 Do Virtuous Deeds Day and Night | Ananda Marga Karma Yoga in a Nutshell	Shrii Shrii Ánandamúrti | 1980年5月27日於Krishnanagar | 09 日夜行善 | 行動瑜伽的智慧，P.115	547	187
pair_0528_1959_015_250827	0528_1959_015_250827.txt	The operative forces of psychic dilation are three in number. These are (1) physical force, created out of physical clash; (2) psychic force, created as a result of clashes in the psychic sphere; and (3) spiritual force emanated from longing for the Great. As a result of operations of these three forces, the psychic body undergoes a dilation. This dilation is not mere puffing up, but an expansion in volume and mass. The quantum of dilation depends directly on the proximity of the destination. That means the dilation increases as the distance decreases. The increase in mass is due to ever-increasing clash amongst the belligerent forces within the physical structure. As a result of mental dilation, that is, increase in volume and mass of the psychic body, the mind acquires more and more potentiality for multilateral activities.	心理擴張的運作力量有三。分別是：一、物質力量，來自於物質的衝擊；二、心理力量，來自於心理層面的衝擊；三、靈性力量，來自於對至上的渴望。由於這三種力量的作用，造成心理的擴張。此擴張並非只是膨脹，而是體積與質量的擴展。擴張的程度取決於與終極目標的距離，亦即只要距離縮短，擴展就增加。 質量的增加乃是由於在物質結構內，各交戰力量間的衝擊愈益頻繁所致。由於心理擴張的緣故，亦即心靈在體積與質量上的增加，使其擁有更多的潛能從事各種活動。		Shrii Shrii Ánandamúrti | 28 May 1959 | 02 Pratisaiṋcara and Manah | Idea and Ideology	Shrii Shrii Ánandamúrti | 1959年5月28日 | 02 宇宙向心運動與心靈 | 印心與悟道，P.15	837	213
pair_0528_1959_020_231221	0528_1959_020_231221.txt	According to the urge of pratisaiṋcara the unit mind goes on dilating because of the ever-increasing reflected density of the Macrocosmic Nucleus. Here the microcosm acts as a mirror and the reflected consciousness is just like the reflection of the rays of the sun, in that, while being reflected, He also associates Himself with the plate. The association inculcates the sameness of the quality and so the associative reflection of the Nucleus – Puruśottama – will develop in the unit mind the broadness of His Cosmic Self and the final culmination of the march of this unitary self, or microcosm.	由於宇宙向心運動的影響，個體心靈因為大宇宙核心的反映密度增加而持續地擴張。在此，個體小宇宙如同鏡子，而反映出的意識恰如陽光的反射，當祂被反映時，也將其自身與反映板連結。此種連結將使兩者愈來愈一致，所以與核心意識的連結會在個體心靈中產生宇宙大我的無限性，同時幫助單一自我或個體小宇宙達成前進之目的。		Shrii Shrii Ánandamúrti | 28 May 1959 | Pratisaiṋcara and Manah | Idea and Ideology	Shrii Shrii Ánandamúrti | 1959年5月28日 | 原素、微波元素與器官 | 印心與悟道，P.20	601	148
pair_0528_1959_129_231013	0528_1959_129_231013.txt	One will have to detach the mind from worldly propensities while meditating upon Iishvara (God). First the mind will have to be withdrawn from the limited “I” feeling, and focused at a point. Then one will take the thought of the Macrocosm around that point with the help of the ideation of the mantra prescribed according to one's own saḿskára (mental potentiality). He is the subtlest Entity; therefore He can be realized only through feeling and by no other means.	一個人在冥想上主時、必須讓心靈擺脫世俗的習性；首先，必須從有限的我覺中將心靈收攝，並定於一點；然後藉由梵咒理念作用之助，觀想大宇宙環繞該點，而此梵咒是依照每個人的業力(saḿskára)所定。祂是最精細的本體，因此，除經由覺知外，別無他法能了知祂。		Shrii Shrii Ánandamúrti | 28 May 1959 | 12 Psycho-Spiritual Practices of Iishvara Prańidhána | Yoga Sádhaná	Shrii Shrii Ánandamúrti | 1959年5月28日 | 10 心住至上──心智導向靈性的鍛鍊 | 瑜伽修持科學觀，P.129	469	124
pair_0528_1959_130_250203	0528_1959_130_250203.txt	It is desirable to practise various lessons of sádhaná alone, in a lonely place, but Iishvara prańidhána can be practised both individually as well as collectively. In collective Iishvara prańidhána the combined mental efforts work together, and so give rise to the expression of the higher signs in a very short time. Therefore, like all other aspects of sádhaná, Iishvara prańidhána should positively be practised alone, in a lonely place; but in addition, do not miss the opportunity of collective Iishvara prańidhána whenever some of you conveniently meet together. The indomitable mental force aroused as a result of collective Iishvara prańidhána will help you solve any problem, great or small, on this earth. It is for this reason that you should always be zealous to attend weekly dharmacakra regularly.	一個人最好單獨在寂靜的地方練習靜坐的每一課，但「心住至上」的修持單獨或集體皆可行。在集體修持「心住至上」時，由於心靈集體努力的結合，可在短時間內將心靈提升至較高的境界。如同靈性修持的其他方面，「心住至上」當然也應該在無人之處獨自練習；此外，也不要錯過任何幾個人聚在一起從事「心住至上」修持的機會。在一起修持「心住至上」時所產生的堅強心靈力量，可幫助你解決任何大大小小的問題。因此，你應熱誠而有規律地參加每週的法性聚會(dharmacakra)。		Shrii Shrii Ánandamúrti | Ánanda Púrńimá 1957, Jamalpur | 12 Psycho-Spiritual Practices of Iishvara Prańidhána | Yoga Sádhaná	Shrii Shrii Ánandamúrti | 1957年喜悅滿月日於Jamalpur | 10 心住至上──心智導向靈性的鍛鍊 | 瑜伽修持科學觀，P.130	826	222
pair_0528_1959_140_231231	0528_1959_140_231231.txt	What is the best auto-suggestion, on what you are to do? You are to use your incantation, always use your Iśt́a mantra. That is the best auto-suggestion. “Auto” means – what? “Auto” means “self”. “Autonomy” means “self-government”. “Automatic” – “done by self”.	什麼是最佳的自我暗示，你應該怎麼做呢？你必須持誦你的梵咒，永遠持念你的生命理念目標梵咒(Iśt́a mantra)，此為最佳的自我暗示。自我暗示意指什麼？自我暗示意指由自身自我管理、自我完成。		Shrii Shrii Ánandamúrti | 28 May 1959 | Psycho-Spiritual Practices of Iishvara Prańidhána | Yoga Sádhaná	Shrii Shrii Ánandamúrti | 1959年5月28日 | 心住至上─心智導向靈性的鍛鍊 | 瑜伽修持科學觀，P.140	262	96
pair_0528_1959_141_240107	0528_1959_141_240107.txt	What is the best outer-suggestion? When you are in good company, from that good company there comes outer-suggestion. Here you are getting outer-suggestion. This outer-suggestion strengthens the vitality of auto-suggestion. So outer-suggestion is a necessity, it is indispensable for a manʼs spiritual progress. This outer-suggestion is called satsauṋga in Sanskrit.	什麼是最佳的外在暗示？當你身處於一個良好的團體中，從那個團體裡，你得到外在的暗示。這種外在的暗示可以強化生命自我的暗示，對於一個人的靈性進步是不可或缺的。這種外在暗示在梵文裡叫作「與善為伍」(satsauṋga)。		Shrii Shrii Ánandamúrti | 28 May 1959 | Psycho-Spiritual Practices of Iishvara Prańidhána  | Yoga Sádhaná	Shrii Shrii Ánandamúrti | 1959年5月28日 | 心住至上─心智導向靈性的鍛鍊 | 瑜伽修持科學觀，P.141	367	107
pair_0528_1959_143_241203	0528_1959_143_241203.txt	Now, what is good and bad? What is sat and what is asat? The physical, mental, or spiritual action that helps you, or your association in developing your spiritual life that lessens the distance between you and your Lord, is “good”. And your physical, psychic, or spiritual actions that increase the distance between you and your Lord is “bad”.	什麼是善，什麼是惡？什麼是「真理」sat?什麼是「虛妄」(asat)?在身、心、靈各層面對你有益的行為，或是能夠幫助你靈性生命進展的友伴，那些能夠減少你和上主之間距離的事物都是好的。而那些會在身、心、靈各方面增加你和上主之間距離的事物就是不好的。		Shrii Shrii Ánandamúrti | 28 May 1959 | 12 Psycho-Spiritual Practices of Iishvara Prańidhána | Yoga Sádhaná	Shrii Shrii Ánandamúrti | 1959年5月28日 | 10 心住至上──心智導向靈性的鍛鍊 | 瑜伽修持科學觀，P.143	344	123
pair_0528_1959_147_241205	0528_1959_147_241205.txt	The physical structure of an animal is less complex than that of a human being, because the human mind is also more complex than that of the animal. The number of glands in a human body is more than that in an animal structure, in an animal body. Now, the first phase of the process is physico-psychic – that is, withdrawing the mind from different physical objects and bringing it to a particular point, and directing that point towards the realm of the mind. And next is a phase of withdrawing the mind from different mental objects, from different mental pabula, and directing it towards the Supreme Subjectivity.	動物的身體沒有人類身體那麼複雜，因為人類的心靈也比動物心靈複雜許多。人體內的腺體數目比動物的還多。心靈集中的第一個階段是由身體導向心智，亦即將心靈從各種物質客體中收攝回來，並導向於某一特定點，而此點直指心靈。下一個階段則是將心靈從各式心靈客體、從不同的心靈食糧中再收攝，並將它導向於至上的主體。		Shrii Shrii Ánandamúrti | 28 May 1959 | 12 Psycho-Spiritual Practices of Iishvara Prańidhána | Yoga Sádhaná	Shrii Shrii Ánandamúrti | 1959年5月28日 | 10 心住至上──心智導向靈性的鍛鍊 | 瑜伽修持科學觀，P.147	616	147
pair_0528_1959_178_260618	0528_1959_178_260618.txt	In the worship of Brahma there is a method by which every worldly duty can be performed easily and perfectly. For ideation on Brahma a person does not have to become a hermit in the forest. Only go on behaving rightly and properly with every manifestation of Brahma in this universe – remove or rectify the mental disease of criminals and reform their characters, cure the sick of their sickness, and arrange for their medicines and their diet. Just remember only this: that you have to behave properly and reasonably with every entity of this world. Pay special attention to the word “properly”. By “proper behaviour”, I mean that in which there is neither anger nor jealousy, neither attraction nor aversion...	在至上的禮拜中，有一種方法可以更容易及完善的完成世俗的責任。你無需退隱山林以心懷至上，只要在至上意識的所有展現裡，繼續保持適時而正確的行為，去除或導正犯罪的心理疾病、改變習性、治療疾病、適當的醫藥和飲食。只要牢記：你對這個宇宙的萬事萬物，都必須採取合理合宜的舉措。特別注意「合宜」這個字眼，我所謂合宜正確的舉止行為就是指既不憤怒、嫉妒，亦不執著或厭惡。	Nell’adorazione di Brahma esiste un metodo grazie al quale ogni dovere mondano può essere svolto facilmente e perfettamente. Per mantenere l’ideazione su Brahma una persona non deve necessariamente diventare un eremita nella foresta. È sufficiente continuare a comportarsi in modo giusto e appropriato con ogni manifestazione di Brahma presente in questo universo: eliminare o correggere la malattia mentale dei criminali e riformarne il carattere, curare gli ammalati dalle loro malattie e provvedere alle loro medicine e alla loro alimentazione. Ricordate soltanto questo: dovete comportarvi in modo appropriato e ragionevole con ogni entità di questo mondo. Prestate particolare attenzione alla parola «appropriato». Per «comportamento appropriato» intendo un comportamento nel quale non vi siano né rabbia né gelosia, né attrazione né avversione...	Shrii Shrii Ánandamúrti | 28 May 1959, Patna | 15 Pratyáhára Sádhaná | Yoga Sádhaná	Shrii Shrii Ánandamúrti | 1959年5月28日於Patna | 13 感官回收之靈性修持 | 瑜伽修持科學觀，P.178	712	176
pair_0528_1967_057_241101	0528_1967_057_241101.txt	Unless the shabda or the collection of shabdas, when meditated upon, leads to the path of liberation, it cannot be called a mantra. Every mantra is thus sonic or vibrational and is vibrating simultaneously in the Cosmic system and in the unit body. When, with the help of a mantra, a person finally establishes the parallelism of the unit ectoplasmic vibration with the Cosmic vibration, that person gets mantra siddhi.	除非靜坐時所冥想之某一音聲或某組音，合能帶你走向解脫之道，否則它不能被稱為「梵咒」。所以每一個梵咒都是音聲或波動，同時會在大宇宙系統與個體中產生波動。當人藉著梵咒之助，建立起個體心靈波動與大宇宙心靈波動間的平行關係時，此人即達到持誦梵咒的成就(Mantra siddhi)。		Shrii Shrii Ánandamúrti | 28 May 1967 DMC, Allahabad | 04 Mantra Caetanya | Subháśita Saḿgraha Part 10	Shrii Shrii Ánandamúrti | 1967年5月28日於Allahabad大法會 | 04 梵咒之覺醒 | 靈性科學集成 卷10，P.57~58	419	137
pair_0528_1967_058_240217	0528_1967_058_240217.txt	What is mantra caetanya, or the awakening of a mantra? Mantra caetanya is the condition where, with the help of a particular shabda, a person establishes parallelism between his or her external physical vibration and his or her internal ectoplasmic vibration, and then raises this to the spiritual level. And the culmination of this process in the achievement of the final spiritual goal is called mantra siddhi. The same shabda without being made “live” or awakened in the above process is meaningless; it acquires force and meaning when it becomes “live” in the aforesaid manner. The parallelism between the internal ectoplasmic vibration and the external Cosmic vibration can only be established when one has complete control over oneʼs own ectoplasmic vibration.	何謂「梵咒之覺醒」(mantra caetanya)?梵咒之覺醒是指該人經由某一特殊音聲之助，而建立起外在肉體波動與內在心靈波動間的平行關係，並進而將此提升至靈性層次的一種狀態。在達到最終靈性目標的過程中，其極致頂點就稱為持誦梵咒的成就。同樣的音聲在上述過程中若未經喚醒或使其具有生命力，也是沒有意義的；只有透過上述方式讓該音聲變得「有生命」時，它才具有力量和意義。唯有當人能完全控制自己心靈波動時，才能建立內在心靈波動與外在大宇宙心靈波動之間的平行關係。		28 May 1967 DMC, Allahabad | Mantra Caetanya | Subháśita Saḿgraha Part 10	1967年5月28日於阿拉哈巴德 | 梵咒之覺醒 | 靈性科學集成卷10，P.58	766	228
pair_0528_1967_061_250110	0528_1967_061_250110.txt	Service to humanity with a view to serve Parama Puruśa and with the same attachment which one feels towards oneself and Parama Puruśa is an essential prerequisite for progress in sádhaná. This will establish the equilibrium and parallelism of the individual rhythms with the rhythms of the external physicalities.	以服務至上意識的心來服務人類，並對人類懷著一種像對待自己以及至上意識相同的感情，是促成靈修進步的一個主要先決條件。此將建立起個人波動與外在物質界波動間均衡與平行的關係。		Shrii Shrii Ánandamúrti | 28 May 1967 DMC, Allahabad | 04 Mantra Caetanya | Subháśita Saḿgraha Part 10	Shrii Shrii Ánandamúrti | 1967年5月28日於Allahabad大法會 | 04 梵咒之覺醒 | 靈性科學集成 卷10，P.61	317	84
pair_0528_1967_061_250824	0528_1967_061_250824.txt	There are several essential factors to bring about mantra caetanya. The first is that the mantra should suit the saḿskára of the individual concerned. And the second is that the individual should feel a fraternal emotion for and attachment to the external world. This sentimental contact with the external world is a must. If someone is under the impression that “I am doing sádhaná for the sake of personal liberation and I have nothing to do with the world,” and thus denies his or her contact with external physicality, although the personʼs physical body is very much in this world, the person is cheating himself and indulging in selfishness.	有幾個重要的因素可以導致梵咒的覺醒。第一、梵咒應符合個人的因果業力；第二、個人對於外在世界應懷著一種如兄弟般的情誼和愛，與外在世界有此種情感的聯繫是必要的。如果有人覺得「我是為了個人的解脫而從事靈修，與這個世界一點關係也沒有」，因而拒絕與外在物質世界接觸，則雖然此人的肉體尚存活在這世界上，但其實他是在欺騙自己，不過是放任自己於自私自利之中。		Shrii Shrii Ánandamúrti | 28 May 1967 DMC, Allahabad | 04 Mantra Caetanya | Subháśita Saḿgraha Part 10	Shrii Shrii Ánandamúrti | 1967年5月28日於Allahabad大法會 | 04 梵咒之覺醒 | 靈性科學集成 卷10，P.61	651	171
pair_0528_1967_064_250627	0528_1967_064_250627.txt	When a person will awaken caetanya in a mantra, that is, when he or she will do purashcarańa, he or she will move from negativity to positivity, from human parábindu to human sahasrára.	當一個人喚醒梵咒中的意識力量，亦即當經由梵咒的敲擊和梵咒的覺醒，庫拉孔達里尼從海底輪朝頂輪提升時，他將從負性走向正性，從音聲的起點(parábindu)走向人類的極致頂點(sahasrára)。		Shrii Shrii Ánandamúrti | 28 May 1967 DMC, Allahabad | 04 Mantra Caetanya | Subháśita Saḿgraha Part 10	Shrii Shrii Ánandamúrti | 1967年5月28日於Allahabad大法會 | 04 梵咒之覺醒 | 靈性科學集成 卷10，P.64~65	188	97
pair_0528_1967_308_240527	0528_1967_308_240527.txt	As bliss is infinite pleasure alone. Sádhaná, then, is what wise people have to do. And in sádhaná, the first thing to be done is to use mantra caetanya.	因為喜悅是唯一無限的快樂。所以靈性修持是聰明人必須做的事，而其首要之務就是運用「梵咒的覺醒」。		Shrii Shrii Ánandamúti | 28 May 1967 DMC, Allahabad | Shravańa, Manana and Nididhyásana | Yoga Sádhaná	Shrii Shrii Ánandamúti | 1967年5月28日於Allahabad大法會 | 諦聽、持念觀想以及自我的臣服 | 瑜伽修持科學觀，P.308	157	47
pair_0528_1967_309_241007	0528_1967_309_241007.txt	Going home is a simple task. It requires no scholarship, no knowledge, no intellectual [[faculty]] – no long and tedious lecturing. The scriptures tell us to remember three points in order to return home. They are shravańa [hearing about the Supreme], manana [ideating on the Supreme] and nididhyásana [meditating on the Supreme with an unbroken flow of mind].	回家是一件簡單的工作，它不需要學問，不需要知識，不需要智力──不需要冗長而乏味的說教。經典告訴我們為了回家必須記住三要點：諦聽有關至上(shravana)、心中持念觀想至上(manana)以及以不中斷的心靈波流冥想至上(nidi-dhyásana)。		Shrii Shrii Ánandamúrti | 28 May 1967 DMC, Allahabad | 22 Shravańa, Manana and Nididhyásana | Yoga Sádhaná	Shrii Shrii Ánandamúrti | 1967年5月28日於Allahabad大法會 | 20 諦聽、持念觀想以及自我的臣服 | 瑜伽修持科學觀，P.309	362	125
pair_0528_1979_150_250214	0528_1979_150_250214.txt	And when His progeny sing Bábá nám kevalam openly, He sings Bábá nám kevalam secretly. Because the Progenitor is the nearest and dearest one for the progeny, hence the progeny also is the nearest and dearest one for the Supreme Progenitor. Both are bábá to each other and one another.	當祂的孩子公開唱頌著至上之愛無所不在(Bábá Náma Kevalam)時，祂也秘密的唱頌著至上之愛無所不在。因為對孩子而言，至上之父是最親近、最摯愛之人。所以對至上之父而言，孩子也是他所最親近、最摯愛的人。他們都是彼此最親愛的巴巴(bábá)。		Shrii Shrii Ánandamúrti | 28 May 1979 evening, Stockholm | 26 An Expression Is Never Alone | Ánanda Vacanámrtam Part 12	Shrii Shrii Ánandamúrti | 1979年5月28日傍晚於瑞典斯德哥爾摩 | 26 萬物永不寂寞 | 喜悅甘露集 卷6，P.150	292	124
pair_0528_1988_132_240628	0528_1988_132_240628.txt	Utilize each and every moment of your life in doing something good, in thinking something good. When you are not physically doing something good, then mentally do something good. And the best mental work, the best mental engagement, is kiirtaniiyah sadá harih – “Do the kiirtana of Parama Puruśa.”	你應該充分利用生命做一些有意義的事或思考一些好事。當身體沒有在做時，那麼心靈就來做。心靈最好的工作是──唱頌至上之主的聖名(kiirtaniiyah sadá harih)。		Shrii Shrii Ánandamúrti | 28 May 1988 morning, Anandanagar | 22 The Best Mental Engagement | Ánanda Vacanámrtam Part 34	Shrii Shrii Ánandamúrti | 1988年5月28日晨於Anandanagar | 22 心靈最好的工作 | 喜悅甘露集卷11，P.132	299	87
pair_0530_1979_152_240706	0530_1979_152_240706.txt	The particular nature of expression through dance and through kiirtana which brings the inner self outward, that is, gives proper expression to the inner self – that particular nature of dance, together with kiirtana, is called Kaośikii. Kośa means “inner self”, and thatʼs why this dance has immense value in the psychic and spiritual strata of human life.	透過舞蹈和「至上聖名的唱頌」最能適切地將人類的內在真我展現出來──那種特別的舞蹈與「至上聖名唱頌」結合的結果，就稱之為「高士基」舞(Kaośikii)。Kośa意為「內在自我」，因此這種舞蹈對於人類生命在心智與靈性層面皆具有非凡的價值。		Shrii Shrii Ánandamúrti | 30 May 1979 morning, Valencia | 27 The Value of Dance | Ánanda Vacanámrtam Part 12	Shrii Shrii Ánandamúrti | 1979年5月30日晨於Valencia | 27 靈性舞蹈的價值 | 喜悅甘露集卷6，P.152	359	118
pair_0530_1979_162_251124	0530_1979_162_251124.txt	Human life is an ideological flow – man moves towards spirituality, and for an animal there is no spirituality – only eating, drinking, sleeping and dying. Human life is an ideological flow, and there lies the fundamental difference between man and animal. So what should a man do? A man should decide at an early stage of his life what he is to do, what his mission in life is. The sooner it is done, the better it is, because you will get more chance, you will get ample scope to do, to materialize, to translate this goal into the actional flow... Saḿkalpa means “firm determination”. “I must do it. I must be successful in my mission. I must adhere to the principles of my life.” This firm determination is...samyak saḿkalpa.	人類的生命是一種理念的波流，人朝向靈性前進；但動物則沒有此種靈性──牠們的生命只有吃、喝、睡和死亡。人類的生命是理念的波流，這是人和動物間最根本的差異。所以一個人應該做什麼呢？一個人應及早決定他這一輩子要做什麼，他生命的使命是什麼。決定得越早越好，因為你將獲得更多的機會，更游刃有餘去做、去實現、將目標化為行動的波流。…… Sámkalpa意為「堅定的決心」、「我必須做，必須完成我生命的使命，必須堅守生命的原則。」這種堅定的決心就是「正思惟」(Samyak Sámkalpa)。	La vita umana è un flusso ideologico: l’essere umano si orienta verso la spiritualità, mentre per l’animale non vi è alcuna dimensione interiore – soltanto mangiare, bere, dormire e morire. La vita umana è un flusso ideologico, e qui risiede la differenza fondamentale tra l’essere umano e l’animale. Cosa dovrebbe fare, dunque, un essere umano? Fin dalle prime fasi della vita dovrebbe decidere che cosa intende fare, quale possa essere la sua missione esistenziale. Prima lo fa, meglio è, perché così avrà più possibilità, avrà ampio margine per compiere, realizzare, tradurre questo obiettivo nel flusso dell’azione. Saḿkalpa significa “ferma determinazione”: «Devo farlo. Devo avere successo nella mia missione. Devo aderire ai principi della mia vita.» Questa ferma determinazione è samyak saḿkalpa.	Shrii Shrii Ánandamúrti | 30 May 1979 evening, Valencia | 28 Lord Buddhaʼs Cardinal Principles | Ánanda Vacanámrtam Part 12	Shrii Shrii Ánandamúrti | 1979年5月30日傍晚於Valencia | 28 佛陀的八正道 | 喜悅甘露集 卷6，P.162	731	240
pair_0530_1979_165_250217	0530_1979_165_250217.txt	Then the sixth one is samyak karmánta. Suppose you have started a particular work. Now you must not leave that work until that work is properly finished, till there is a happy finishing. Finishing should be done properly. This is called karmánta.	第六項是「正業」(Samyak Karmánta)。假定你開始做某個工作，在那工作適當完成前或有一個恰當的結束前，你都不應該放下工作離開。要有一個適當的結束，此謂之「完美的結束」(Karmánta)。		Shrii Shrii Ánandamúrti | 30 May 1979 evening, Valencia | 28 Lord Buddhaʼs Cardinal Principles | Ánanda Vacanámrtam Part 12	Shrii Shrii Ánandamúrti | 1979年5月30日傍晚於Valencia | 28 佛陀的八正道 | 喜悅甘露集 卷6，P.165~166	248	100
pair_0530_1979_167_250804	0530_1979_167_250804.txt	Now samyak smrti is remembering whatever is congenial to the spirit of never-ending human progress, and other items you may forget. Suppose a man unnecessarily wounded your sentiment. If you remember it you will be suffering from internal pain, mental agony. Try to forget it. It is better to forget it. If you want peace, you should forget it. But suppose you have learned something good. You should retain it. Those items coming within the second scope, that is, the scope of retention, are samyak smrti. And the best thing that you must always try to retain within the scope of your smrti, within the periphery of your smrti, is the name of Parama Puruśa, is the idea of Parama Puruśa. You must not forget it even for a single moment. When you are established in such a faculty, that is, when you never forget the name of Parama Puruśa, it is called dhruvásmrti.	「正念」就是記住與人類永無止境進步精神一致的任何事物，而其他的事物你可以忘記。假定有一個人傷了你的心，如果你一直記得這件事，那麼你的內在將承受無比的痛苦，心裡會有難過的煎熬。試著忘了它吧！你最好能夠將此事遺忘，如果你想要有平靜的心靈，你應該將它忘記。但如果你是學到了某些有益的好東西，那麼你應該努力將它保留住。那些來自精細範疇的事物，亦即記憶中的進步事物，就是「正念」。你必須永遠把最好的事物留在你的記憶裡，那就是至上意識的名字、至上意識的理念，你甚至不可須臾將祂忘記。 當你能夠立足於此種能力，亦即當你永遠都不會將至上意識之名忘懷時，就稱為「永恆的記憶」(dhruvásmrti)。		Shrii Shrii Ánandamúrti | 30 May 1979 evening, Valencia | 28 Lord Buddhaʼs Cardinal Principles | Ánanda Vacanámrtam Part 12	Shrii Shrii Ánandamúrti | 1979年5月30日傍晚於Valencia | 28 佛陀的八正道 | 喜悅甘露集 卷6，P.167	869	292
pair_0531_1959_041_260423	0531_1959_041_260423.txt	The correctness of perception depends upon a good many factors. The objects transmitting tanmátras must be in healthy condition. The gateways of the organs must be healthy, and also the reflecting tanmátras should be defectless. The afferent and efferent nerves and the citta should be sufficiently strong and active, and the last but not least factor is that the ego (ahaḿtattva) should be ready to receive them. Any defect or slackness of any of the above factors results in incorrect perception and hence in incorrect conception.	知覺的正確性有賴於許多因素：傳遞微波元素的對象必須處於正常的情況下、器官的入口必須健康，而反射的微波元素亦須毫無缺陷；輸入、傳出神經以及心靈質亦應強壯及活躍，最後但同樣重要的因素則是我執(ahaḿtattva)要準備好接收它們。只要上述任一因素有缺陷或鬆散都會導致不正確的覺知，因而造成錯誤的概念。	L’esattezza della percezione dipende da molti fattori. Gli oggetti che trasmettono i tanmātra devono essere in condizioni adeguate. Le porte degli organi di senso devono essere sane, e anche i tanmātra riflessi devono essere privi di difetti. I nervi afferenti ed efferenti e il citta devono essere sufficientemente forti e attivi, e, ultimo ma non meno importante, l’ego (ahaḿtattva) deve essere pronto a riceverli. Qualsiasi difetto o debolezza in uno qualsiasi di questi fattori determina una percezione errata e, di conseguenza, una concezione errata.	Shrii Shrii Ánandamúrti | 31 May 1959, Jamalpur | 05 Kośa | Idea and Ideology	Shrii Shrii Ánandamúrti | 1959年5月31日於Jamalpur | 05 心靈層次 | 印心與悟道	535	149
pair_0531_1959_045_260428	0531_1959_045_260428.txt	By a process of correct sádhaná, the sádhaka will feel that there is one causal mind in the universe. There is no causal difference between the microcosm and the Macrocosm. Similarly, by the subtleness of projection, subtle and crude portions of the unit mind can connect themselves with the subtle and crude portions of the Cosmic Mind. The way to achieve this subtleness of projection is the process of yogic sádhaná.	靈修者以正確的靈修方法將可感受到宇宙中存在一個致因心靈，在個體小宇宙及大宇宙心靈之間並無致因的差別。同樣地，藉著精細的投射，個體心靈的精細及粗鈍部分，能夠與大宇宙心靈的精細及粗鈍部分連結；達到這種投射的精細方法就是瑜伽修行(yogic sádhana)。	Attraverso un processo di corretto sadhana, il sādhaka giungerà a percepire che esiste un’unica mente causale nell’universo. Non vi è alcuna differenza causale tra il microcosmo e il Macrocosmo. Analogamente, grazie alla raffinatezza della proiezione mentale, le parti sottili e grossolane della mente individuale possono connettersi con le parti sottili e grossolane della Mente Cosmica. Il modo per raggiungere questa sottigliezza della proiezione è il processo del sadhana yogico.»	Shrii Shrii Ánandamúrti | 31 May 1959, Jamalpur | 05 Kośa | Idea and Ideology	Shrii Shrii Ánandamúrti | 1959年5月31日於Jamalpur | 05 心靈層次 | 印心與悟道，P.45	424	127
pair_0531_1959_076_260505	0531_1959_076_260505.txt	By its very nature, if the mind is to possess objectivity it must also have a witnessing entity. The witnessing entity is the summum bonum of the mind. Philosophy has given different names to the witnessing entity according to the differences in the nature of the objective mind.	心靈的特性為：如果它擁有客體，就一定會有目證體。此目證體是心靈的至高境界。哲學上依照客體心靈的性質，給予此目證體不同的名稱。	Per sua stessa natura, se la mente deve possedere oggettività, deve avere anche un’entità testimone. L’entità testimone è il summum bonum, il principio supremo della mente. La filosofia ha dato nomi diversi all’entità testimone a seconda delle differenze nella natura della mente oggettiva.	Shrii Shrii Ánandamúrti | 31 May 1959, Jamalpur | 05 Kośa | Idea and Ideology	Shrii Shrii Ánandamúrti | 1959年5月31日於Jamalpur | 05 心靈層次 | 印心與悟道，P.76	279	62
pair_0531_1970_030_240419	0531_1970_030_240419.txt	By action, knowledge and devotion the existence is made valuable. This alone is true practicality. The more existence of man merges in Parama Puruśa, the more valuable he becomes.	人藉由其行動、知識和虔誠讓自己的存在變得有價值，此方為真正的修持。一個人的存在越是融入於至上意識，他就變得越有價值。		Ánanda Púrńimá 31 May 1970 DMC, Muzaffarpur | Astitva and Shivatva, Subháśita Saḿgraha Part 20	1970年5月31日喜悅滿月日於Muzaffarpur大法會 | 個體存在與至上之境，虔誠瑜珈的真諦，P.30	180	58
pair_0531_1970_037_240730	0531_1970_037_240730.txt	As long as devotion is not there oneʼs heart is like a desert and when the devotion is attained, an oasis in the desert advents. You have not to be afraid of anything when devotion is with you. Nothing is to be afraid of when Parama Puruśa is with you.	人若無虔誠，其心將如沙漠般荒蕪，而有了虔誠，沙漠即會出現綠洲。有虔誠為伴，你當無所恐懼。當至上意識與你同在時，你何懼之有？		Shrii Shrii Ánandamúrti | Ánanda Púrńimá 31 May 1970 DMC, Muzaffarpur | 02 Astitva and Shivatva | Subháśita Saḿgraha Part 20	Shrii Shrii Ánandamúrti | 1970年5月31日喜悅滿月日於Muzaffarpur大法會 | 03 個體存在與至上之境 | 虔誠瑜伽的真諦，P.37	253	61
pair_0531_1970_037_241231	0531_1970_037_241231.txt	Nothing is to be afraid of when Parama Puruśa is with you. When devotion is there, Parama Puruśa is there. And when He is there fear none. In no case you have to be disturbed. You must remember that devotion is a unique creation of Parama Puruśa. And for getting this, learning, intellect, money etc. are not all needed. Ask and you get the cheapest but the most invaluable.	當至上意識與你同在時，你何懼之有？虔誠存在之處，至上意識就在那裡。當祂在那裡，你就沒有什麼好怕的！在任何情況下，你皆不應為此而煩惱。你要記住，虔誠是至上意識一個殊勝的創造。要得到虔誠，學識、智力和錢財等全部都不需要。只要你要求，你即可得到這個最便宜，又最無價的珍寶。		Shrii Shrii Ánandamúrti | Ánanda Púrńimá 31 May 1970 DMC, Muzaffarpur | 02 Astitva and Shivatva | Supreme Expression Volume 1	Shrii Shrii Ánandamúrti | 1970年5月31日喜悅滿月日於Muzaffarpur大法會 | 03 個體存在與至上之境 | 虔誠瑜伽的真諦，P.37~38	377	133
pair_0531_1970_168_241218	0531_1970_168_241218.txt	Bhakti is love personified. The effort to make everybody oneʼs own culminates in love for the Lord, i.e., devotion is love-for-God personified.	虔誠是愛的化身。 努力讓自身在對至上的愛中達到生命的極致，亦即對至上之愛的化身就是虔誠。		Shrii Shrii Ánandamúrti | Ánanda Púrńimá 31 May 1970 DMC, Muzaffarpur | 34 Astitva and Shivatva | Supreme Expression Volume 1	Shrii Shrii Ánandamúrti | 1970年5月31日喜悅滿月日於Muzaffarpur大法會 | 24 個體存在與至上之境 | 靈性修持與三摩地，P.168	143	44
pair_0531_1987_122_260102	0531_1987_122_260102.txt	Because of His grace, they will get energy or strength from Him, and with that strength they will move forward. Without His grace, no one can move even a single step forward. And for this people should always remember that by their own efforts they do not make any progress, rather it is due to the wish of Parama Puruśa that they make any progress at all. It is the duty of Parama Puruśa to help them to move forward. This 100% reliance on Parama Puruśa is called “Prapatti” in the scriptures. Sadhakas should always maintain the spirit of “Prapatti” and they will never develop any sort of pride in their minds. “Whatever takes place in the universe and whatever qualities I possess is all due to His grace. He is the Lord of everything; He is the machine-man, and I am simply a machine.”	因為有祂的恩典，他才能從祂那裡得到力量，有了那個力量，他方才能夠前進。沒有祂的恩典，任何人一步也無法前進。為此，人們必須永遠記住，他們無法靠自己的努力而前進，任何進步都是憑藉著至上意識的意願。幫助人們前進是至上意識的責任，這種對至上意識百分之百的信賴，在經典上稱為「完全的臣服」(Prapatti)。修行者永遠都要有這種「完全臣服」的精神，心中不能有一絲一毫的傲慢。「宇宙間所發生的一切，我所擁有的特質，都是祂的恩典。祂是萬事萬物之主，祂是機器的操作者，而我不過只是機器。」	Per Sua grazia, gli esseri umani ricevono energia e forza da Lui, e con quella forza procedono nel cammino. Senza la Sua grazia nessun essere umano può avanzare anche di un solo passo. Per questo si dovrebbe sempre ricordare che non è grazie ai propri sforzi che avviene il progresso; se vi è progresso, esso avviene solo per la volontà di Parama Puruśa. Aiutare gli esseri a procedere è un dovere di Parama Puruśa. Questa totale fiducia in Parama Puruśa è chiamata “Prapatti” nelle scritture. I sādhaka dovrebbero mantenere sempre lo spirito della Prapatti, e così non sorgerà in loro alcuna forma di orgoglio. «Qualunque cosa accada nell’universo e qualunque qualità io possieda è dovuta unicamente alla Sua grazia. Egli è il Signore di tutto; Egli è Colui che muove ogni cosa, e io sono soltanto uno strumento.»	Shrii Shrii Ánandamúrti | Ánanda Púrńimá 31 May 1987 DMC, Anandanagar | 02 The Path unto the Abode of Beatitude | Subháśita Saḿgraha Part 18	Shrii Shrii Ánandamúrti | 1987年5月31日喜悅滿月日於喜悅之城大法會 | 12 通往至上福祉之道 | 靈性科學集成 卷13，P.122~123	793	237
pair_0600_1966_062_241206	0600_1966_062_241206.txt	What is bhajana? You know, in the process of ideation there are several varieties. One of those varieties is bhajana. When the sádhaka employs all his or her sensory and motor organs in serving his or her object of ideation, that is called bhajana. Devotees sing the name of their Lord, and their ears hear that kiirtana, that bhajana; that is, all their indriyas, all their sensory and motor organs, are engaged in serving the Lord. That particular type of ideation is called bhajana.	何謂「虔誠之歌」(bhajana)?你們知道，在理念作用的過程中，有許多不同的類型，其中一種就是「虔誠之歌」。靈性的修持者運用其所有的感覺和運動器官為其理念作用的目標而服務，就稱為「虔誠之歌」。虔誠者唱頌著上主的聖名，他們的耳朵聆聽著上主聖名之唱頌以及虔誠的歌曲，也就是說他們所有的器官（包括所有的感覺和運動器官）都致力於對上主的服務。這種特別的理念作用型態，即稱之為「虔誠之歌」。		Shrii Shrii Ánandamúrti | June 1966, Madras | 02 Devotion: The Only Way to Salvation | Ánanda Vacanámrtam Part 23	Shrii Shrii Ánandamúrti | 1966年6月於Madras | 09 虔誠是究竟解脫的唯一途徑 | 喜悅甘露集 卷7，P.62	486	191
pair_0600_1967_006_240402	0600_1967_006_240402.txt	June 1967, Delhi Dagdhabiija, Ánanda Vacanámrtam Part 30	靈性修行者來到他對至上意識的虔誠心被完全喚醒的階段，即使受到生命風暴悲慘地攻擊，他也絲毫不受影響，就算心靈痛苦至極，他也不在乎，而把這種痛苦當成來自於至上意識的祝福。他從痛苦中得到喜悅。修行者達到這個階段稱為「業力種子燒盡」的階段。			1967年6月於德里 | 業力種子燒盡，喜悅甘露集卷8，P.6	58	116
pair_0601_1986_112_250924	0601_1986_112_250924.txt	Now, if one offers that object, under such circumstances the unit mind coincides with the Cosmic Mind, and under such circumstances that object of yours, that is, the Cosmic Mind which has become your object, is [[offered]] at the altar of Parama Puruśa, [[at the altar of the]] Cosmic Consciousness, the[[n that is your non-qualified stance, rather]] super-qualified stance, nirvikalpa samádhi. Now this instinct, as I have said, is a human quality – a quality not only of human beings but of all living beings having an iota of mind, having a bit of the mental faculty. So you all should develop the faculty from unit to infinite and become one with Parama Puruśa.	在個體心靈與大宇宙心靈一致的情況下，亦即大宇宙心靈已成為你的目標，此時倘若你將此目標奉獻在至上意識的聖壇上、在宇宙意識的聖壇上，那麼這就是無屬性的境界，更正確的說是超屬性境界──無餘依三摩地(Nirvikalpa Samadhi)。正如我說過本能是一種人的特質；不只是人，只要有些微心智，有一點心理能力的生靈都有的特質。所以你們大家都該發展這種由個體到無限的能力，並與至上意識合而為一。		Shrii Shrii Ánandamúrti | 1 June 1986 DMC, Calcutta | 14 Instinct and Devotion | Yoga Psychology	Shrii Shrii Ánandamúrti | 1986年6月1日於加爾各答大法會 | 14 本能與虔誠 | 生命科學觀：瑜伽心理學，P.112~113	669	193
pair_0601_1986_154_250311	0601_1986_154_250311.txt	Now, if one offers that object, under such circumstances the unit mind coincides with the Cosmic Mind, and under such circumstances that object of yours, that is, the Cosmic Mind which has become your object, is offered at the altar of Parama Puruśa, at the altar of the Cosmic Consciousness, then that is your non-qualified stance, rather super-qualified stance, nirvikalpa samádhi. Now this instinct, as I have said, is a human quality – a quality not only of human beings but of all living beings having an iota of mind, having a bit of the mental faculty. So you all should develop the faculty from unit to infinite and become one with Parama Puruśa.	在個體心靈與大宇宙心靈一致的情況下，亦即大宇宙心靈已成為你的目標，此時倘若你將此目標奉獻在至上意識的聖壇上、在宇宙意識的聖壇上，那麼這就是無屬性的境界，更正確的說是超屬性境界──無餘依三摩地(nirvikalpa samádhi)。正如我說過本能是一種人的特質；不只是人，只要有些微心智，有一點心理能力的生靈都有的特質。所以你們大家都該發展這種由個體到無限的能力，並與至上意識合而為一。		Shrii Shrii Ánandamúrti | 1 June 1986 DMC, Calcutta | 24 Instinct and Devotion | Yoga Psychology	Shrii Shrii Ánandamúrti | 1986年6月1日於加爾各答大法會 | 13 本能與虔誠 | 虔誠瑜伽的真諦，P.154	657	193
pair_0602_1956_021_240116	0602_1956_021_240116.txt	One who is not installed in vijiṋána or true knowledge – one who has not received the real esoteric practice of sádhaná– one whose mind is not connected with buddhi – one whose mind constantly wallows in the dirty quagmire of meanness and sin, cannot attain Brahma.	人若不安住於真知(vijiṋána)上，或未接受真正靈修秘傳的鍛鍊，或心靈與良知未連結起來，或心靈經常在卑劣與罪惡之骯臟的泥沼中打滾，那麼他無法獲得至上意識。		Jyaeśt́ha Púrńimá 1956 DMC, Bhagalpur | The Chariot and the Charioteer | Subháśita Saḿgraha Part 4	1956年6月2日於邦佳浦大法會 | 心靈、良知、感官及其與人類的關係 | 靈性科學集成 卷4，P.21	269	79
pair_0602_1956_033_240130	0602_1956_033_240130.txt	Remember, everyone is entitled to sádhaná. For this, nothing neither pedigree, education, knowledge nor any asset, is necessary except only two things – implicit faith and sincerity. Arouse these two things through your will-power and victory is yours, it must come.	記住，每人都可從事靈性修持。從事靈性修持除了絕對的信心和誠心外，不需要家世、教育、知識、或任何家產。經由你的意志力喚醒這兩樣東西，勝利是你的，勝利必將到來！		Jyaeśt́ha Púrńimá 1956 DMC, Bhagalpur | The Chariot and the Charioteer, Subháśita Saḿgraha Part 4	1956年6月2日滿月日於巴加爾布爾大法會 | 心靈、良知、感官及其與人類的關係，靈性科學集成卷4，P.33	268	78
pair_0602_1979_184_240805	0602_1979_184_240805.txt	And just to concentrate your mind during your occult practice, you must dance and sing kiirtana, because kiirtana is the best purifying agent. It purifies the mind, and its meaning is also very good. Its meaning is, “O Father, I am to take your name and your name only.” Bábá means “the nearest and dearest one”.	在從事靈性鍛鍊時，只要將心靈集中。你一定要配合靈性舞蹈唱頌至上的聖名(Kiirtana)，因為它是最好的淨化工具。它能淨化你的心靈，其意義也極為殊勝，即「哦，至上的父親啊！我接受您的名字，只接受你的名字。」Bábá意為「最親近和最親愛的」。		Shrii Shrii Ánandamúrti | 2 June 1979 evening, Lyon | 30 Everything Comes from Something | Ánanda Vacanámrtam Part 12	Shrii Shrii Ánandamúrti | 1979年6月2日於Lyon | 30 萬物皆有其來源 | 喜悅甘露集卷6，P.184	314	120
pair_0602_1980_095_250917	0602_1980_095_250917.txt	It is enough if we only think that the Subject is watching each action we are doing. By ideating that the Supreme Subjectivity is watching everything, we are thinking of Him as well, and this idea itself becomes objectivated. The Supreme Subject does not become objectivated, but the thought of the Supreme Subjectivity does. Ultimately, the best way to meditate on Parama Puruśa, or remember Him, is to bear in mind that, in actions big or small, significant or insignificant, in wakeful state or in sleep, in dream or in reality, the Supreme Subjectivity is maintaining a constant and close watch on me. Thereby the subjectivity as such does not come within your objectivated mind, but the ideation of the Supreme Subjectivity becomes objectivated. When this ideation becomes clear, stable and permanent, then one fine morning you will see that you have become one with the Supreme Subjectivity. And this is the final stage of the faculty of knowledge.	只要我們隨時想起主體正注視著我們的每一個行動就夠了。藉由觀想至上主體正注視每件事，我們也同時想著祂，而此觀念本身已被客體化。至上主體不會變為客體化，而是對至上主體的心念本身變成客體。最後，觀想或記住至上意識的最佳方法就是心裡隨時記住「不論在大或小，在重要或無足輕重的行動中，在清醒或在睡眠中，在夢中或在現實裡，至上主體都一直且親近的注視著我。」如此主體本身不會來到你客體化的心中，但對至上主體的持念或觀想將變成客體化。當此理念作用變得清晰、穩定、永恆時，那麼在一個美好的早晨，你將發現自己已和至上主體合而為一，而這就是知識能力的最後階段。		Shrii Shrii Ánandamúrti | 2 June 1980, Kolkata | 12 The Faculty of Knowledge – 5 | Yoga Psychology	Shrii Shrii Ánandamúrti | 1980年6月2日於加爾各答 | 12 知識的能力(五) | 生命科學觀: 瑜伽心理學，P.95~96	955	269
pair_0603_1979_191_240403	0603_1979_191_240403.txt	When one wants to get peace, what is one to do? One is to convert oneʼs small objectivity into infinite objectivity; and that is the only way to get peace. There is no alternative. Just simply preaching the gospels of peace will not give you any peace. You are to convert yourself from small into big. There is no alternative.	當一個人想要獲得平靜，他應該怎麼做呢？他應該將小我轉化成為無限的大我；這是唯一的方法，你別無選擇。光只在嘴巴上宣揚和平的福音，是無法獲得和平的。你必須轉化自己，將小我變成大我，你別無選擇。		3 June 1979 morning, Lyon | Making the Man Universal, Ánanda Vacanámrtam Part 12	1979年6月3日晨於法國里昂 | 更具宇宙觀的人類，喜悅甘露集卷6，P.191	326	94
pair_0603_1979_194_250609	0603_1979_194_250609.txt	It is possible for human beings to feel Parama Puruśa with their intuition and not with their intellect. Parama Puruśa is something that can be touched by your intuition and not by your intellect. In Vedic language, intuition is called bodhi and intellect is called buddhi. The Supreme is beyond the range of your buddhi. It is within the range of your bodhi.	人類唯有透過靈性直覺才能感受到至上意識，若想以人類的智力來接觸到祂是不可能的。你只能以靈性直覺而非智力來碰觸到祂的存在。在吠陀的語言中，靈性直覺稱為Bodhi，而智力為Buddhi。至上之境超越智力的範疇，它是在你靈性直覺的範疇裡。		Shrii Shrii Ánandamúrti | 3 June 1979 evening, Lyon | 32 The Real Value of the Human Entity | Ánanda Vacanámrtam Part 12	Shrii Shrii Ánandamúrti | 1979年6月3日傍晚於法國里昂 | 32 人類的真正價值 | 喜悅甘露集 卷6，P.194~195	361	116
pair_0603_1979_195_240304	0603_1979_195_240304.txt	The movement towards the Supreme is the movement of synthesis, and all other movements, all other approaches, are movements of analysis, converting one into many. But this movement towards the Supreme, Supreme spirituality, is converting many into one. From heterogeneity to homogeneity.	朝向至上的前進是一條合一的道路，其他所有的追尋、所有行動都是分歧的，都是從一變多的道路。但是這一條朝向至上靈性的道路是從多變一的合一之道，它帶領吾人從相異走向相同。		3 June 1979 evening, Lyon | The Real Value of the Human Entity, Ánanda Vacanámrtam Part 12	1979年6月3日傍晚於法國里昂 | 人類的真正價值，喜悅甘露集卷6，P.195	287	82
pair_0603_1979_195_240701	0603_1979_195_240701.txt	This movement towards the Supreme is the movement of synthesis, and all other movements, all other approaches, are movements of analysis, converting one into many. But this movement towards the Supreme, Supreme spirituality, is converting many into one. From heterogeneity to homogeneity.	朝向至上的前進是一條合一的道路，其他所有的追尋、所有的行動都是分歧的，都是從一變多的道路。但是這一條朝向至上靈性的道路是從多變一的合一之道，它帶領吾人從相異走向相同。		Shrii Shrii Ánandamúrti | 3 June 1979 evening, Lyon | 32 The Real Value of the Human Entity | Ánanda Vacanámrtam Part 12	Shrii Shrii Ánandamúrti | 1979年6月3日傍晚於Lyon | 32 人類的真正價值 | 喜悅甘露集卷6，P.195	288	83
pair_0603_1979_198_240131	0603_1979_198_240131.txt	No person should suffer from any sort of complex, any sort of defeatism. Parama Puruśa is with you. If, knowingly or unknowingly, you have committed any mistake or any sin, then your repentance and your singing kiirtana, wholeheartedly, will free you from all sins. So, your future is always bright, never dark, never dark.	任何人都不應為任何情結、為任何挫折感而苦。至上意識與你同在。如果你在有意、無意中犯了罪、做錯了事，那麼你由全心全意懺悔並唱頌至上的聖名(kiirtana)，將使你掙脫所有的罪惡。所以你的未來永遠是光明的，不會是黑暗的，永遠不會是黑暗的。		3 June 1979 evening, Lyon | The Real Value of the Human Entity, Ánanda Vacanámrtam Part 12	1979年6月3日傍晚於法國里昂 | 人類的真正價值，喜悅甘露集卷6，P.198	324	118
pair_0603_1987_278_250820	0603_1987_278_250820.txt	A time comes in the life of a human being when one frantically searches for peace and longs for the realization of Iishvara tattva [the principle of Iishvara] or His closeness, by spiritually elevating oneʼs own sense of being an individual entity. The nature of this realization of closeness varies from person to person according to the differences in people and their saḿskáras. In some cases, again, after some progress, an ardent desire grows for further progress. However, at the root of every desire or longing (eśańá), there lies the story of a journey. To undertake a journey one needs a guide, one who will give the right direction and simultaneously illuminate the way (with a torch, before oneʼs eyes). So, when the desire grows for attaining peace, when there is an intense longing for supreme peace (paramá prashánti), one is brought before the Guru by the force of Shuddhámáyá or Pará Prakrti or Viśńumáyá [all meaning the absolute illusory force of Prakrti, or primordial Prakrti]. This awakening of desire, this special kind of longing is called samvit [revelation]. This sudden awakening brings one to the shelter of the Guru and puts one in touch with the Guru.	當一個人於靈性上提升個體的生命，他狂熱地追求心靈的平靜，並且極度渴望了悟至上的真諦(Iishvara tattva)或者非常想要與至上親近。每個人根據其因果業力，與至上親近之了悟的性質也有所不同。有的時候，一個人在有了一些進步後，會升起想要再進步的強烈渴望。 然而，在每一種渴望(eśańa)的背後都有一段旅程的故事。每一個人在踏上一段旅程之時，都需要有人指引，需要一個能夠引導他朝向正確方向前進，並且為他照亮路途的人。所以，當心靈產生想要獲得平靜，當一個人極度渴望得到永恆的平靜(paramá prashánti)時，宇宙的力量(shuddhá máyá/pará prakrti/viśńu máyá)將會把他帶至古魯面前。這種渴望就是一種「覺醒」(sambita)。這種突然的覺醒將一個人帶至古魯的聖壇前……並讓人與古魯聯繫上。		Shrii Shrii Ánandamúrti | 3 June 1987, Kolkata | 20 Sadguru and Yoga Sádhaná | Yoga Sádhaná	Shrii Shrii Ánandamúrti | 1987年6月3日於加爾各答 | 18 完美古魯和瑜伽修持 | 瑜伽修持科學觀，P.278~279	1195	367
pair_0603_1987_288_250813	0603_1987_288_250813.txt	Suppose the Sadguru is saying something, and a deaf or dumb man wants to hear it, but cannot. If he concentrates the mind on barábhaya mudrá, there will be the direct effect of positive microvita on the auricular or other nerve cells and also on the controlling cells, and it may be that all of a sudden he may get back the power of hearing. One should look towards these two mudrás and not to anything else. Microvita are radiated through these two mudrás. This is the inner secret.	假定完美古魯正在開示，一個既聾又啞的人想要聆聽他的開示卻聽不見時，如果他們能夠集中心靈觀想古魯的「大無畏手印」(varábhaya mudrá)，則正性微生命將能對聽覺或其他神經細胞以及控制的細胞產生直接的作用，他可能在突然間恢復了聽力。所以，吾人應專注於這兩個手印，不該左顧右盼。正性微生命正透過這兩個手印發射出來。此為內在的奧秘。		Shrii Shrii Ánandamúrti | 3 June 1987, Kolkata | 20 Sadguru and Yoga Sádhaná | Yoga Sádhaná	Shrii Shrii Ánandamúrti | 1987年6月3日於加爾各答 | 18 完美古魯和瑜伽修持 | 瑜伽修持科學觀，P.288	487	167
pair_0603_1990_195_260527	0603_1990_195_260527.txt	The psychic potentialities of human beings are immense, but people do not utilize them because most of their valuable time is wasted in undesirable thoughts, in psychic extravaganza... This psychic extravaganza should be checked either by physical approach, or psychic approach, or by spirituo-psychic approach. People should have some control over their breathing, over their respiratory system, because the waves of respiration control the waves of thinking. Whenever you are doing something crude, your respiration becomes very active; and when you are thinking of something subtle, it becomes slow, extremely slow. And finally, when this respiration coincides, or becomes one, with oneʼs thought-waves, that stage is known as hat́ha yoga samádhi. That is, the physical exertions, the physical emanations, become one with the psychic emanations. So some degree of control over respiration is essential.	人類心智的潛能是巨大的，但是人們卻沒有使用它們，因為他們將寶貴的時間都花在無益的思想或妄想上。…… 這種妄想應透過身體、心理或靈性導向心理的方法加以控制。人們應控制他們的呼吸和他們的呼吸系統，因為呼吸的波動控制了思想的波動。只要你在做粗鈍的事情，你的呼吸變得很活躍；當你在思想某些精細的事物，呼吸就變得很緩慢、極為緩慢。最後，當呼吸和思想波流合一時，此一階段稱為「哈達瑜伽三摩地」(hat́ha yoga samádhi)。亦即身體上的努力、身體上的放射和心智上的放射合而為一。所以對於呼吸有一定程度的控制是必要的。	Le potenzialità psichiche degli esseri umani sono immense, ma le persone non le utilizzano perché gran parte del loro tempo prezioso viene sprecato in pensieri indesiderabili, in una dissipazione psichica… Questa dissipazione psichica dovrebbe essere controllata attraverso un approccio fisico, oppure psichico, oppure psico-spirituale. Le persone dovrebbero avere un certo controllo sul proprio respiro, sul proprio sistema respiratorio, perché le onde della respirazione controllano le onde del pensiero. Ogni volta che si compie qualcosa di grossolano, la respirazione diventa molto attiva; e quando si pensa a qualcosa di sottile, essa rallenta, diventa estremamente lenta. E infine, quando questa respirazione coincide, o diventa una cosa sola, con le onde del pensiero, quello stato è conosciuto come haṭha yoga samādhi. Vale a dire: gli sforzi fisici, le emanazioni fisiche, diventano una cosa sola con le emanazioni psichiche. Perciò un certo grado di controllo della respirazione è essenziale.	Shrii Shrii Ánandamúrti | 3 June 1990 DMC, Anandanagar | 23 The Cult of Spirituality – the Cult of Pinnacled Order | Yoga Psychology	Shrii Shrii Ánandamúrti | 1990年6月3日於喜悅之城大法會 | 30 身心內外的控制 | 靈性修持與三摩地，P.195~196	906	258
pair_0603_1990_230_250903	0603_1990_230_250903.txt	I have already said that the scope of rationality and rationalization should be increased more and more, and for this, unnecessary waves should be removed from the plane of physicality. From the psychic sphere also, unnecessary waves are to be removed. This will remove many burdens from the mind. “I must not bother about petty things, because that will waste my time” – people should remember this. This removal or rather withdrawal of unnecessary and undesirable thoughts emanated from the mind will help you in rationalizing the major portion of your mental faculty, so this must also be practised. The cult of spirituality is a cult of pinnacled order.	我曾經說過，理性和理性化的範圍應該愈來愈增加，為此我們應該將不必要的波動從物質層面去除。在心理層面也一樣，必須將不必要的波動去除，如此則許多負擔將從心中去除。「我一定不要為那些小事煩惱，因為這樣很浪費我的時間。」—人們應將此謹記在心。去除或是收攝心中所放射出來的不必要以及不好的思想，將會幫助你，使你心理能力的主要部分理性化，所以這也是要鍛鍊的。靈性的修持是達到極致的修持法門。		Shrii Shrii Ánandamúrti | 3 June 1990 DMC, Anandanagar | 23 The Cult of Spirituality – the Cult of Pinnacled Order | Yoga Psychology	Shrii Shrii Ánandamúrti | 1990年6月3日於喜悅之城大法會 | 23 靈性的修持是達到極致的修持法門 | 生命科學觀：瑜伽心理學，P.230~231	657	189
pair_0603_1990_236_251111	0603_1990_236_251111.txt	People get propensive propulsion from devotion or emotion. When the mind moves along a particular track or follows a particular discipline in a methodical way, this is called “devotion” or bhakti; but when it does not follow a particular method, when it moves haphazardly, swept away by whim, it is called “emotion”. This is the fundamental difference between devotion and emotion. You must know this clear-cut silver line of demarcation between devotion and emotion. Those who adhere to this cult of pinnacled order know that there must be a happy blending amongst intellectual-cum-intuitional faculty, actional faculty and devotional-cum-emotional faculty. None of these is unimportant, all are of equal importance, but the finality comes in devotion. That is, the final outcome or resultant of intellectual-cum-intuitional faculty and actional faculty is devotion, not emotion, and that is why the great sages of the past said, Bhaktir Bhagavato sevá bhaktih prema svarúpinii; Bhaktiránanda rupá ca bhakti bhaktasya jiivanam. [Bhakti (devotion) is service to God; bhakti is the form taken by divine love; bhakti is the embodiment of bliss; bhakti is the life of the devotee.]	人們從虔誠或情感中獲得心靈情緒傾向的驅策力。當心靈遵循一個特殊的道路或訓練而以有條理的方式行動時，稱為「虔誠」(bhakti);但若是他沒有遵循上述特殊方法，隨意而起，隨興而止，則稱為「情緒」(emotion)。這就是虔誠和情緒之間基本的不同。你們必須知道這兩者之間有著清楚的區別。 堅持達到極致修持法門之人，了解在智力兼直覺、行動以及虔誠兼情緒的能力之間，必須要有一個適當的調和。這三者之中沒有一個是不重要的，它們都同樣重要，但最終還需回到虔誠上，亦即智力兼直覺與行動能力的最終結果就是虔誠，不是情緒。是故往昔偉大的聖賢說道：Bhaktir Bhagavato sevá bhaktih prema svarúpinii; Bhaktiránanda rupá ca bhakti bhaktasya jiivanam. 「虔誠是對上主的服務；虔誠是神聖的愛；虔誠是喜悅的化身；虔誠是虔誠者的生命。」		Shrii Shrii Ánandamúrti | 3 June 1990 DMC, Anandanagar | 23 The Cult of Spirituality – the Cult of Pinnacled Order | Yoga Psychology	Shrii Shrii Ánandamúrti | 1990年6月3日於喜悅之城大法會 | 23 靈性的修持是達到極致的修持法門 | 生命科學觀：瑜伽心理學，P.236~237	1182	401
pair_0603_1990_238_250527	0603_1990_238_250527.txt	Where the thought-waves or thought-movements are goaded by a single idea, and where the culminating point is also a singular entity – that is, where the attraction for other entities, for the crude world or the psychic world are all goaded unto the Supreme Self, towards Viśńu – this is the supreme status of devotion. Viśńu comes from the root-verb vish which means “to permeate”. The Entity which permeates everything, which is present in each and every expressed entity, in each and every emanation of this universe, is Viśńu.	當思想波動或思想活動為唯一的理念目標所驅策，且其極致的終點也是此唯一的本體時，也就是說，對其他實體、對粗鈍世界或心理世界的吸引力，若完全導向至上大我、導向無所不在的本體(Viśńu)──這便是虔誠最高的境界。Viśńu來自動詞的字根vish，其意為「充滿、瀰漫」。一個遍在萬有之中，存在於宇宙中一切實體及每一個展現的本體，就是「唯識努」(Viśńu)。		Shrii Shrii Ánandamúrti | 3 June 1990 DMC, Anandanagar | 23 The Cult of Spirituality – the Cult of Pinnacled Order | Yoga Psychology	Shrii Shrii Ánandamúrti | 1990年6月3日於喜悅之城大法會 | 23 靈性的修持是達到極致的修持法門 | 生命科學觀：瑜伽心理學，P.238~239	535	176
pair_0604_1959_085_240617	0604_1959_085_240617.txt	Brahmacarya does not mean celibacy but means the assimilation of the psychic wave of the unit mind into the eternal waves of the Macrocosm.	「心不離道」(Brahmacarya)並非指獨身生活，而是指個體心靈的心理波流融入大宇宙心靈的永恆波流。		Shrii Shrii Ánandamúrti | 4 June 1959 | Psycho-Spiritual Parallelism | Idea and Ideology	Shrii Shrii Ánandamúrti | 1959年6月4日 | 心靈與靈性的平行關係 | 印心與悟道，P.85	139	52
pair_0604_1989_176_250506	0604_1989_176_250506.txt	If people think that they will make steady progress in the spiritual sphere even if the society goes to the dogs, they are mistaken. You who are genuine spiritualists should practise spiritual cult thinking that by doing so you will become effective in maintaining the universal balance. You must think, “I will personally move towards the Supreme Desideratum, and at the same time I will try to assist those who are suffering from despair, those steeped in blind superstition and those wallowing in poverty.” Our family is universal, our abode is also universal.	若有人認為：即使這個社會沈淪了，而他們仍可以在靈性層面上有穩定的成長，那他們就錯了。真正的靈修者應該想著：如是之修持，將會促進維持宇宙平衡。你們必須做如是想：「當我自己往至高無上的目標前進的同時，我將儘量幫助那些在絕望中受苦的人、那些沈浸在盲目迷信中的人，以及在貧困中翻滾的人。」因為，宇宙是我們的家庭，也是我們的住所。		Shrii Shrii Ánandamúrti | 4 June 1989 DMC, Anandanagar | 20 Cult, Inference and Propensity | Microvitum in a Nutshell	Shrii Shrii Ánandamúrti | 1989年6月4日於喜悅之城大法會 | 19 法門、介波與心緒傾向 | 微生元概要，P.176	563	160
pair_0605_1955_063_260203	0605_1955_063_260203.txt	The Means of Purifying the Five Kośas The paiṋcakośa shall have to be perfected, but how is it possible? They can be consummated only through the practice of Yama and Niyama. The annamaya kośa is perfected through asanas (physical postures). Yama and Niyama sádhaná perfects the kámamaya kośa. The manomaya kośa is perfected through pránáyáma. Through pratyáhára the atimánasa kośa is perfected. The vijiṋánmaya kośa is perfected through dhárańá, and the hirańmaya kośa through dhyána. Only dhyána samádhi gives access to the soul. Spiritual persons are those who are earnest in their efforts to perfect the paiṋcakośa. Human existence consists of the five kośas, and spiritual practice is eightfold. This spiritual practice is dharma. That which does not provide for the explanation of the paiṋcakośa is not dharma, but sectism. Aśt́áuṋga yoga was introduced for this particular kośa sádhaná.	淨化五個心靈層次的方法我們必須使心靈的五個層次完美，但是如何能做到呢？唯有藉由外在行為控制(Yama)和內在行為控制(Niyama)的修持，它們才能變得完美。身體層面的完美則是要透過瑜伽體位法；內外在行為控制的修持使粗鈍心靈層次完美；精細心靈層次是透過呼吸控制法的鍛鍊使其完美；經由感官回收的鍛鍊使超心靈層次得以完美；下意識心靈層次是透過集中的鍛鍊才得以完美；致因心靈則是透過禪定的鍛鍊使其完美。唯有禪定的三摩地才能使人進入靈魂裡。那些努力使五個心靈層次完美之人才是虔誠者。人的存在是由心靈的五個層次所構成，而靈性的修持則有八個層面。這個靈性的修持就是法性。那些對心靈的五個層次沒有詳盡解釋的鍛鍊，它不是法性而是宗派主義。八部功法瑜伽是用來作為此個別心靈層次修持之用的。	I mezzi per la purificazione dei cinque kośa I pañcakośa devono essere resi perfetti; ma come è possibile farlo? Essi possono essere portati a compimento solo attraverso la pratica di Yama e Niyama. L’annamaya kośa viene perfezionato mediante le āsana (le posture fisiche). Il sadhana di Yama e Niyama perfeziona il kāmamaya kośa. Il manomaya kośa viene perfezionato tramite il prāṇāyāma. Attraverso il pratyāhāra viene perfezionato l’atimanasa kośa. Il vijñānamaya kośa viene perfezionato mediante dhāraṇā, e l’hiraṇmaya kośa attraverso dhyāna. Solo il dhyāna-samādhi consente l’accesso all’Ātman. Sono spirituali quelle persone che si impegnano sinceramente nello sforzo di perfezionare i pañcakośa. L’esistenza umana è costituita dai cinque kośa, e la pratica spirituale è ottuplice. Questa pratica spirituale è dharma. Ciò che non prevede la spiegazione e il perfezionamento dei pañcakośa non è dharma, ma sectarismo. L’Aṣṭāṅga Yoga è stato introdotto proprio per questo sadhana dei kośa.	Shrii Shrii Ánandamúrti | Jyaeśt́ha Púrńimá 1955 DMC | 05 Purification of the Kośas, and Yoga Sádhaná | Yoga Sádhaná	Shrii Shrii Ánandamúrti | 1955年6月5日Jyaeśt́ha滿月日大法會 | 04 心靈層次的淨化和瑜伽的修持 | 瑜伽修持科學觀，P.63	931	335
pair_0605_1955_065_250206	0605_1955_065_250206.txt	You human beings are fortunate that you do not have to live as stones or trees. The entire universe has the grace of Brahma, but human beings enjoy greater grace. They are endowed with the privilege of practising sádhaná. It is the special grace of Brahma to appear as Sadguru and teach spiritual practice to human beings. Is it not His special grace when Brahma attracts a person?	生而為人，你很幸運不必過著像石頭或是樹木般的生活。至上意識的恩典遍滿宇宙，但是人享受到更大的恩典，他們被賦予從事靈性修持的殊榮。至上意識顯現為完美的上師(Sadguru)教導人從事靈性的修持，這是祂特別的恩典。一個人受到至上意識的吸引，難道這不是祂特別的恩典嗎？		Shrii Shrii Ánandamúrti | Jyaeśt́ha Púrńimá 1955 DMC | 05 Purification of the Kośas, and Yoga Sádhaná | Yoga Sádhaná	Shrii Shrii Ánandamúrti | 1955年6月5日Jyaeśt́ha滿月日大法會 | 04 心靈層次的淨化和瑜伽的修持 | 瑜伽修持科學觀，P.65	383	131
pair_0605_1956_022_231217	0605_1956_022_231217.txt	Even if your past life was depraved, from now on, from this very moment completely purge your mind of that memory. Let your life begin anew. Take to sádhaná from this very moment. Do not put it off until tomorrow, for tomorrowʼs sun may not rise on the horizon of your life.	即使你過去的生活是墮落的，從此刻起，徹底清除心靈的那段記憶，讓你的生命重生。從此刻起，開始你的靈性修持，別拖延到明天，因為明日的太陽可能無法在你生命的地平線上升起。		Jyaeśt́ha Púrńimá 1956 DMC, Bhagalpur | The Chariot and the Charioteer  | Subháśita Saḿgraha Part 4	1956年6月5日Jyaeśt́ha滿月日於Bhagalpur大法會 | 2022元旦喜悅訊息 | 靈性科學集成卷四，P.22	276	82
pair_0605_1959_099_240603	0605_1959_099_240603.txt	In the present environment many fissiparous tendencies are working to divide humanity into mutually-belligerent groups. Spirituality must inculcate sense in human psychology, and develop a natural affinity amongst this species of the creation. The approach of spirituality should be psychological and rational, and should offer a touching appeal to the deepest psychic sentiments of human beings.	在當前的環境中，充斥著許多分裂的傾向，使人類分成許多交戰的團體。靈性必須教化人心，並在眾生中發展出自然的親和力。靈性的方法應該符合人性及理性，且能深深觸動人內心深處之情感。		Shrii Shrii Ánandamúti | 5 June 1959, Jamalpur | The Cosmic Brotherhood, Idea and Ideology	Shrii Shrii Ánandamúti | 1959年6月5日於Jamalpur | 宇宙一家，印心與悟道，P.99	396	86
pair_0605_1959_101_250608	0605_1959_101_250608.txt	Dharma leads to Cosmic unity, inculcating in the individual mind Cosmic idealism. Religion, in the sense of dharma, is the unifying force in humanity. Moreover, spirituality provides a human being and humanity at large with that subtle and tremendous power with which no other power can be compared.	法性引領人們走向宇宙一家，並在個體心中注入宇宙理想主義。從法性觀點，宗教是團結人類的力量。此外，靈性提供個人及全人類精細而巨大的力量，這是其他力量無法比擬的。		Shrii Shrii Ánandamúrti | 5 June 1959, Jamalpur | 11 The Cosmic Brotherhood | Idea and Ideology	Shrii Shrii Ánandamúrti | 1959年6月5日於Jamalpur | 11 宇宙一家 | 印心與悟道，P.101	299	79
pair_0610_1990_244_251029	0610_1990_244_251029.txt	When the unit mind is established in psycho-spiritual parallelism, it is called “idea”, while the psychic conception of psycho-spiritual parallelism is called “ideology”. When idea maintains adjustment with the glands and sub-glands, it is called “ideation”. But to effect psycho-spiritual parallelism, knowledge, action and devotion are required. In spiritual parlance, when the mental flow is directed towards the goal, that is, the Supreme Entity, it is called “concentration”.	當個體心靈與心智趨向靈性層面的波流平行時，即稱之為「印心」(idea);而對此心智趨向靈性層面平行狀態的心智概念就稱為「悟道」(ideology)。當個體心靈與心智趨向靈性的波流平行，且與腺體和次腺體維持調和時，就稱為「理念作用」(ideation)。但為了達到上述平行狀態，必須具備知識、行動和虔誠。以靈性的說法而言，當心靈波流導向生命目標──即至上本體，就稱為「集中」;但以形而上學來說，這是一種法性的概念。		Shrii Shrii Ánandamúrti | 10 June 1990, Calcutta | 24 Ideation and Meditation | Yoga Psychology	Shrii Shrii Ánandamúrti | 1990年6月10日於加爾各答 | 24 理念作用與靜坐 | 生命科學觀：瑜伽心理學，P.244~245	480	206
pair_0610_1990_261_250404	0610_1990_261_250404.txt	Should do sitting in siddhásana [perfect posture] or any other convenient ásana [posture], on the same blanket, skin, seat or bed as they had used for sleeping, immediately after waking up and before doing any other work or before having any other thought – even before performing their morning duties or any other task. This will be a high category of Gurusakásha. If it cannot always be done immediately after sleep, it is essential to remember the Guru early in the morning after overcoming sleepiness. If this is done, they will meet with success or illumination in each and every subtle and spiritual task that they perform in the course of the whole day. It is said: Prátah shirasi shuklébje dvinetraḿ dvibhujaḿ gurum;  Varábhayakrtahastaḿ smarettaḿ námapúrvakam. [Early in the morning one should meditate on the Guru in Barábhaya mudrá with two hands and two eyes seated on a white lotus in Guru cakra, and remember Him by chanting His holy name (through a mantra).]	應該在每天早上一醒來，尚未做任何事情（甚至未進行梳洗、如廁等工作之前）或心中尚未生起任何其他念頭時，立刻以「完美坐姿」(Siddhásana)或任何其他方便的姿式，坐在其睡覺時所躺臥的毛毯、毛皮、座位或床舖上，於古魯輪觀想古魯。這是一種高層次的古魯庇護法(Gurusakásha)。如果不能經常在睡醒後立刻做上述觀想，那麼在早晨清醒後記住古魯是特別重要的。靈性修持者若能如此，那他們一整天所從事的每件精細與靈性的工作均將獲得光明與勝利。 Prátah shirasi shuklébje dvinetraḿ dvibhujaḿ gurum;  Varábhayakrtahastaḿ smarettaḿ námapúrvakam. 「人應在每天清晨於古魯輪，觀想古魯的雙手、雙眼，祂以圓滿大無畏手印坐在白色蓮花上。吾人並應透過梵咒持念祂的聖名以記住祂。」		Shrii Shrii Ánandamúrti | 10 June 1990, Kolkata | 25 Under the Shelter of the Guru | Yoga Psychology	Shrii Shrii Ánandamúrti | 1990年6月10日於加爾各答 | 25 在古魯的庇護下 | 生命科學觀：瑜伽心理學，P.261~262	986	377
pair_0613_1982_122_231130	0613_1982_122_231130.txt	Why do people tell lies? There are two reasons: (1) personal interest (lying out of fear is included in personal interest) and (2) ingrained habit.	人為何說謊？原因有二：一、為了個人的利益（由於害怕而說謊包含在內）。二、根深蒂固的習慣。		Shrii Shrii Ánandamúrti | 13 June 1982, Patna | 10 Shivas Teachings – 1 (continued) (Discourse 10) | Namah Shiváya Shántáya	Shrii Shrii Ánandamúrti | 1982年6月13日於帕特那 | 06 希瓦的教誨──一 | 永恆的希瓦‧超越時空的教誨，P.122	147	44
pair_0616_1979_060_250511	0616_1979_060_250511.txt	Let all the various human scripts be studied and developed impartially, and let the result be utilized in the cause of aesthetic science. Then human beings will certainly achieve rapid progress; the conflict between states, between societies and between races will cease in no time. They must march ahead vigorously with firm steps, keeping a synthetic goal ever before them. Caraeveti, caraeveti – “March forward, march forward”. This should be the slogan of todayʼs humanity.	讓各種不同人類的典籍都能夠被研究且超然地發展，並且讓此結果應用在美學的目標上。那麼人類一定能夠快速的進步，而國與國、社會與社會及種族與種族之間的衝突也將立刻停止。人必須一直將結合的目標擺在眼前，並且以堅定的步伐，奮力向前邁進。「向前邁進，向前邁進！」這才是人類今天應該提出的口號。		Shrii Shrii Ánandamúrti | 16 June 1979, Kolkata | 04 The Ever-Expanding Domain of the Microcosm | Ánanda Vacanámrtam Part 13	Shrii Shrii Ánandamúrti | 1979年6月16日於加爾各答 | 04 永不間斷擴展範疇的個體小宇宙 | 喜悅甘露集 卷12，P.60	477	140
pair_0617_1979_223_251001	0617_1979_223_251001.txt	At various times, we come across ideological conflicts among human beings. What does this ideological conflict really mean? Let human beings follow the path, the ideals, which appeal to them. If a particular theory or ideology is acceptable to some people, let them follow that ideology. Why should there be a conflict between people? Such conflicts should never occur. If anyone wants to drive a wedge into the one and indivisible human society on the basis of some ideology or theory, then this is nothing but a totally mischievous plan. Human beings can easily co-exist despite mere ideological differences... Different theories and doctrines with their numerous interpretations and connotations should be developed. No one should object to that, because intellectual clash and cohesion cause the human intellect to progress. Why should we keep all the doors of the human intellect closed? Let sufficient light and air enter the intellect for its overall enrichment.	在不同時代，人類彼此間常遭逢理念上的衝突。到底這種理念的衝突所指為何？讓人們各隨所好去追隨他們的理想吧。如果某些人接受某特定理論或觀念，就讓他們去追隨他們的喜好，為什麼之間要有衝突呢？不應該有衝突才是，任何人想要強行將某種理論或觀念置入這不可分的人類整體，就是一種蓄意的破壞計劃，雖然彼此間理念的不同，但人類是相當容易可以互相接納並存的。…… 各種理論和教義以及其闡釋皆應充分發展，沒有人應反對，因為各種心智的摩擦衝擊才能造成人類智力的進步。我們為什麼要關閉人類智力的大門呢？迎進足夠的光線和空氣來豐富智力吧！		Shrii Shrii Ánandamúrti | 17 June 1979, Kolkata | 08 Human Society Is One and Indivisible – 3 | Ánanda Vacanámrtam Part 13	Shrii Shrii Ánandamúrti | 1979年6月17日於加爾各答 | 06 人類一體不可分割 | 世紀大預言‧巴巴慈悲的叮嚀，P.223~224	969	255
pair_0619_1978_082_240608	0619_1978_082_240608.txt	Mantras without ideation are merely a couple of letters mechanically uttered. They will not bear any fruit even if repeated a billion times.	沒有理念作用的梵咒僅只是機械式地複誦一連串的字音，即使持咒數十億次也不會帶來任何結果。		Shrii Shrii Ánandamúti | 19 June 1978, Kolkata | Mantra and Japa, Ánanda Vacanámrtam Part 13	Shrii Shrii Ánandamúti | 1978年6月19日於Kolkata | 梵咒與持咒，喜悅甘露集卷12，P.82	140	43
pair_0622_1980_108_250501	0622_1980_108_250501.txt	Now what is our main duty on this earth? It is to undertake different activities upon ourselves as far as practical. There are innumerable tasks but human capacity is limited. Therefore, you are bound to seek cooperation from others in many activities.	我們在此世上最主要的職責是什麼？就是要盡可能務實的從事不同的活動。有無數的工作，但是人類的能力有其限度。因此在許多的活動裡，你一定要尋求其他人的合作。		Shrii Shrii Ánandamúrti | 22 June 1980, Mokama | 04 Samyak Karmánta (Perfect Finish) | Ánanda Vacanámrtam Part 19	Shrii Shrii Ánandamúrti | 1980年6月22日於Mokama | 08 完美的結束 | 行動瑜伽的智慧，P.108	252	75
pair_0623_1968_133_260507	0623_1968_133_260507.txt	Unless and until you have developed implicit faith and sincere love for that Supreme Father, you will not become one with Him, you will be bound by this Máyá. Now, when do people begin to feel that they should love the world? When they free themselves from evil, from egotistic sentiments.	除非你對至上之父有絕對的信心和真誠的愛，否則你無法與祂合而為一，你一定會受制於宇宙力量。何時人們才會感覺到他們應該要愛這個世界？當他們擺脫了邪惡、擺脫了自我感時。	Finché non avrete sviluppato una fede assoluta e un amore sincero per quel Padre Supremo, non diventerete uno con Lui; resterete legati da questa Māyā. E quando gli esseri umani iniziano a sentire che dovrebbero amare il mondo? Quando si liberano dal male, dai sentimenti egoistici.	Shrii Shrii Ánandamúrti | 23 June 1968 DMC, Manila | 05 The God of Human Beings | Subháśita Saḿgraha Part 21	Shrii Shrii Ánandamúrti | 1968年6月23日於馬尼拉大法會 | 11 人類的上帝 | 靈性科學集成 卷14，P.133	291	81
pair_0623_1968_134_250216	0623_1968_134_250216.txt	One is to get Him, to come in contact with the Divine Father, through jiṋána, karma and bhakti. What is jiṋána? Jiṋána is spiritual knowledge, not mundane knowledge. Mundane knowledge is distorted knowledge. It is not knowledge at all. Spiritual knowledge is the real knowledge. But what is spiritual knowledge? One must know what one is, what oneʼs goal is. This is the spiritual knowledge. Then comes karma. Karma means “action”. But if one knows what one is, what oneʼs desideratum is, then one will have to move towards oneʼs goal. One will have to do something practical and move towards oneʼs goal. This movement, this practical approach, this actional approach, is called karma. And then when, after karma, one comes near to Him, one will be united or unified with Him. This process of unification is devotion, bhakti.	人必須透過知識、行動與虔誠來獲得祂，來與至上之父接觸。什麼是「知識」?知識是指靈性的知識，而非世俗之知識。世俗的知識是扭曲的知識，一點也不能稱為知識，靈性的知識才是真正的知識。那麼什麼又是靈性的知識呢？也就是人必須知道自己是什麼，自己的目標是什麼，這才是靈性的知識。接著談到「行動」，如果一個人知道自己是什麼，自己的目標又是什麼，那麼他是不是應該要向著他的目標前進，他必須要做些具體的努力，朝著他的目標前進。這種前進，所採取的實際方法，就稱為「行動」。當人有了行動之後，他就會與祂接近，他將會與祂合一或融入於祂。這種融合的過程就稱為虔誠。		Shrii Shrii Ánandamúrti | 23 June 1968 DMC, Manila | 05 The God of Human Beings | Subháśita Saḿgraha Part 21	Shrii Shrii Ánandamúrti | 1968年6月23日於馬尼拉大法會 | 11 人類的上帝 | 靈性科學集成 卷14，P.134	831	269
pair_0623_1968_137_240311	0623_1968_137_240311.txt	23 June 1968 DMC, Manila The God of Human Beings, Subháśita Saḿgraha Part 21	當虔誠者的愛是為了取悅上主，而不是為了自己享受快樂，該虔誠者的心靈就會主體化，亦即該心靈會轉化成為上主的心靈。這就是為什麼說rágátmiká虔誠是唯一的虔誠。透過這種虔誠，瑜伽行者將立足於至上福祉之境，他與他的上主合而為一。與上主合而為一是人類生命的唯一目標。			1968年6月23日於馬尼拉大法會 | 人類的上帝，靈性科學集成卷14，P.137	79	131
pair_0623_1968_139_260508	0623_1968_139_260508.txt	To come in direct contact with the Supreme Father, you are to serve the universe as the ideal daughters and sons of the Supreme Father. You neednʼt be anxious. You must not have any worries and anxieties about your personal problems. Your problems are to be solved by the Supreme Father. You serve the children of the Supreme Father as the ideal daughters and ideal sons of that Father.	為了能與至上之父直接接觸，你必須做一個至上之父理想的孩子，服務這個宇宙。你無需擔憂，你不必為個人問題而煩惱、憂心忡忡。你的問題至上之父會幫你解決，你只要做祂理想的孩子服務祂其他的孩子即可。	Shrii Shrii Ánandamúrti 23 giugno 1968, DMC, Manila 05 — Il Dio degli esseri umani Subhāṣita Saḿgraha, Parte 21	Shrii Shrii Ánandamúrti | 23 June 1968 DMC, Manila | 05 The God of Human Beings | Subháśita Saḿgraha Part 21	Shrii Shrii Ánandamúrti | 1968年6月23日於馬尼拉大法會 | 11 人類的上帝 | 靈性科學集成 卷14，P.139	386	94
pair_0625_1982_139_251110	0625_1982_139_251110.txt	The Supreme Cognitive Principle, which is the only knowable entity for all other beings, is the sole permanent entity. To attain something permanent, one must not run after the petty pleasures of the world. Rather, knowing that eternal Entity, that permanent Entity, to be the only goal of life, one has to propel all oneʼs mental propensities towards Him. One must not waste oneʼs potentialities mistaking the transitory for the eternal. All created objects are finite; sitting in the midst of the multitude of finite things, and with the help of a finite unit mind, it is impossible, either in theory or in practice, to think of the Infinite. When the mind becomes intoxicated with the thought of the Infinite, then the finite mind transcends its own limits and loses itself in a state of endless peace. This is the highest attainment.	至上認知法則──此唯一讓一切眾生可知的實體──是唯一永恆的實體。一個人若想要達到永恆之境，則絕對不可追逐世俗渺小的快樂，一個人若欲了知那永恆實體是生命的唯一目標，則必須將所有的心靈情緒傾向導向祂。不可浪費潛能，誤將短暫當成永恆。所有的創造物皆為有限之事物，想要以有限的心靈來觀想無限，是不可能的，不管在理論上或實際上都是如此。當心靈沉醉在觀想無限時，有限的心靈則超越了它原有的限制，而陶醉在無限寧靜祥和的境界裡，此乃最高之成就。		Shrii Shrii Ánandamúrti | 25 June 1982, Patna | 12 Shivás Teachings - 2 (Discourse 11 (continued)) | Namah Shiváya Shántáya	Shrii Shrii Ánandamúrti | 1982年6月25日於Patna | 07 希瓦的教誨二之一 | 永恆的希瓦‧超越時空的教誨，P.139	837	214
pair_0625_1982_160_250622	0625_1982_160_250622.txt	To promote the earthly well-being of the human race, literature, art and other harmless means of entertainment must be encouraged, and thereby all the potentialities of the human heart will be properly utilized. Then and only then will ideal human beings be created.	要提升人類的世俗福祉，一定要鼓勵文學、藝術和各種有益身心的育樂活動，如此人類心靈的潛能才將得以正確的使用。惟有如此才能創造出一個理想的人。		Shrii Shrii Ánandamúrti | 25 June 1982, Patna | 13 Shivas Teachings – 2 (continued) (Discourse 12) | Namah Shiváya Shántáya	Shrii Shrii Ánandamúrti | 1982年6月25日於Patna | 08 希瓦的教誨2～2 | 永恆的希瓦──超越時空的教誨，P.160	266	69
pair_0626_1970_156_260323	0626_1970_156_260323.txt	What are the causes of salvation? Átmajiṋána [self-knowledge] is the only requisite for the attainment of mokśa. (The knowledge that “I am Brahma” is also known as pańd́a, and one having this pańd́a is a pańd́ita.) Of the living creatures, only the human – one having a human body, human glands, etc. – can attain mokśa. If one does not take proper care to attain mokśa, then one is a foolish person, for one is not making proper utilization of oneʼs human potentialities.	如何方能達到解脫？自我了悟(Átmajiṋána)就是達到解脫的唯一途徑(「我即是至上意識」的了悟知識稱為「潘達」—pańd́a，擁有「潘達」的人就是「了悟者」—pańd́ita)。 在有生命的個體中，唯有擁有人類肉身、人類腺體的人類能夠達到解脫。如果不利用此肉身來達到解脫，就是最愚昧的人，因為他沒有善用他所特有的人類心靈習性。	Qual è il requisito per la liberazione? L’átmajiñána [conoscenza del Sé] è l’unico requisito per il conseguimento di mokṣa. (La conoscenza «Io sono Brahma» è detta anche paṇḍa, e chi possiede questo paṇḍa è un paṇḍita.) Tra tutti gli esseri viventi, solo l’essere umano – cioè colui che possiede un corpo umano, ghiandole umane, ecc. – può conseguire mokṣa. Se una persona non si impegna seriamente a conseguire mokṣa, allora è una persona sciocca perché non sta facendo un uso corretto delle proprie potenzialità umane.	Shrii Shrii Ánandamúrti | 26 June 1970 evening, Ranchi | 22 June-July 1970 | Ánanda Vacanámrtam Part 30	Shrii Shrii Ánandamúrti | 1970年6月26日傍晚於Ranchi | 21-4 至上意識是你唯一的資產 | 喜悅甘露集 卷8，P.156~157	481	165
pair_0627_1968_091_241130	0627_1968_091_241130.txt	Now I am leaving this country, and I am leaving you physically. I am always with you; I will always be with you. Physically I am leaving you, my sons and daughters, but I cannot forget you, and mentally I will always be with you. I want that all of you should be ideal human beings. All of you, let your existence be successful. I have got nothing more to say. Peace be with you. My sons and my daughters, I have one more thing to say. I do not belong to heaven. What I am – I am to express this truth in a single sentence: I am yours.	現在我即將離開這個國家，我的身體將與你們分離。但我永遠與你們同在，我會永遠與你們同在的。孩子們，雖然我的肉身離開你們，但是我無法將你們忘懷，我的心靈將永遠與你們同在。我衷心期盼各位都能成為完美的人。希望你們一個個都能成就自身，這是我所要說的話，再無贅言。願永恆的寧靜與你們同在！我的孩子們，最後還有一句話，就是：我不屬於天堂，那麼我是什麼，用一句話來表示此一真理，那就是：我是屬於你們的。		Shrii Shrii Ánandamúrti | 27 June 1968, Manila | 10 I Am Yours | Ánanda Vacanámrtam Part 23	Shrii Shrii Ánandamúrti | 1968年6月27日於馬尼拉 | 12 我是屬於你們的 | 喜悅甘露集 卷7，P.91	535	194
pair_0630_1979_022_260217	0630_1979_022_260217.txt	You should remember one thing. In the Sanskrit language, the verbs yuiṋj and yuj do not have identical meanings. Yuj means “to add”, while yuiṋj means “to unify, to become one without any difference”. [In the same way,] jiivátmá and Paramátmá become one. The jiivátmá no longer has any separate identity. It has merged itself in Paramátmá. Brahmavid brahmaeva bhavati – “One who knows Paramátmá becomes Paramátmá Himself.” He no longer has any separate existence. In the spiritual domain, yoga is used in this sense (in the sense of “unification” and not in the sense of “addition”).	你們應該記住一件事：在梵文裡，動詞字根yuiṋj和yuj的意思並不相同。Yuj意指「增加」，而yuiṋj意指「融合，變成不可分割的一體」。同樣的，個體意識與至上意識也是如此融合成一體，個體意識因而失去了其自身的存在，它融入於至上意識裡。Brahmavid brahmaeva bhavati──了悟至上意識者，即成為至上意識本身。他不再有個體的存在。在靈性的領域上，瑜伽指的是這個意思（即融合，非增加之意）。	Dovete ricordare che nella lingua sanscrita, i verbi yuiṋj e yuj non hanno lo stesso significato. Yuj significa «aggiungere», mentre yuiṋj significa «unificare, diventare uno senza alcuna differenza». Allo stesso modo, jiivátmá e Paramátmá diventano uno. Il jiivátmá non conserva più alcuna identità separata: si è fuso nel Paramátmá. Brahmavid brahmaeva bhavati – «Colui che conosce Paramátmá diventa Egli stesso Paramátmá.» Non rimane più alcuna esistenza separata. In ambito spirituale, la parola yoga è usata in questo senso (nel senso di «unificazione» e non nel senso di «aggiunta»).	Shrii Shrii Ánandamúrti | 30 June 1979 evening, Patna | 03 A Yogi Must Certainly Be a Theist | Yoga Sádhaná	Shrii Shrii Ánandamúrti | 1979年6月30日傍晚於Patna | 02 瑜伽行者必為有神論者 | 瑜伽修持科學觀，P.22	597	204
pair_0630_1979_023_241015	0630_1979_023_241015.txt	People operate in the world within the confines of a limited circumference. Because of this, they cannot completely merge in Parama Puruśa. There is a bondage, a boundary, around the mind. So, a yogi has to expand his or her mind and remove the bondage. This bondage is the bondage of Máyá. One can become a yogi only when this bondage is removed. Only then will human mind and Cosmic Mind become one.	世上的人們都是在有限狀態的束縛下運作著，因為束縛纏繞著心靈，他們無法完全融入於至上意識裡。所以，一個瑜伽行者必須努力擴展他的心靈以去除這些束縛。此束縛即是宇宙力量的枷鎖。只有除去這枷鎖，個體的心靈與大宇宙心靈合一時，一個人方才可能成為真正的瑜伽行者。		Shrii Shrii Ánandamúrti | 30 June 1979 evening, Patna | 03 A Yogi Must Certainly Be a Theist | Yoga Sádhaná	Shrii Shrii Ánandamúrti | 1979年6月30日傍晚於Patna | 02 瑜伽行者必為有神論者 | 瑜伽修持科學觀，P.23	404	125
pair_0700_1967_014_260605	0700_1967_014_260605.txt	There is a particular tune, a particular rhythm, a particular rága, a particular rágini, particular laya and a particular tála in the Paramarasa-samudra as per the vibration projected in the nucleus of the Paramarasa. One who gets one acquainted with these does not like visayarasa, and naturally leaving the Visayarasa, one goes into Paramarasa.	在至上神性波流的海洋裡，依照在至上神性波流核心的投射，每種波流都有其特殊的旋律、節奏、音階和方式。只要吾人熟悉這些，就不會再喜歡物質享樂的波流，自然而然會離開物質享樂的波流，而來到至上神性的波流裡。	Nell'oceano della Beatitudine Suprema (Paramarasa) esistono una particolare melodia, un particolare ritmo, un particolare raga, una particolare ragini, un particolare laya e un particolare tala, in accordo con le vibrazioni proiettate dal suo nucleo. Chi entra in sintonia con esse non trova più attraente il viśayarasa (il fascino e il piacere derivanti dagli oggetti e dalle esperienze del mondo materiale) e, abbandonandolo spontaneamente, entra nel Paramarasa.	Shrii Shrii Ánandamúrti | July 1967 DMC, Jaipur | 02 Parama Puruśa | Subháśita Saḿgraha Part 19	Shrii Shrii Ánandamúrti | 1967年7月於Jaipur大法會 | 01 至上意識 | 靈性科學集成 卷14，P.14	349	99
pair_0701_1979_130_260319	0701_1979_130_260319.txt	What is it that is dearest to human beings? It is our considered opinion that the átmá [unit-consciousness] is a human beingʼs dearest object, and for the átmá, Paramátmá [Supreme consciousness] is the dearest object. So, the dearest object is Paramátmá. The mantra by which one attains Paramátmá or the Iśt́a is the Iśt́a mantra. People can get paritráńa [final liberation] simply through the Iśt́a mantra. Guru mantra is also like this. Guru mantra is that which reminds you at every step that you are a human being, for you it is not worth doing. This means that through the guru mantra, you always feel the presence of the Guru before you. This is the significance of the gurumantra. By now you must realize how casually the word mantra is used. Then, what should a person do? One has to place the Iśt́a mantra and guru mantra in a different category from/to other mantras, because other mantras bring tráńa, whereas Iśt́a mantra and guru mantra bring people paritráńa. While the use of other mantras brings temporary relief from suffering, the use of the Iśt́a mantra and guru mantra lead to permanent liberation, emancipation or salvation.	人類最親愛的東西是什麼？我們認為個體意識是人類最親愛的，而對個體意識而言，它最親愛的則是至上意識。因此，人最親愛的、最珍貴的就是至上意識。能讓人達到至上意識或生命目標的梵咒就是「生命目標梵咒」。人透過他的生命目標梵咒，就能達到究竟解脫。古魯梵咒也一樣，它時時刻刻提醒你，透過古魯梵咒，你會永遠感覺到古魯在你面前。這是古魯梵咒的意義。現在，想必你們已瞭解梵咒的使用了吧！那麼人又該怎麼做呢？人不能再將他的生命目標梵咒及古魯梵咒與一般梵咒等同視之。因為其他的梵咒帶來的是暫時的解脫，而個人生命目標梵咒與古魯梵咒為人帶來的是究竟解脫。使用一般的梵咒，你能短暫地擺脫痛苦，然而當你持念個人生命目標梵咒及古魯梵咒時，你將可獲得永恆的究竟解脫。	Che cosa è più caro agli esseri umani? Secondo noi, l’átmá [coscienza individuale] è l’oggetto più caro per l’essere umano, e per l’átmá, il Paramátmá [Coscienza Suprema] è l’oggetto più caro. Dunque, l’oggetto più caro è il Paramátmá. Il mantra attraverso cui si realizza il Paramátmá o l’Iśt́a è l’Iśt́a mantra. Le persone possono ottenere il paritráńa [liberazione finale] semplicemente attraverso l’Iśt́a mantra. Il guru mantra è simile. Il guru mantra è ciò che ti ricorda a ogni passo che sei un essere umano e che certe azioni non sono degne di te. Questo significa che attraverso il guru mantra si sente costantemente la presenza del Guru davanti a sé. Questo è il significato del guru mantra. A questo punto dovreste rendervi conto di quanto superficialmente venga usata la parola “mantra”. Allora, che cosa dovrebbe fare una persona? Deve collocare l’Iśt́a mantra e il guru mantra in una categoria distinta rispetto agli altri mantra, perché gli altri mantra portano tráńa, mentre l’Iśt́a mantra e il guru mantra portano paritráńa.Mentre l’uso degli altri mantra porta un sollievo temporaneo dalla sofferenza, l’uso dell’Iśt́a mantra e del guru mantra conduce alla liberazione permanente, all’emancipazione o alla salvezza.	Shrii Shrii Ánandamúrti | 1 July 1979, Patna | 11 Mantra Shakti | Ánanda Vacanámrtam Part 13	Shrii Shrii Ánandamúrti | 1979年7月1日於Patna | 11 梵咒的力量 | 喜悅甘露集 卷12，P.130~131	1167	316
pair_0702_1982_179_250303	0702_1982_179_250303.txt	Mortal human beings can attain liberation only if they channel all their psychic tendencies, all their thought-waves, towards the Supreme One, and then the dynamic flow of their minds, concentrated at a single point, becomes one with the Supreme Cognition, far beyond the scope of all bondages. The finite microcosm merges in the Macrocosm; the small “I” dissolves in the infinite vastness. In fact, this “I” never loses itself – the small “I” only becomes the great “I”. The Supreme Cognition completely absorbs the individual “I”, and this state of total surrender of the individual brings complete fulfilment. In that exalted state, one realizes that the millions of individual entities are all microscopic fractions of that oceanic Brahma, merely bubbles in that infinite sea. This is the state of realization of Brahmaeváham or Brahmásmi [“I am Brahma”]. Hence it is said that if mortal human beings can surrender their all to the Supreme Entity by means of sádhaná, then they can certainly attain liberation, even while in their physical bodies.	一般人唯有將其所有的心理情緒傾向、所有的思想波流導向唯一的至上才可能得到解脫，心靈生生不息的波流集中於一點，且與至上認知能力融合，那麼他才能超越所有的束縛。有限的小宇宙個體與大宇宙心靈合而為一，小「我」融入於浩瀚的無限中。事實上，這個「我」從未消失──只是由小「我」變成了大「我」。至上認知力將個體的「我」完全吸收，這種個體小「我」全然臣服的狀態，為個體帶來圓滿的實現，在那崇高之極致境界，他了悟到數以百萬計的小宇宙個體皆為彼海洋般至上意識之微小部分，僅僅只是浮現在無限廣大海洋的小泡沫。此即了悟「我即至上意識」(Brahmaeváham或Brahmásmi)的境界。因此才有言道：如果眾生能夠藉由靜坐修持向至上本體全然臣服，即使在活著之時，亦必可得到解脫。		Shrii Shrii Ánandamúrti | 2 July 1982, Patna | 14 Shivaʼs Teachings – 2 (continued) (Discourse 13) | Namah Shiváya Shántáya	Shrii Shrii Ánandamúrti | 1982年7月2日於Patna | 09 希瓦的教誨二之三 | 永恆的希瓦‧超越時空的教誨，P.179~180	1055	329
pair_0702_1982_260702	0702_1982_260702.txt	Certainly the person whose hands and feet are tied and who cannot move at all, whose voice is totally silenced, whose feelings of the heart are suppressed, whose urges of life have no expression, who is physically behind bars, whose mind is caged by dogmas, whose soul is deprived of the blissful flow of nectar, whose path of progress has lost its way in a chasm, is indeed in bondage. The vigorous effort for emancipation from all bondages is termed sádhaná, and the motive that inspires such efforts is called liberation.	手、腳都被綁住無法移動、喉嚨無法發聲、內心情感被壓抑、生命渴望無法表達、身體被監禁、心靈被教條鎖住、靈魂被剝奪無法享受喜悅甘露波流以及在進步道上迷路落入深淵的人，都是被束縛的人。強力掙脫所有束縛得到自由的努力就稱為「靈性修持」，鼓舞人心努力掙脫所有束縛的動力就稱為「解脫」。		Shrii Shrii Ánandamúrti | 2 July 1982, Patna | 14 Shivaʼs Teachings – 2 (continued) (Discourse 13) | Namah Shiváya Shántáya	Shrii Shrii Ánandamúrti | 1982年7月2日於Patna | 09 希瓦的教誨二之三 | 永恆的希瓦‧超越時空的教誨	526	137
pair_0703_1979_142_250422	0703_1979_142_250422.txt	If a person prays, let me vanquish my enemy, it is to be remembered that the enemy is also the creation of Mahámáyá. What will the person get by invoking that Máyá as dviśo jahi? This is not the correct way. Then, what is the correct thing to do? The correct path is the middle way. That means, “I will advance towards my goal. I shall go ahead unperturbed by the hindrances and obstacles that come along the way. Parama Puruśa is with me. I fear no one. I know that such obstacles and dangers are small compared to the power of Parama Puruśa. When the omnipotent, supreme God is with me, whom shall I fear?” This is the middle way.	一個人要是祈禱希望宇宙力量助他打敗敵人，你們要記得，那個敵人對宇宙力量而言，也一樣是她的產物，你請求她給你打敗你敵人的力量，能成功嗎？這是不對的。要怎麼做方才正確呢？就是採取中道，也就是說：我會向著我的目標前進，不受途中各種阻礙干擾。至上意識與我同在，我一無所懼。我知道和至上意識的力量相較，我所面臨的阻礙和危險多麼微不足道。如果全知全能的至上意識與我同在，我要畏懼誰呢？這就是中道。		Shrii Shrii Ánandamúrti | Evening Darshan, 3 July 1979, Purnea | 13 The Middle Path Is the Ideal Path | Ánanda Vacanámrtam Part 13	Shrii Shrii Ánandamúrti | 1979年7月3日傍晚於Purnea開示 | 13 中道是最理想的道路 | 喜悅甘露集 卷12，P.142	640	192
pair_0703_1979_260703	0703_1979_260703.txt	For the attainment of the ultimate goal and the realization of Parama Puruśa, the middle way is the ideal path. You should remember that noble work is never accomplished through flattery. One needs to have courage, competence and sincerity to do a noble work. Of course, you will emerge victorious. Never worry about success. You have come to this world for a noble mission. Keep on making efforts till you reach your goal. Eventually, you will attain your cherished goal and will be established in cosmic bliss for eternity.	要達到生命究竟的目標、要了悟至上意識，中道為最理想的道路。你們要記住的是：任何高尚的工作皆不可能透過奉承和懇求而可完成；要做高尚的工作，人必須具足勇氣、能力和誠心。如此，勝利必然可期。你們不要擔心會不會成功，因為你們是為了做高尚工作而來此塵世，在未達目標前要持續努力，最後你們一定可以達到珍愛的目標，並且永恆立足於大宇宙喜悅之境。	Per il conseguimento della meta suprema e per la realizzazione di Parama Purusa, la via di mezzo è la via ideale. Dovete ricordare che un’opera nobile non viene mai realizzata mediante l’adulazione. Per compiere un’opera nobile sono necessari coraggio, capacità e sincerità. Naturalmente, uscirete vittoriosi. Non preoccupatevi mai del successo. Siete venuti in questo mondo per una nobile missione. Continuate a compiere ogni sforzo fino a quando non avrete raggiunto la vostra meta. Alla fine raggiungerete la meta desiderata e sarete stabiliti per l’eternità nella beatitudine cosmica.	Shrii Shrii Ánandamúrti | Evening Darshan, 3 July 1979, Purnea | 13 The Middle Path Is the Ideal Path | Ánanda Vacanámrtam Part 13	Shrii Shrii Ánandamúrti | 1979年7月3日傍晚開示於Purnea | 13 中道是最理想的道路 | 喜悅甘露集 卷12	526	165
pair_0704_1979_043_240801	0704_1979_043_240801.txt	Human existence is an ideological flow. If any entityʼs existence goes against its ideological flow, it harms itself. Under those circumstances, people would rather commit suicide than sacrifice their ideology. You might read in history that in the case of ideological conflicts, millions of people left their countries and migrated to other lands. Millions of people leave their countries even today and, if the occasion arises, will do so in future, unless we build and ideal human society.	人類的存在是一種理念的波流，個體的存在若違反此一理念波流，會傷及自身。在那種情況下，人寧可自殺也不會去犧牲他們的理念。你或許曾於歷史中讀過，數百萬的人由於理念的衝突而離鄉背井移居他地，即使在今日也有數百萬人民離開自己的家園，除非我們能建立起一個有理念的人類社會，否則若情況再度發生，那麼將來這種事仍會重演。		Shrii Shrii Ánandamúrti | 4 July 1979 DMC, Purnea | 05 Where There Is Dharma There Is Iśt́a, and Where There Is Iśt́a There Is Victory | Subháśita Saḿgraha Part 12	Shrii Shrii Ánandamúrti | 1979年7月4日於Purnea大法會 | 05 有法性之處就有理念目標，有理念目標就有勝利 | 靈性科學集成 卷12，P.43	492	153
pair_0704_1979_044_240423	0704_1979_044_240423.txt	Tadsthiti: Human beings have the tendency to merge in Parama Puruśa, for He is the only Supreme desideratum of all unit beings. Thus we find that the essential characteristics of Bhágavata Dharma are expansion, flow and service and the final goal is ensconcement in Parama Puruśa.	安住於至上(tadsthiti):人類想要融入於至上意識，因為祂是萬有個體唯一的終極目標。由此我們知道至上法性最重要的特性就是擴展、波流、服務以及最後的目標──安住於至上意識之中。		Shrii Shrii Ánandamúrti | 4 July 1979 DMC, Purnea | 05 Where There Is Dharma There Is Iśt́a, and Where There Is Iśt́a There Is Victory | Subháśita Saḿgraha Part 12	Shrii Shrii Ánandamúrti | 1979年7月4日於Purnea大法會 | 有法性之處就有理念目標，有理念目標就有勝利 | 靈性科學集成 卷12，P.44	283	90
pair_0704_1979_047_260421	0704_1979_047_260421.txt	There is a basic difference between eśańá [longing] and icchá [desire]. Icchá means “desire” or “intention”, whereas eśańá or “longing” presupposes an active endeavour to fulfil that desire. In each and every living being there is the innate desire for happiness, and there is an active effort to fulfil that desire as well. In their search for happiness, human beings discovered that the entire property of this universe will never be able to satisfy their psychic hunger. With unsatiated hearts they kept on repeating, “My hunger is not yet satisfied, my thirst is yet unquenched.” Thus in the process of this constant search for happiness, one finally attains that Entity who is the most beloved of all and that entity is oneʼs iśt́a. With the acquisition of money, people still feel that they have nothing; in spite of possessing a huge amount of money they often beat their chests in despair. So it is not money they seek – what they truly desire is peace, not happiness. But it is only rarely that people attain peace in life. Iśt́a means Parama Puruśa but why is He called Iśt́a? The answer is that by attaining Parama Puruśa one no longer has any unsatiated hunger or unquenched thirst. He is so vast that the human mind can never fully grasp Him. And if there is no emptiness in the mind, how can anyone feel hunger or thirst?	Eśańá（渴望）和icchá（慾望）基本上是不同的。Icchá意為「慾望」或「意向」;而eśańá則含有積極努力實現此慾望之意。每一個眾生與生俱有追求快樂的慾望，也積極努力實現這個渴望。在追尋的過程中，人類發現宇宙間所有的東西都不能滿足他們心靈的飢渴，因為心靈尚未得到滿足，所以一再吶喊著：「我還未滿足、還未滿足。」 在此永恆的追尋之中，終於達到他們最親愛的那個本體，此本體即吾人之理念目標。人獲得金錢後，仍然覺得一無所有，即使擁有大量的金錢，他們還是經常感到失望，所以金錢並非他們所要追求的，他們真正想要的是平靜，而不是快樂；可是生命中能獲得這種平靜的人屈指可數。 理念目標就是「至上意識」，為什麼至上意識是理念目標呢？原因就在於：當一個人獲得至上意識後，他的渴望全都滿足了；祂如此浩瀚，人類心靈永遠無法將祂完全捕捉；如果人的心靈不再空虛，他怎麼還會感到飢渴呢？	Esiste una differenza fondamentale tra eśanā [anelito] e icchā [desiderio]. Icchā significa “desiderio” o “intenzione”, mentre eśanā, cioè “anelito”, presuppone uno sforzo attivo per realizzare quel desiderio. In ogni essere vivente esiste un desiderio innato di felicità, e vi è anche uno sforzo attivo per soddisfarlo. Nella loro ricerca della felicità, gli esseri umani hanno scoperto che l’intero patrimonio di questo universo non sarà mai in grado di soddisfare la loro fame psichica. Con il cuore insoddisfatto continuano a ripetere: «La mia fame non è ancora saziata, la mia sete non è ancora placata». Così, nel corso di questa continua ricerca della felicità, si giunge infine a quell’Entità che è la più amata di tutte, e tale Entità è il proprio Iśt́a. Con l’acquisizione del denaro, le persone continuano comunque a sentirsi prive di qualcosa; pur possedendo grandi ricchezze, spesso si battono il petto nella disperazione. Dunque non è il denaro ciò che cercano: ciò che realmente desiderano è la pace, non la felicità. Ma è raro che le persone raggiungano la pace nella vita. Iśt́a significa Parama Puruśa, ma perché Egli è chiamato Iśt́a? La risposta è che, una volta realizzato Parama Puruśa, non rimane più alcuna fame insoddisfatta né sete inappagata. Egli è così vasto che la mente umana non può mai comprenderlo pienamente. E se nella mente non vi è alcun vuoto, come potrebbe qualcuno provare fame o sete?	Shrii Shrii Ánandamúrti | 4 July 1979 DMC, Purnea | 05 Where There Is Dharma There Is Iśt́a, and Where There Is Iśt́a There Is Victory | Subháśita Saḿgraha Part 12	Shrii Shrii Ánandamúrti | 1979年7月4日於Purnea大法會 | 05 有法性之處就有理念目標，有理念目標就有勝利 | 靈性科學集成 卷12，P.47~48	1348	383
pair_0704_1979_048_231216	0704_1979_048_231216.txt	There are two meaning for the word iśt́a: first, the one whose realization fills the mind, thus removing all psychic dissatisfactions; and secondly, the most beloved of all entities. When the mind attains its most coveted object, it becomes filled.	理念目標iśt́a這個字有兩種意義：第一指因了悟而使心靈充盈，從而消除所有心智上的不滿；第二指的是為所有個體所最親愛的實體。當心靈獲得它所渴望的目標後，它就得到了滿足。		Shrii Shrii Ánandamúrti | 4 July 1979 DMC, Purnea | 05 Where There Is Dharma There Is Iśt́a, and Where There Is Iśt́a There Is Victory | Subháśita Saḿgraha Part 12	Shrii Shrii Ánandamúrti | 1979年7月4日於普內亞大法會 | 05 有法性之處就有理念目標，有理念目標就有勝利 | 靈性科學集成 卷12，P.48	249	84
pair_0704_1979_050_240102	0704_1979_050_240102.txt	Where there is dharma there is Iśt́a; the two are inseparably connected, and thus those who follow dharma are sure to follow Iśt́a also. Dharma cannot exist where there is no love for God. There are some people who say, “We do practice yoga but we are atheists.” This is impossible. Those who speak thus are not true yogis. Where there is dharma there is bound to be Iśt́a, and Iśt́a means Parama Puruśa. He is the soul of all souls, the greater “I” of all microcosms. In each and every human being, two “Iʼs” are hidden – the smaller “I” and the greater “I”. The small “I” is the various microcosms such as Ram, Shyam, Tom, Dick, Harry, etc.; but for all the greater “I” is one – Parama Puruśa. All the conflicts and struggles among the microcosms are all centered around their small “Iʼs”.	有法性之處，就有理念目標，兩者是密不可分的。因此，遵循法性之人必定也會遵循理念目標。法性無法存在於對至上沒有愛之處。有些人說：「我們鍛鍊瑜伽修持，但我們是無神論者。」這是不可能的。說這話的人必定不是真正的瑜伽行者。有法性之處，一定有理念目標，而理念目標即意指至上意識。他是靈魂之靈魂，所有個體小宇宙的大我。每個人都有兩個「我」，一個小我，一個大我：小我是每個個體，如羅摩、夏姆、湯姆、迪克、亨利等，然而所有人的大我都是一樣的，就是至上意識。個體小宇宙間的摩擦衝突都是因為這個小我所致。		Shrii Shrii Ánandamúrti | 4 July 1979 DMC, Purnea | 05 Where There Is Dharma There Is Iśt́a, and Where There Is Iśt́a There Is Victory | Subháśita Saḿgraha Part 12	Shrii Shrii Ánandamúrti | 1979年7月4日於Purnea大法會 | 05 有法性之處就有理念目標，有理念目標就有勝利 | 靈性科學集成 卷12，P.50	797	242
pair_0704_1979_051_240119	0704_1979_051_240119.txt	Human beings are no doubt very ordinary and weak creatures, but if they connect themselves with Parama Puruśa then they no longer remain helpless, they become one with Him. If they constantly ideate on Him, if they always sing His glories and become engrossed in His ideation then they no longer remain ordinary mortals. Then they will achieve success in whatever task they undertake. But that success, that victory does not belong to them – it belongs to dharma, to Iśt́a.	人類誠然非常平凡和脆弱，但如果他們能與至上意識連結，他們就不再無助了，而會與至上意識合而為一。如果他們一直觀想持念祂，經常唱頌祂的榮光，且融入在祂的理念作用裡，他們就不再是凡夫俗子了，無論他們做什麼，都必定會成功。但這成功和勝利不是屬於他們的，而是屬於法性和理念目標的。		Shrii Shrii Ánandamúrti | 4 July 1979 DMC, Purnea | 05 Where There Is Dharma There Is Iśt́a, and Where There Is Iśt́a There Is Victory | Subháśita Saḿgraha Part 12	Shrii Shrii Ánandamúrti | 1979年7月4日於Purnea大法會 | 05 有法性之處就有理念目標，有理念目標就有勝利 | 靈性科學集成 卷12，P.51	475	135
pair_0704_1979_051_250802	0704_1979_051_250802.txt	Human beings are no doubt very ordinary and weak creatures, but if they connect themselves with Parama Puruśa then they no longer remain helpless, they become one with Him. If they constantly ideate on Him, if they always sing His glories and become engrossed in His ideation then they no longer remain ordinary mortals. Then they will achieve success in whatever task they undertake. But that success, that victory does not belong to them – it belongs to dharma, to Iśt́a.	人類誠然非常平凡和脆弱，但如果他們能與至上意識連結，他們就不再無助了，而會與至上意識合而為一。如果他們一直觀想持念祂，經常唱頌祂的榮光，且融入在祂的理念作用裡，他們就不再是凡夫俗子了，無論他們做什麼，都必定會成功。但這成功和勝利不是屬於他們的，而是屬於法性和理念目標的。		Shrii Shrii Ánandamúrti | 4 July 1979 DMC, Purnea | 05 Where There Is Dharma There Is Iśt́a, and Where There Is Iśt́a There Is Victory | Subháśita Saḿgraha Part 12	Shrii Shrii Ánandamúrti | 1979年7月4日於Purnea大法會 | 05 有法性之處就有理念目標，有理念目標就有勝利 | 靈性科學集成 卷12，P.51	475	135
pair_0705_1955_260_260329	0705_1955_260_260329.txt	Sakala jagate more kare vidhi bhakti; Vidhi bhaktye Vrajabháva páite náhi shakti. [The entire world worships me only in accordance with vidhi bhakti, but the truth is this, that the follower of vidhi bhakti can never attain Vrajabháva, that is, to remain constantly absorbed in the thoughts of Parama Puruśa and get bliss.]	Sakala jagate more kare vidhi bhakti; Vidhi bhaktye Vrajabháva páite náhi shakti. 「整個世界皆以形式的虔誠來禮拜我，然而事實上，拘泥外在形式虔誠的人永遠無法達到至上喜悅的虔誠波流境界，也就是說，他們將無法一心融入至上意識並獲得喜悅。」	Sakala jagate more kare vidhi bhakti; Vidhi bhaktye Vrajabháva páite náhi shakti. [In tutto il mondo gli esseri umani mi adorano secondo forme rituali e prescritte di devozione (vidhi bhakti), ma attraverso questa devozione formale non è possibile raggiungere il Vrajabhāva, cioè quello stato in cui la mente resta costantemente immersa nel pensiero di Parama Purusa e sperimenta la beatitudine.]	Shrii Shrii Ánandamúrti | Áśárhii Púrńimá 1955 DMC, Bhagalpur | 19 Bhakti Yoga | Yoga Sádhaná	Shrii Shrii Ánandamúrti | 1955年7月5日Áśárhii滿月日於Bhagalpur大法會 | 17 虔誠瑜伽 | 瑜伽修持科學觀，P.260	328	158
pair_0705_1959_131_250616	0705_1959_131_250616.txt	In subtle philosophical analysis it can be said that all perception and assimilation is done with the help of shakti (force). Hence the Witnessing Entity of this entire creation is nothing but Citi Shakti (Cognitive Force or Cognitive Faculty). Puruśa is called Citi Shakti for two reasons: He is pure Consciousness and He is omni-telepathic. Citi Shakti has five qualities: shuddhá (absolutely pure), anantá (infinite), aparińámii (unchangeable), apratisaḿkramá (non-extroversive), and darshita viśayá (witness of the reflected object).	以精細的哲學分析來說，所有的感知以及吸收都可說是透過宇宙力量(shakti)之助而完成的。因此，見證宇宙萬有者即是宇宙認知力量或稱為至上認知力(Citi Shakti)。宇宙意識被稱為至上認知力之原因有二：其一，祂是純意識，而且是全然的精神感應實體。至上認知力有五個特質：絕對純淨(shuddhá)、無限(anantá)、永恆不變(aparińámii)、其外無物(apratisaḿkramá)、見證一切(darshita viśayá)。		Shrii Shrii Ánandamúrti | 5 July 1959 DMC, Jamalpur | 04 Cognitive Force and Psychic Practice | Subháśita Saḿgraha Part 8	Shrii Shrii Ánandamúrti | 1959年7月5日於Jamalpur大法會 | 23 至上認知力與心智鍛鍊 | 靈性修持與三摩地，P.131	546	221
pair_0706_1955_085_250321	0706_1955_085_250321.txt	If the terrific speed which the extroverted person runs after the finite objects is introverted towards the Supreme Being, then he or she can attain Brahma and achieve the Supreme State.	如果一個人將其向外追求有限事物的驚人速度，轉成向內朝至上意識前進，那麼他就能得到至上意識──並達到至上意識的境界。		Shrii Shrii Ánandamúrti | Áśárhii Púrńimá 1955 DMC, Bhagalpur | 07 Bhaktitattva | Subháśita Saḿgraha Part 1	Shrii Shrii Ánandamúrti | 1955年7月6日Áśárhii滿月日於Bhagalpur大法會 | 07 虔誠的本質 | 靈性科學集成 卷1，P.85	186	57
pair_0706_1955_087_240408_Áśárhii	0706_1955_087_240408_Áśárhii.txt	Wise people take every object of the world as the expression of one and single Viśńu and are not be affected by pain or pleasure when they witness changes in the name and form of any particular object. Viśńu to them remains Viśńu and they lose nothing.	一個有智慧的人視此世界的每一事物皆是那唯一無所不在的至上意識(Viśńu)的顯現，所以當他們見到任何事物在名、相上的改變也不會感到痛苦或快樂。無所不在的至上意識對他們而言，仍是無所不在的至上意識，他們不會失去任何東西。		Áśárhii Púrńimá 1955 DMC, Bhagalpur | Bhaktitattva, Subháśita Saḿgraha Part 1	1955年7月6日Áśárhii滿月日於Bhagalpur大法會 | 虔誠的本質，靈性科學集成卷1，P.87	258	109
pair_0706_1955_102_240407_Áśárhii	0706_1955_102_240407_Áśárhii.txt	O devotees remember the Lordʼs name else all your efforts will be reduced to cipher. Under all circumstances and during all activities, cling firmly to His name.	虔誠者請記住上主的聖名，否則你的一切努力都將化為烏有。在任何情況下，在所有的活動中都要緊緊的抓住祂的聖名。		Áśárhii Púrńimá 1955 DMC, Bhagalpur | Bhaktitattva, Subháśita Saḿgraha Part 1	1955年7月6日Áśárhii滿月日於Bhagalpur大法會 | 虔誠的本質，靈性科學集成卷1，P.102	161	53
pair_0706_1955_204_250522	0706_1955_204_250522.txt	The world is a changing phenomenon. Therefore, it is unwise to be attached to any object in this ever-changing world. The name and form of objects undergo changes with the change in time and place. The child changes into a youth, the youth into an old person, and the old person into a dead person. Wise people take every object of the world as the expression of one and single Viśńu and are not be affected by pain or pleasure when they witness changes in the name and form of any particular object. Viśńu to them remains Viśńu and they lose nothing.	這個世界變化不居，因此，執著此無常世界的任何事物都是不智的。名稱與形象也是隨著時、空的變遷而改變，孩童成長為青年，青年漸趨老朽，老朽又轉變為死亡。一個有智慧的人視此世界的每一事物皆是那唯一無所不在之至上意識(Viśńu)的顯現，所以當他們見到任何事物在名、相上的改變也不會感到痛苦或快樂。無所不在的至上意識對他們而言，仍是無所不在的至上意識，他們並沒有失去任何東西。		Shrii Shrii Ánandamúrti | Áśárhii Púrńima 1955 DMC, Bhagalpur | 07 Bhaktitattva | Subháśita Saḿgraha Part 1	Shrii Shrii Ánandamúrti | 1955年7月6日Áśárhii滿月日於Bhagalpur大法會 | 18 虔誠的本質 | 虔誠瑜伽的真諦，P.204	557	183
pair_0706_1955_214_250601	0706_1955_214_250601.txt	When there is fear or feeling of crude propensities in the mind, there cannot be pure Anurakti or Bhakti. Devotion generated through fear is no Bhakti at all, rather it is but a lamentable state of mental crudeness. Some pray to the Lord for fear of hell and some for fear of torture and retribution in the next life. They hunger for emancipation from these fears. This betrays a lack of knowledge of the truth and you should not give encouragement to this inferiority complex. Those who accept or know the Lord as their own self have no reason to entertain any fear of Him. This fearless movement towards the Lord is termed Love.	心中懷有恐懼或粗鈍習性的覺受，就不可能有純粹的虔誠，由於恐懼而產生的虔誠根本不是虔誠，那只是粗鈍心靈可悲的狀態。有些人害怕下地獄，有些人擔心來世受折磨或受報應而向上主祈禱，他們渴望從這些恐懼中得到解脫。這只是顯示出他缺乏對真理的認知，我們不應該鼓勵這種自卑感。凡是接受或認識上主如同他們自己者，本身沒有理由害怕祂，此種無懼的朝向上主的行動即名之為愛。		Shrii Shrii Ánandamúrti | Áśárhii Púrńima 1955 DMC, Bhagalpur | 07 Bhaktitattva | Subháśita Saḿgraha Part 1	Shrii Shrii Ánandamúrti | 1955年7月6日Áśárhii滿月日於Bhagalpur大法會 | 18 虔誠的本質 | 虔誠瑜伽的真諦，P.214	630	175
pair_0706_1955_222_250723	0706_1955_222_250723.txt	The true devotees love the world, the society and everything around because they perceive each and every manifestation of the artful Prakrti with one universal spirit. They also love the finite, since it is also a portion of the Universal. They perceive worldly pleasures as divine bliss varied by time, place and person. They keep their mind-stuff absorbed in the eternal currents of the divine flow. Such devoted aspirants are the only true enjoyers or rasika and their object of enjoyment is the Supreme Brahma.	真正的虔誠者愛這個世界、這個社會及周遭的一切，因為他們體會到在宇宙力量所有巧妙的顯現裡，都充滿了宇宙一體的精神。他們也愛有限的事物，因為它們也是大宇宙的一部分。他們感受世俗的快樂如同受時、空、人物變化下的神性喜悅。他們將其心靈波質融匯在永恆的神性波流中，此種虔誠的修行者才是真正的享樂者，他們享受的目標即是至上意識。		Shrii Shrii Ánandamúrti | Áśárhii Púrńima 1955 DMC, Bhagalpur | 07 Bhaktitattva | Subháśita Saḿgraha Part 1	Shrii Shrii Ánandamúrti | 1955年7月6日Áśárhii滿月日於Bhagalpur大法會 | 18 虔誠的本質 | 虔誠瑜伽的真諦，P.222~223	514	158
pair_0706_1955_223_231019	0706_1955_223_231019.txt	Only the knower of the Supreme Nectar is the enjoyer. If the divine bliss is viewed with a vile selfish motive, it turns into poison.	只有了知至上瓊漿玉液的人才是真正的享受者。假如以卑鄙自私的動機來看待神性喜悅，那麼它就會變成毒藥。		Shrii Shrii Ánandamúrti | Áśárhii Púrńima 1955 DMC, Bhagalpur | 07 Bhaktitattva | Subháśita Saḿgraha Part 1	Shrii Shrii Ánandamúrti | 1955年7月6日Áśárhii滿月日於Bhagalpur大法會 | 18 虔誠的本質 | 虔誠瑜伽的真諦，P.223	133	49
pair_0706_1955_224_250415_Áśárhii滿月日	0706_1955_224_250415_Áśárhii滿月日.txt	The aspirants of Bhakti should surrender their all to their adored. Everything objective is centered inside the mind. Hence if the mind itself is surrendered to Brahma, everything automatically becomes surrendered.	虔誠的修行者應將他們的一切臣服於所禮敬的目標。萬物皆備於心，因此，如果心靈本身臣服於至上意識，則一切自然會臣服在祂的足下。		Shrii Shrii Ánandamúrti | Áśárhii Púrńima 1955 DMC, Bhagalpur | 07 Bhaktitattva | Subháśita Saḿgraha Part 1	Shrii Shrii Ánandamúrti | 1955年7月6日Áśárhii滿月日於Bhagalpur大法會 | 18 虔誠的本質 | 虔誠瑜伽的真諦，P.224	214	61
pair_0706_1955_252_240613_Áśárhii滿月日	0706_1955_252_240613_Áśárhii滿月日.txt	Wise people take every object of the world as the expression of Viśńu alone, and are not affected by pain or pleasure when they witness changes in the name and form of any particular object. Viśńu to them remains Viśńu, and they lose nothing.	一個有智慧的人視此世界的每一事物皆是那唯一無所不在的至上意識(Viśńus)的顯現，所以當他們見到任何事物在名、相上的改變也不會感到痛苦或快樂。無所不在的至上意識對他們而言，仍是無所不在的至上意識，他們並沒有失去任何東西。		Shrii Shrii Ánandamúti | Áśárhii Púrńimá 1955 DMC, Bhagalpur | 19 Bhakti Yoga | Yoga Sádhaná	Shrii Shrii Ánandamúti | 1955年7月6日Áśárhii滿月日於Bhagalpur大法會 | 17 虔誠瑜伽 | 瑜伽修持科學觀，P.252	248	111
pair_0706_1955_265_241105_Áśárhii	0706_1955_265_241105_Áśárhii.txt	The highest attainment of bhakti is the attainment of the Supreme, but in the mind-stuff of the devotees of vaedhii bhakti a desire for the pleasures derived from objects is greater than the desire for supreme bliss. Just as a mother diverts a crying child by offering a toy, so too the devotees of vaedhii bhakti are as if deluded by toys. The mother is obliged to disengage herself from other jobs and embrace the child who discards the toy. The devotees of kevalá bhakti are shrewd like those children.	虔誠的最高成就，就是達到至上意識，但是拘泥外在形式之虔誠者的心靈中，對來自物質上逸樂的渴望比對至上喜悅的渴望還要強烈。就好比母親拿玩具來哄哭泣的小孩，此種的虔誠者有如為玩具所哄騙的小孩。如果小孩將玩具扔掉，則母親就不得不放下工作，親自把孩子抱在懷裡。絕對虔誠之虔誠者就像這些被抱入懷中的孩子一樣。		Shrii Shrii Ánandamúrti | Áśárhii Púrńimá 1955 DMC, Bhagalpur | 19 Bhakti Yoga | Yoga Sádhaná	Shrii Shrii Ánandamúrti | 1955年7月6日Áśárhii滿月日於Bhagalpur大法會 | 17 虔誠瑜伽 | 瑜伽修持科學觀，P.265	506	148
pair_0706_1955_269_241112_Áśárhii	0706_1955_269_241112_Áśárhii.txt	True devotees love the world, the society and everything around them because they perceive each and every manifestation of the artful Prakrti with one universal spirit. They also love the finite, since it is also a portion of the universal. They perceive worldly pleasures as divine bliss varied by time, place and person. They keep their mind-stuff absorbed in the eternal currents of the divine flow. Such devoted aspirants are the only true enjoyers, or rasika, and their object of enjoyment is the Supreme Brahma.	真正的虔誠者愛這個世界、這個社會及周遭的一切，因為他們體會到在宇宙力量所有巧妙的顯現裡，都充滿了宇宙一體的精神。他們也愛有限的事物，因為它們也是大宇宙的一部分。他們感受世俗的快樂如同受時、空、人物變化下的神性喜悅。他們將其心靈融匯在永恆的神性波流中，此種虔誠的修行者才是真正的享受者，他們享受的目標即是至上意識。		Shrii Shrii Ánandamúrti | Áśárhii Púrńimá 1955 DMC, Bhagalpur | 19 Bhakti Yoga | Yoga Sádhaná	Shrii Shrii Ánandamúrti | 1955年7月6日Áśárhii滿月日於Bhagalpur大法會 | 17 虔誠瑜伽 | 瑜伽修持科學觀，P.269	517	156
pair_0706_1956_042_240206_Áśáŕhii	0706_1956_042_240206_Áśáŕhii.txt	We cannot consider Shiva or Cosmic Consciousness as being the resultant attribute of energy (Shakti); for although this great Shiva is difficult to discern in matter, where He is lying dormant, when He awakens with all His prowess, all His spatial, temporal and personal bondages of energy (Shakti) are broken and absorbed in that Consciousness.	我們不能將至上意識視為能量的集合，當偉大的意識沈睡時，我們很難在物質裡察覺到；一旦甦醒之後，祂便以非凡的神奇力量擺脫時空的限制、去除所有力量的束縛，並且與至上意識合而為一。		Áśáŕhii Púrńimá 1956 DMC, Muzaffarpur | Matter and Spirit, Subháśita Saḿgraha Part 4	1956年7月6日Áśáŕhii滿月日於Muzaffarpur大法會 | 物質與靈性，靈性科學集成卷4，P.42	345	86
pair_0706_1956_062_260320	0706_1956_062_260320.txt	If there was no witness-ship of the Supreme Spirit then Time, Nature, Destiny, Will, [[Accident]], the world, or any of the activities of Prakrti that we can think of could not have existed at all, and so the cycle of action and reaction could not have evolved. It is on account of the witness-ship of the collective consciousness that the collective mind, as the action-performing agent, allots to the microcosm pleasure or pain as the reaction to past actions (bhogapavarga). Requittals of actions of any variety are perceived by the mind alone, not by the body, for the subtle waves of action and reaction cannot be received by the body, but only by the mind, and because of this capability the mind has the capacity of comprehension and cognition, which the body has not.	如果沒有至上靈魂的見證，那麼所有我們想得到的時間、自然、命運、意圖、事故、災禍、世界，或是任何造化勢能的行為，都將無法存在，也不會產生作用和反作用的循環作用。宇宙意識見證所有一切，祂就像是一個表演活動的經紀人，祂根據過去行為(bhogapavarga)的反作用力，將歡樂與痛苦分配給個體。各式各樣行動的果報都是由心靈而不是身體所感知的，因為作用力與反作用力的精細波流無法被身體所接收，他們只能經由心靈感知，也正因為如此，心靈方才具有理解及認知的能力，這些都是身體所不具備的能力。	Se non esistesse la funzione di testimonianza dello Spirito Supremo, allora non potrebbero esistere né il Tempo, né la Natura, né il Destino, né la Volontà, né il Caso, né il mondo stesso, né alcuna delle attività della Prakrti che possiamo concepire. Di conseguenza, nemmeno il ciclo di azione e reazione avrebbe potuto svilupparsi. È proprio grazie a questa funzione di testimonianza della Coscienza collettiva che la mente collettiva – in quanto agente che compie le azioni – distribuisce al microcosmo le conseguenze delle azioni sotto forma di piacere o dolore. Queste esperienze di piacere e dolore vengono percepite dalla mente, non dal corpo; ed è per questo che la mente possiede la capacità di comprendere e conoscere, mentre il corpo, da solo, non ne è capace.	Shrii Shrii Ánandamúrti | Áśáŕhii Púrńimá 1956 DMC, Muzaffarpur | 02 Matter and Spirit | Subháśita Saḿgraha Part 4	Shrii Shrii Ánandamúrti | 1956年7月6日Áśáŕhii 滿月日於Muzaffarpur大法會 | 02 物質與靈性 | 靈性科學集成 卷4，P.62	775	239
pair_0706_1956_082_250312	0706_1956_082_250312.txt	In spite of Supreme Brahma being the Supreme Director of all minds and the superlatively brilliant reflector on all menʼs plates, if your mental plate is faulty and if due to this His expression is not beautifully manifest in your heart... it will remain as pure as ever. It is the father of all eyes; to it all objects will remain the same.	儘管至上意識是所有心靈的至上指導者，是所有人類心靈板最至高無上、最燦爛光明的反射者，如果你的心靈板有缺陷，且由於你的心理缺陷而導致祂無法在你心中完美呈現……它始終都是那麼的純淨。它是所有眼睛之父，對它而言，萬事萬物始終如一。		Shrii Shrii Ánandamúrti | Áśáŕhii Púrńimá 1956 DMC, Muzaffarpur | 02 Matter and Spirit | Subháśita Saḿgraha Part 4	Shrii Shrii Ánandamúrti | 1956年7月6日Áśáŕhii 滿月日於Muzaffarpur大法會 | 02 物質與靈性 | 靈性科學集成 卷4，P.82, 83	341	112
pair_0706_1956_085_240817_Áśáŕhii滿月日	0706_1956_085_240817_Áśáŕhii滿月日.txt	The knowers of Brahma say that He remains with the unit entities, just as the shadow remains with the sunʼs ray. One who is carefully introspective by dint of sádhaná (intuitional practice) certainly attains Him, and attaining that eternal sea of bliss, enjoys everlasting happiness. Eating a rossogolla, a delicious sweet, you become happy; but no matter how great a stock of rossogollas you have, some day it will be exhausted, wonʼt it? To attain lasting happiness from rossogollas, you need an unlimited number of them, but this is not possible, for nothing in this evolved world is limitless. Only He is unlimited, so it is only by attaining Him that unlimited happiness can be attained.	至上的知曉者說，祂永遠與個體同在，就像影子必然跟隨著陽光一樣。一個透過靈修的力量不斷自我反省的人必然能夠了悟祂，也必然能夠到達喜悅之海，享受永恆的喜悅。當你嚐著可口的甜點「拉薩勾拉」(rossogolla)，你覺得很快樂；但無論你擁有多少「拉薩勾拉」，總有吃完的一天，不是嗎？想要從甜點身上獲得源源不絕的快樂，你必須擁有無限多的甜點，但這是不可能的，因為這個世界上的每一樣東西都是有限的。只有祂是無限的，因此唯有了悟祂，才能達到永恆的喜悅。		Shrii Shrii Ánandamúrti | Áśáŕhii Púrńimá 1956 DMC, Muzaffarpur | 02 Matter and Spirit | Subháśita Saḿgraha Part 4	Shrii Shrii Ánandamúrti | 1956年7月6日Áśáŕhii滿月日於Muzaffarpur大法會 | 02 物質與靈性 | 靈性科學集成卷4，P.85	694	220
pair_0706_1956_340_241230	0706_1956_340_241230.txt	In order to convey the call of the Great to oneʼs heart, oneʼs every physical and mental expression has to be directed slowly and gradually with all oneʼs sweetness and devotion, to oneʼs inner being. According to the extent of this introversion people will realize more and more deeply the vastness of their goal as compared to transitory nature of physical entities.	為了將至上的召喚傳到吾人心中，人們必須以無比的甜美及虔誠，將每個身、心的表現慢慢地、逐漸地引導至內在的生命。根據此內向性的程度，人們對其生命無限的目標，相較於身體的短暫性存在，將有更深入的瞭解。		Shrii Shrii Ánandamúrti | Áśáŕhii Púrńimá 1956 DMC, Muzaffarpur | 02 Matter and Spirit, Subháśita Saḿgraha Part 4	Shrii Shrii Ánandamúrti | 1956年7月6日Áśáŕhii 滿月日於Muzaffarpur大法會 | 09 奮戰以成就理想的生命，生命的奧秘‧脈輪科學觀，P.340	368	97
pair_0706_1958_071_241026	0706_1958_071_241026.txt	In the attraction of the Great lies the secret of greater well-being. You will have to rush towards the fundamental Source of the entire creation. You will have to merge your individual stance in the Absolute Stance of the Supreme Transcendental Entity. You will have to advance at a speed greater than that of ordinary microcosms in the Cosmic Cycle.	在至上的吸引中存在著更大福祉的秘密。你必須奔向所有創造之本源，你必須將自身融入於至上本體的絕對之境，你必須比宇宙循環圈中之其他小宇宙個體，以更快的速度前進。		Shrii Shrii Ánandamúrti | Áśáŕhii Púrńimá 1958 DMC, Gorakhpur | 04 Struggle and Progress | Subháśita Saḿgraha Part 7	Shrii Shrii Ánandamúrti | 1958年7月6日Áśáŕhii滿月日於Gorakhpur大法會 | 04 奮鬥與進步 | 靈性科學集成 卷7，P.71	351	78
pair_0706_1958_073_260622	0706_1958_073_260622.txt	All entities must advance along the path of progress. This evolution will lead to the expansion of the psychic arena and, ultimately, liberation. This struggle for liberation is the struggle against those forces which attempt to thwart oneʼs psychic expansion. These are oneʼs enemies. Through meditation and contemplation one must surrender oneself at the altar of the Almighty, merging oneʼs finite identity into the Infinite. Only by surrendering oneʼs mind to the vast Macrocosm and becoming one with the Supreme Consciousness can one attain final salvation. The struggle for salvation is the struggle against those forces which strive to prevent oneʼs total self surrender to the Supreme. Never retreat. Keep advancing, and you will certainly attain the highest fulfilment of your existence.	所有的實體皆須循進步之道前進，此進化將導致心智領域的擴展，最後達到解脫。為解脫所作的奮鬥是與妨礙心智擴展之阻力對抗，這些阻力是敵人。一個人必須透過深沉的靜坐，將自身誠服於至上的聖壇前，必須將有限的個體融入於無限的本體中。唯有將個體心靈向浩瀚的大宇宙誠服，並且與至上意識合而為一，方能達到最後的解脫境界。為達究竟解脫之奮戰就是對抗那些阻止你向至上誠服的力量。 千萬別退縮！繼續前行，你必將達到存在最高圓滿的境界！	Tutte le entità devono avanzare lungo il sentiero del progresso. Questa evoluzione porterà all'espansione della sfera psichica e, infine, alla liberazione. Questa lotta per la liberazione è la lotta contro quelle forze che cercano di ostacolare l'espansione della propria mente. Queste sono i veri nemici. Attraverso la meditazione e la contemplazione, si deve offrire sè stessi sull'altare dell'Onnipotente, fondendo la propria identità finita nell'Infinito. Solo consegnando la propria mente al vasto Macrocosmo e diventando una cosa sola con la Coscienza Suprema si può raggiungere la salvezza finale. La lotta per la salvezza è la lotta contro quelle forze che cercano di impedire il totale abbandono di sé al Supremo. Non ritiratevi mai. Continuate ad avanzare e certamente raggiungerete il più alto compimento della vostra esistenza.	Shrii Shrii Ánandamúrti | Áśáŕhii Púrńimá 1958 DMC, Gorakhpur | 04 Struggle and Progress | Subháśita Saḿgraha Part 7	Shrii Shrii Ánandamúrt | 1958年7月6日Áśáŕhii滿月日於Gorakhpur大法會 | 04 奮鬥與進步 | 靈性科學集成 卷7，P.73	796	205
pair_0706_1959_000_250715	0706_1959_000_250715.txt	When one accepts something as absolute after due logical deliberation one develops shraddhá (veneration) in the mind. One who has no respect for the goal can never attain success. Shrat satyam tasmin dhiiyate iti shraddhá. “Shraddhá is the pursuit of Supreme Truth.” The expansion of citta is also called shraddhá. One should have immense, respect for that object which causes the citta to expand. Samádhi is the state of maximum expansion of citta, and thus shraddhá is the first stage in the attainment of samádhi.	當一個人經過理性思考後，接受某對象為絕對唯一的存在時，他即在心中發展了一種虔敬(shraddhá)的情感。一個對目標不懷敬意的人是不可能成功的。「Shrat satyam tasmin dhiiyate iti shraddhá.」意即：「虔敬就是對至上真理的追求。」一個人應該對能讓心靈質擴展的目標懷有無與倫比的尊敬。三摩地是心靈質擴展的極致境界，因此這種無與倫比的虔敬(shraddhá)就是達到三摩地境界的第一個階段。		Shrii Shrii Ánandamúrti | Ásáŕhii Púrńimá 1959 DMC, Hazipur, Bihar | 05 Psychic Assimilation in Psycho-Spiritual Practice | Subháśita Saḿgraha Part 8	Shrii Shrii Ánandamúrti | 1959年7月6日Ásáŕhii滿月日於Hazipur, Bihar大法會 | 05 心智導向靈性修持之心智同化作用 | 靈性科學集成 卷8	523	212
pair_0706_1959_092_260205	0706_1959_092_260205.txt	A spiritual aspirant who wants to attain samádhi needs to develop vaerágya (spirit of renunciation) and abhyása (continued practice). Remember, samádhi is neither pravrtti múlaka nor nivrtti múlaka. Vaerágya is the absence of attachment, not repulsion. In order to deal with objects properly one should never become subservient to them, but should ascribe Brahmahood to them by cultivating the repeated practice of cosmic ideation or Brahma Bhávana. What is abhyása? Tatra sthitao yatnoʼbhyásah. Abhyása is the creation of a particular continuous psychic vibration. It is the most essential factor in the spiritual sphere. The continuous endeavour to maintain the state of equilibrium of citta leads to the attainment of samádhi. When one is attracted by an object one runs after it, and when one feels repulsion for an object, one runs away from it. A person who is fond of wine often thinks of wine, whereas a person who detests wine prevents his or her mind from thinking about wine. Unless attraction and repulsion are both transcended, the mind can never attain a state of equilibrium or samádhi. Mental equilibrium only becomes possible when one makes a constant endeavour to attain psychic balance.	一個想達到三摩地的靈性修持者必須發展的是不執著(vaerágya)的精神以及有恆的鍛鍊(abhyása)。謹記於心：三摩地既非外在導向行為(pavrtti múlaka)亦非內在導向行為(nivrtti múlaka)。不執著(Vaerágya)不是憎惡排斥。為了正確的對待萬事萬物，一個人不應受役於它們，而應精進不懈地從事視宇宙萬有皆是至上意識所化現(Brahma Bhávana)的修持鍛鍊。 什麼是努力有恆的鍛鍊(abhyása)?Tatra sthitao yatno’bhyásah，意即持續創造某一特定的心智波流。在靈性的領域中這是最重要的因素。持續努力讓心靈質維持在平衡的狀態，能夠引導一個人達到三摩地的境界。人受某物吸引則追逐之，當對某物厭惡時則遠離之。好酒之人心念不忘酒，然而討厭酒的人就會阻止心靈想到酒。除非超越喜歡和厭惡，否則心靈永遠不會達到平衡或三摩地之境。一個人只有不斷努力讓心智取得平衡，才能達到心靈的平靜。	Un aspirante spirituale che desidera raggiungere il samādhi deve sviluppare vairāgya (spirito di rinuncia) e abhyāsa (pratica costante). Ricordate che il samādhi non è né pravṛtti-mūlaka né nivṛtti-mūlaka. Vairāgya è assenza di attaccamento, non repulsione. Per rapportarsi correttamente agli oggetti, non si dovrebbe mai diventare loro subordinati; al contrario, si dovrebbe attribuire loro la natura di Brahma coltivando la pratica ripetuta dell’ideazione cosmica, o Brahma Bhāvanā. Che cos’è abhyāsa? Tatra sthitau yatno’bhyāsaḥ. Abhyāsa è la creazione di una particolare vibrazione psichica continua. È il fattore più essenziale nella sfera spirituale. Lo sforzo continuo di mantenere lo stato di equilibrio della citta conduce al raggiungimento del samādhi. Quando una persona è attratta da un oggetto, corre verso di esso; quando prova repulsione per un oggetto, se ne allontana. Una persona che ama il vino pensa spesso al vino, mentre una persona che lo detesta impedisce alla propria mente di pensare al vino. Finché attrazione e repulsione non vengono entrambe trascese, la mente non può mai raggiungere uno stato di equilibrio o di samādhi. L’equilibrio mentale diventa possibile soltanto quando si compie uno sforzo costante per conseguire l’equilibrio psichico.	Shrii Shrii Ánandamúrti | Ásáŕhii Púrńimá 1959 DMC, Hazipur, Bihar | 05 Psychic Assimilation in Psycho-Spiritual Practice | Subháśita Saḿgraha Part 8	Shrii Shrii Ánandamúrti | 1959年7月6日Ásáŕhii滿月日於Hazipur, Bihar大法會 | 05 心智導向靈性修持之心智同化作用 | 靈性科學集成 卷8，P.92~93	1218	418
pair_0706_1959_213_250721	0706_1959_213_250721.txt	A spiritual aspirant who wants to attain samádhi needs to develop vaerágya [the spirit of renunciation] and abhyása [continued practice]. Remember, samádhi is neither pravrttimúlaka nor nivrttimúlaka. Vaerágya is the absence of attachment, not repulsion. In order to deal with objects properly one should never become subservient to them, but should ascribe Brahma-hood to them by cultivating the repeated practice of Cosmic ideation or Brahma bhávana. What is abhyása? Tatra sthitao yatnóbhyásah. Abhyása is the creation of a particular continuous psychic vibration. It is the most essential factor in the spiritual sphere. The continuous endeavour to maintain the state of equilibrium of the citta leads to the attainment of samádhi.	一個想達到三摩地的靈性修持者，必須發展的是不執著(vaerágya)的精神以及有恆的鍛鍊(abhyása)。謹記於心：三摩地既非外在導向行為(pavrtti múlaka)亦非內在導向行為(nivrtti múlaka)。不執著(Vaerágya)不是憎惡排斥。為了正確的對待萬事萬物，一個人不應受役於它們，而應精進不懈地從事視宇宙萬有皆是至上意識所化現(Brahma Bhávana)的修持鍛鍊。 什麼是努力有恆的鍛鍊(abhyása)?Tatra sthitao yatnóbhyásah，意即持續製造某一特定的心智波流。在靈性的領域中這是最重要的因素。持續努力讓心靈質維持在平衡的狀態，能夠引導一個人達到三摩地的境界。		Shrii Shrii Ánandamúrti | Ásáŕhii Púrńimá 1959 DMC, Hazipur, Bihar | 18 Savikalpa Samádhi, Nirvikalpa Samádhi and the Supreme Attainment of Salvation | Yoga Sádhaná	Shrii Shrii Ánandamúrti | 1959年7月6日Ásáŕhii滿月日於Hazipur, Bihar大法會 | 16 有餘依、無餘依三摩地和究竟解脫 | 瑜伽修持科學觀，P.213	747	312
pair_0706_1959_222_251020	0706_1959_222_251020.txt	What is omniscience? The knowledge regarding the past, present and future is called omniscience. The seed of omniscience lies in every human being, but the degree of its expression varies from person to person. In some the seed is ripe, in others it is unripe. Samprajiṋáta samádhi causes the seed to ripen. In permanent savikalpa the seed assumes vast proportions. In that state oneʼs object no longer remains within the limited periphery of the unit mind, but becomes as vast as the Macrocosm. Oneʼs potentiality becomes immeasurable. By virtue of sádhaná the ungerminated seed ripens and assumes unlimited proportions. Thus elevated sádhakas do not need to acquire knowledge from external sources. The bliss of knowledge spontaneously manifests itself in them due to Macrocosmic grace. Tatra nirátishayaḿ sarvajiṋátva biijaḿ. “The seed of omniscience is manifested in them.”	什麼是全知？了知過去、現在、未來一切者謂之「全知」。全知的種子含藏在每一個人的內在，只是它表達的程度因人而異。某些人的種子已成熟，而某些人的尚未成熟。有餘依三摩地讓種子成熟，永恆的有餘依境界，種子變得極為巨大，此時一個人的目標不再存在於有限的個體心靈中，而是變得像大宇宙心靈般廣闊。一個人的潛能變得無窮，藉由靈性修持使得其未萌芽的種子成熟，並變得無限大。因此，一個心靈提升的靈修者不須要從外在來源獲得知識，由於大宇宙心靈的恩典，了悟的喜悅自動地於內在顯現出來。Tatra nirátishayaḿ sarvajiṋátva biijaḿ──全知的種子於其內在展現出來。		Shrii Shrii Ánandamúrti | Ásáŕhii Púrńimá 1959 DMC, Hazipur, Bihar | 05 Psychic Assimilation in Psycho-Spiritual Practice | Subháśita Saḿgraha Part 8	Shrii Shrii Ánandamúrti | 1959年7月6日Ásáŕhii滿月日於Hazipur, Bihar大法會 | 37 心智導向靈性修持之心智同化作用 | 靈性修持與三摩地，P.222	888	284
pair_0709_1979_058_240216	0709_1979_058_240216.txt	The practice of Ananda Marga has been formulated to enable spiritual aspirants to search for the Supreme within their minds. Thus you must seek, and if you seek you shall find.	阿南達瑪迦的鍛鍊就是讓修行者往內心深處去尋找至上意識。因此，你要向內尋求，只要你往內去找，必會發現。		9 July 1979 DMC, Ludhiana | The Secret of Dharma Lies Hidden in the Mind | Subháśita Saḿgraha Part 12	1979年7月9日於盧迪亞納大法會 | 法性之奧秘含藏於心靈 | 靈性科學集成卷12，P.58	176	50
pair_0709_1979_062_231215	0709_1979_062_231215.txt	In the spiritual world, the most important thing is sharańágati - taking shelter in the Supreme Entity. How can you deal with an Entity who knows all about you? What you can only do is to totally surrender to Him.	在靈性的世界裏，最重要的是「要以至上意識為庇護」(sharańágati)。你如何與一個了知你一切的實體相處呢？你能做的只有全然的臣服。		9 July 1979 DMC, Ludhiana | The Secret of Dharma Lies Hidden in the Mind,  | Subháśita Saḿgraha Part 12	1979年7月9日於盧迪亞納大法會 | 法性之奧秘含藏於心靈，靈性科學集成卷12，P.62	215	68
pair_0709_1979_064_240126	0709_1979_064_240126.txt	The Supreme Consciousness has given human beings eyes in front so that they can look ahead, not behind. You need not waste your time unnecessarily worrying about your past mistakes: you must move ahead, and while moving forward, you will have to come within His shelter. This sharańágati or taking shelter in Him, is the most important aspect of dharma.	至上意識將人的眼睛置於前面，就是要人們向前看。你不要浪費時間為過去的罪業憂心忡忡，你必須向前看，必須來到祂的庇護下。這種「以至上意識為庇護」(sharańágati)才是法性最重要的面向。		9 July 1979 DMC, Ludhiana | The Secret of Dharma Lies Hidden in the Mind, Subháśita Saḿgraha Part 12	1979年7月9日於盧迪亞納大法會 | 法性之奧秘含藏於心靈，靈性科學集成卷12，P.64	355	94
pair_0709_1979_167_240823	0709_1979_167_240823.txt	What is your relationship to Parama Puruśa? Whatever thoughts may come to your mind, take His name and cry. Parama Puruśa understands what you need and will make provisions accordingly. Human intelligence is very limited, so very inadequate. What is the point of misusing your intelligence? Surrender (sharańágati) is the most ideal way.	你和至上意識的關係是什麼？不管什麼樣的念頭來到你的心中，你儘管持念祂的名並向祂泣訴。至上意識知道你的需要，祂會為你安排一切。人類的聰明才智不足，極為有限，又為什麼要誤用智力呢？所以最好的方法就是臣服。		Shrii Shrii Ánandamúrti | 9 July 1979, Ludhiana | 16 Human Ability and Surrender | Ánanda Vacanámrtam Part 13	Shrii Shrii Ánandamúrti | 1979年7月9日於Ludhiana | 16 人類的能力與臣服 | 喜悅甘露集 卷12，P.167	341	100
pair_0712_1979_071_260614	0712_1979_071_260614.txt	Out of this Macrocosmic ectoplasm, the infinite takes its expression, and out of this Macrocosmic expression which is called citta – the micropsychic structures have emerged. Puruśa is the hub or the nucleus of the ultimate cause of creation, and thus he controls the Macrocosmic ectoplasmic scope. Although Puruśa Himself does not do all the phenomenal activities in the physical world, he gets them all performed by Prakrti. Because He is located in the Macrocosmic Nucleus, he is radiating all the vibrations directly.	無限就從此大宇宙心靈之中取得表達，心靈質就是從大宇宙心靈的表達中演化而來，個體小宇宙的結構於焉出現。宇宙意識是創造終極肇因的核心，因此，大宇宙心靈全部的領域皆為祂所控制。 雖然宇宙意識本身並未在此物質世界直接從事任何活動，但祂讓至上運作法則完成所有的事。祂位於大宇宙心靈的核心，直接放射出所有波動。	Da questo ectoplasma cosmico l’Infinito trova la propria espressione; e da questa espressione macrocosmica, chiamata citta, sono emerse tutte le strutture psichiche individuali. Puruṣa è il perno, il nucleo della causa ultima della creazione e, proprio per questo, governa l’intero ambito dell’ectoplasma cosmico. Sebbene Puruṣa non compia direttamente tutte le attività fenomeniche del mondo fisico, Egli le fa realizzare da Prakṛti. Poiché risiede nel Nucleo Cosmico, irradia direttamente tutte le vibrazioni.	Shrii Shrii Ánandamúrti | 12 July 1979 DMC, Jaipur | 07 Puruśa | Subháśita Saḿgraha Part 12	Shrii Shrii Ánandamúrti | 1979年7月12日於Jaipur大法會 | 07 宇宙意識 | 靈性科學集成 卷12，P.71	523	149
pair_0712_1979_076_240201	0712_1979_076_240201.txt	All objects and actions emanate vibrations, which are perceived by the human mind, which then forms an idea about those objects or actions. The difference between the Macrocosm and the microcosms is that the microcosms are under spatial bondage, whereas the Macrocosm is free from all bondages. Thus it is quite justifiable to use the epithet sahasrapát (“thousand-footed”) to describe Parama Puruśa.	所有的物體和行動都散發出波動，這些波動皆為心靈所感知，而形成對這些物體和行動的觀念。大宇宙心靈和個體小宇宙的差別，就在於個體小宇宙受空間的束縛，而大宇宙心靈不受這些束縛。因此，描述至上意識為擁有無數隻腳是非常有道理的。		12 July 1979 DMC, Jaipur | Puruśa, Subháśita Saḿgraha Part 12	1979年7月12日於齋義埔大法會 | 宇宙意識，靈性科學集成卷12，P.76	402	109
pair_0715_1979_005_250323	0715_1979_005_250323.txt	For the proper interpretation of yoga, two fundamental entities are necessary – the bhakta and Bhagaván. A yogi can never remain without his Lord. All the propensities, psychic propensities, of a yogi must not be suspended; rather all his propensities must be goaded unto the Lord. So here there is no question of suspension, but the question of proper diversion.	為了闡明「瑜伽」真正的含義，必須要有兩個基本實體──一個是虔誠者，一個是上主薄伽梵。瑜伽行者不能沒有其上主而存在，瑜伽行者並不需停止他的心靈習性，而應將他的心靈習性導向上主，所以在此是否停止心靈習性也就不會是問題了，問題在於是否有正確的導向。		Shrii Shrii Ánandamúrti | 15 July 1979 DMC, Ernakulam | 01 The Spirit of Yoga | Yoga Sádhaná	Shrii Shrii Ánandamúrti | 1979年7月15日於Ernakulam大法會 | 01 瑜伽的精神 | 瑜伽修持科學觀，P.5	365	121
pair_0715_1979_007_250714	0715_1979_007_250714.txt	When due to yoga this finite aspirant comes in contact with that infinite Iśt́a, he acquires infinite strength, he acquires infinite psycho-spiritual stamina, he becomes victorious in all the arenas of his existence.	在從事瑜伽的鍛鍊時，此有限的實體與無限的生命理念目標接觸後，就會獲得無限的力量，就會在他的心理趨向靈性的層面獲得無限的動力，因而造就他在生命存在的領域中得到勝利。		Shrii Shrii Ánandamúrti | 15 July 1979 DMC, Ernakulam | 01 The Spirit of Yoga | Yoga Sádhaná	Shrii Shrii Ánandamúrti | 1979年7月15日於Ernakulam大法會 | 01 瑜伽的精神 | 瑜伽修持科學觀，P.7	217	81
pair_0715_1979_084_260207	0715_1979_084_260207.txt	It is said that because of this Cosmic flow of love and compassion for the entire creation, Parama Puruśa is rasa personified, that is, “flow personified”. The eternal flow personified is rasa. Rasah vae sah –– “He is flow personified.” And thatʼs why we say that His movement of love and compassion for all created beings is the rasasyamúlam, the rasaságara, and every living entity, every animate and inanimate entity, is dancing according to the flow of that rasa, according to the vibrational expression of that rasa. And it is the rásaliilá of Bhagaván.	有言道，由於整個宇宙是充滿愛和慈悲的波流，所以至上意識又稱為波流化身，祂就是永恆波流的化身(Rasah Vae Sah)。這也就是為什麼說祂為眾生所創造的這齣愛和慈悲的戲碼是一齣永恆波流的宇宙大戲(Rasaságara)。每一個有生命、無生命個體，每一個眾生都依照該波流而舞動著，這就是至上意識的波流遊戲。		Shrii Shrii Ánandamúrti | 15 July 1979 DMC, Ernakulam | 08 The Spirit of Yoga | Subháśita Saḿgraha Part 12	Shrii Shrii Ánandamúrti | 1979年7月15日於Ernakulam大法會 | 08 瑜伽的精神 | 靈性科學集成 卷12，P.84	564	153
pair_0715_1979_086_250410	0715_1979_086_250410.txt	What is dharma? Dhriyate dharma ityáhuh sa eva paramaḿprabhuh – The wont, the controlling qualifications or attributions that an entity must possess, are dharma. Dharma controls all the expressions of human life; that which controls all the expressions of life, all the expressions of entitative waves, is dharma. And for the proper movement of entitative flows, the proper movement of entitative expressions, there must be a parallelism with incantative expression. The existential movement must get its stamina from the incantative existence. And there cannot be any incantative stamina or incantative vitality if there is no object, no intra-psychic goal, that is, if there is no Iśt́a.	法性是什麼？一個實體所必須具備的至上控制特質就是法性(Dhriyate dharma ityáhuh sa eva paramaḿprabhuh)。法性控制了人類生命所有的展現，它控制了個體波流的所有表達。個體的波流或個體的表達若欲適當的前進必須與梵咒作用的波流平行一致。個體存在的行動必須從梵咒的存在中獲得能量，如果心中沒有目標，沒有內在的目標，也就是缺乏生命理念的目標(Iśt́a)，就不會有梵咒作用的能量或梵咒作用的存在。		Shrii Shrii Ánandamúrti | 15 July 1979 DMC, Ernakulam | 08 The Spirit of Yoga | Subháśita Saḿgraha Part 12	Shrii Shrii Ánandamúrti | 1979年7月15日於Ernakulam大法會 | 08 瑜伽的精神 | 靈性科學集成 卷12，P.86	692	214
pair_0715_1979_087_250829	0715_1979_087_250829.txt	When due to yoga this finite aspirant comes in contact with that infinite Iśt́a, he acquires infinite strength, he acquires infinite psycho-spiritual stamina, he becomes victorious in all the arenas of his existence. So wise people, yogis, should realize clearly and definitely that their entitative existence along with the incantative flow, is to move forward towards the Supreme goal, which is their Iśt́a. And the yogi should know the Iśt́a; the yogi should use a singular name for the Iśt́a and not two names or three names. Wherever the Iśt́a is in singularity in name and form and idea and ideation, and also in ideology, success is sure, success is fully assured.	如果你鍛鍊瑜伽，那麼你那有限的生命將得以接觸到無限的理念目標而臻至無限，你將獲得無限的靈性能量，而在各領域的存在中獲得勝利。所以，明智者，真正的瑜伽行者應清楚、明白地了悟到他們個體的存在，伴隨著理念目標所賦予的個體力量，都將朝著至上目標而前進。真正的瑜伽修持者唯一應知道的就是他的理念目標，而不是其他東西。當你的理念目標是你唯一呼喚的名字、是唯一的形象和概念，是你理念作用和心中持念唯一的實體時，成功就是必然的，保證可以獲得成功。		Shrii Shrii Ánandamúrti | 15 July 1979 DMC, Ernakulam | 08 The Spirit of Yoga | Subháśita Saḿgraha Part 12	Shrii Shrii Ánandamúrti | 1979年7月15日於Ernakulam大法會 | 08 瑜伽的精神 | 靈性科學集成 卷12，P.87	676	215
pair_0715_1979_089_241017	0715_1979_089_241017.txt	You are spiritual aspirants, hence you are yogis, and you should know that the only interpretation of yoga is Saḿyogo yoga ityukto jiivátma-Paramátmanah. All other explanations are baseless. And you should also remember that your movement towards your Iśt́a is your yogic practice, and your unification with your Iśt́a is your yogic goal, is the final desideratum of all the flows of all your psychic propensities. The question of suspension of psychic propensities does not arise.	你們都是靈性的修持者，都是瑜伽的行者，你們都應該知道瑜伽唯一的解釋就是「個體意識與至上意識的合一」，所有其他的解釋都沒有根據，而且你們要記住，你們的行動是朝向你們生命理念的目標，你唯一要做的就是精進鍛鍊，與你們的理念目標合一是你唯一的目標，這是所有心靈情緒傾向波流最後的目標。不會有心靈情緒傾向作用停止的問題出現。		Shrii Shrii Ánandamúrti | 15 July 1979 DMC, Ernakulam | 08 The Spirit of Yoga | Subháśita Saḿgraha Part 12	Shrii Shrii Ánandamúrti | 1979年7月15日於Ernakulam大法會 | 08 瑜伽的精神 | 靈性科學集成 卷12，P.89	486	157
pair_0718_1967_122_231223	0718_1967_122_231223.txt	The Singular Entity has manifested Himself in the form of the ten directions. He has been born in the past as the offspring of different living beings, and will continue to be so born in the future. He inheres in every object and is the witnessing counterpart of those objects.	唯一的至上本體在六方四隅展現祂自己。過去祂以眾生之子孫誕生，未來也會繼續如此。祂隱身於每一個體之中，祂是這些個體相對應的目證本體。		18 July 1967 DMC, Delhi | Niiti and Dharma, |  Subháśita Saḿgraha Part 21	1967年7月18日於德里大法會 | 靈性科學集成卷14，P.122	277	65
pair_0718_1967_125_251203	0718_1967_125_251203.txt	If He wishes you to attain Him, you can get Him here and now. What He sees is your aspiration for Him. Remember that at every step of your life He is testing you to see whether or not you have been able to arouse love for Him in your mind. He is testing you as to whether you want Him or want worldly objects.	如果祂想讓你了悟祂，你當下就能得到祂。祂看重的是你對祂的渴望。你要記住，祂會在生命的每一步都試探你，看看你心中是否已喚起對祂的愛。祂會考驗你，看你要的是祂還是世俗的物質。	Se Parama Puruṣa desidera che tu Lo realizzi, può accadere qui e ora. Ciò che guarda è il tuo anelito verso di Lui. Ricorda: a ogni passo della tua vita, Egli verifica se nel tuo cuore è sorto l’amore per il Supremo, se desideri veramente Lui, oppure gli oggetti del mondo.	Shrii Shrii Ánandamúrti | 18 July 1967 DMC, Delhi | 04 Niiti and Dharma | Subháśita Saḿgraha Part 21	Shrii Shrii Ánandamúrti | 1967年7月18日於德里大法會 | 10 導向靈性進步的行為與法性 | 靈性科學集成 卷14，P.125	309	85
pair_0718_1967_153_240903	0718_1967_153_240903.txt	Either in the world or in the wilderness one will not necessarily be free. If Paramátman does not want you to know Him, then you will not be able to attain Him in either place; whereas if He wishes you to attain Him, you can get Him here and now. What He sees is your aspiration for Him. Remember that at every step of your life He is testing you to see whether or not you have been able to arouse love for Him in your mind. He is testing you as to whether you want Him or want worldly objects.	無論你是在世俗，還是在荒野，你都不見得沒有束縛。如果至上意識不想讓你了悟祂，無論你在哪裡，你都無法得到祂；反之，如果祂想讓你了悟祂，你當下就能得到祂。祂看重的是你對祂的渴望。你要記住，祂會在生命的每一步都試探你，看看你心中是否已喚起對祂的愛。祂會考驗你，看你要的是祂還是世俗的物質。		Shrii Shrii Ánandamúrti | 18 July 1967 DMC, Delhi | 24 Niiti and Dharma | Supreme Expression Volume 1 [a compilation]	Shrii Shrii Ánandamúrti | 1967年7月18日於德里大法會 | 19 道德與法性 | 完美生命的實踐，P.153~154	495	141
pair_0718_1976_112_250413	0718_1976_112_250413.txt	The real service is the service that you render to others for their spiritual upliftment, and that is known as viprocita sevá. But other services such as shúdrocita sevá [physical service], vaeshyocita sevá [economic service] and kśatriyocita sevá [martial service] help you in rendering viprocita sevá to others. When someone is dying of some ailment you cannot preach spiritual gospels to the person, rather you should help that person with medicines and physical services. Then when the person gets well you should teach something spiritual to him or her. Then the person will have been permanently benefited. Hence, Kuru puńyamahorátram.	真正的服務是你所提供的服務能讓他人的靈性獲得提升，此稱為viprocita sevá（知識型的服務）。但其他的服務，如勞力服務(shúdrocitasevá)、經濟上的服務(vaeshyocita sevá)和武力上的服務(kśatriyocitasevá)都是為了最後提供知識上的服務以提升他人的靈性。當有人快要病死時，你不能對他宣講靈性上的大道理，而應以醫藥等物質上的服務來幫助他，當他病好了，你才能告訴他一些靈性之事。這樣對這個人而言，才是永恆的受益。這就是「日夜行善」。		Shrii Shrii Ánandamúrti | 18 July 1967 DMC, Delhi | 04 Niiti and Dharma | Subháśita Saḿgraha Part 21	Shrii Shrii Ánandamúrti | 1967年7月18日於德里大法會 | 10 導向靈性進步的行為與法性 | 靈性科學集成 卷14，P.112	650	239
pair_0718_1979_096_240509	0718_1979_096_240509.txt	Wherever there is bondage of sentient, mutative or static principle, it cannot be non-attributional.	只要有悅性、變性或惰性任何一個法則的束縛，它都不可能是無屬性的。		Shrii Shrii Ánandamúti | 18th July 1979 DMC, Vishakhapatnam | Trio in Spiritual Progress | Subháśita Saḿgraha Part 12	Shrii Shrii Ánandamúti | 1979年7月18日於Vishakhapatnam大法會 | 靈性進步的三個方法 | 靈性科學集成卷12，P.96	100	32
pair_0718_1979_099_240313	0718_1979_099_240313.txt	The Supreme Entity always call anybody and everybody, “oh human beings, oh painstaking human beings, donʼt be afraid, donʼt be disheartened, I am for you, oh human beings, please come, you please come, I am for you.”	至上本體永遠呼喚著每一個人：「哦，人哪！受苦受難的人哪！不要害怕！不要沮喪！我為你們而來，哦！人哪！來吧！來到我的面前，我是為你們而來的！」		Shrii Shrii Ánandamúrti | 18th July 1979 DMC, Vishakhapatnam | 09 Trio in Spiritual Progress | Subháśita Saḿgraha Part 12	Shrii Shrii Ánandamúrti | 1979年7月18日於Vishakhapatnam大法會 | 09 靈性進步的三個方法 | 靈性科學集成卷12，P.99	216	70
pair_0718_1979_099_240326	0718_1979_099_240326.txt	Even those ordinary human beings who take shelter in Parama Puruśaʼs all-pervading kindness and compassion, are sure to attain the supreme excellence of spiritual grandeur; nobody has any reason to be disheartened. The Supreme Entity always call anybody and everybody, “oh human beings, oh painstaking human beings, donʼt be afraid, donʼt be disheartened, I am for you, oh human beings, please come, you please come, I am for you.”	即使是平凡之人，如果能以無比慈悲之至上意識為庇護，則必定可以達到卓越的靈性輝煌之境，所有人都不應感到沮喪。至上本體永遠呼喚著每一個人：「哦，人哪！受苦受難的人哪！不要害怕！不要沮喪！我為你們而來，哦，人哪！來吧！來到我的面前，我是為你們而來的！」		Shrii Shrii Ánandamúrti | 18th July 1979 DMC, Vishakhapatnam | 09 Trio in Spiritual Progress | Subháśita Saḿgraha Part 12	Shrii Shrii Ánandamúrti | 1979年7月18日於Vishakhapatnam大法會 | 09 靈性進步的三個方法 | 靈性科學集成卷12，P.99	432	123
pair_0718_1979_099_240411	0718_1979_099_240411.txt	This binding force, this dangerous binding force with her dexterous hand created the serpentine noose. It is very difficult for ordinary human beings to free themselves from this serpentine noose, but people must not be disheartened or discouraged I am here to help you. Why am I here? These binding forces, these degenerating agencies are under me; they have to obey me. So although you may be an ordinary human being, if you take shelter in me I am to help you. This insurmountable Máyá wonʼt remain insurmountable.	這束縛的力量，這危險的束縛力量，以其靈巧的手創造了各種如毒蛇般的圈套，一般人想要擺脫這些圈套是非常困難的，但你們千萬不要灰心喪志，因為有我在這裡幫助你們。為什麼我會在這裡呢？因為這些束縛力量、這些墮落的作用都是屬於我的，它們必須聽從我。所以，雖然你們是凡夫俗子，如果你們能以我為庇護，我一定會幫助你們的。這難以超越的宇宙力量將不再難以超越。		Shrii Shrii Ánandamúrti | 18th July 1979 DMC, Vishakhapatnam | 09 Trio in Spiritual Progress | Subháśita Saḿgraha Part 12	Shrii Shrii Ánandamúrti | 1979年7月18日於Vishakhapatnam大法會 | 09 靈性進步的三個方法 | 靈性科學集成卷12，P.99	519	170
pair_0718_1979_099_240604	0718_1979_099_240604.txt	Who take shelter in Parama Puruśaʼs all-pervading kindness and compassion, are sure to attain the supreme excellence of spiritual grandeur; nobody has any reason to be disheartened. The Supreme Entity always call anybody and everybody, “oh human beings, oh painstaking human beings, donʼt be afraid, donʼt be disheartened, I am for you, oh human beings, please come, you please come, I am for you.”	如果能以無比慈悲之至上意識為庇護，則必定可以達到卓越的靈性輝煌之境，所有人都不應感到沮喪。至上本體永遠呼喚著每一個人：「哦，人哪！受苦受難的人哪！不要害怕！不要沮喪，我為你們而來，哦，人哪！來吧！來到我的面前，我是為你們而來的！」		Shrii Shrii Ánandamúti | 18th July 1979 DMC, Vishakhapatnam | Trio in Spiritual Progress, Subháśita Saḿgraha Part 12	Shrii Shrii Ánandamúti | 1979年7月18日於Vishakhapatnam大法會 | 靈性進步的三個方法，靈性科學集成卷12，P.99	399	115
pair_0720_1979_016_240324	0720_1979_016_240324.txt	When spiritual aspirants become one with their Iśt́a, they no longer remain as insignificant people; in that case their finite happiness is transformed into infinite happiness. Then with their limited strength they become able to perform gigantic tasks.	當靈性渴望者與其生命理念目標合一時，他們就不再是個渺小微不足道的人，此時他們有限的快樂轉化為無限的喜悅，那麼即使他們力量很小，也能夠完成偉大的工作。		20 July 1979 DMC, Bhuvaneshwar | The Dharma and Iśt́a of a Yogi, Yoga Sádhaná	1979年7月20日於Bhuvaneshwar大法會 | 瑜伽的精神，瑜伽修持科學觀，P.16	254	74
pair_0720_1979_017_240128	0720_1979_017_240128.txt	Human beings have come onto this earth only to follow Bhágavata dharma, and not for any other purpose. You have many tasks to perform: whatever you do, you should always feel that all your actions are part of Bhágavata dharma. Wherever you are, you must do something to remove the poverty and distress of the people in that area, to ameliorate their socio-economic condition. But even while discharging your duties thus, you should always remember that whatever you are doing is not a mundane duty, it is an inseparable part of your Bhágavata dharma.	人類不為其他原因，而是為遵循至上法性才來到這個世界。你們有許多工作要做：不管你做什麼，你都應該時時感覺到你所做的一切都是至上法性的一部分。不論你在哪裡，你都必須為當地的人解除他們的困苦和煩惱，改善他們的社會經濟狀況。但即使當你在履行你該盡的義務時，你也應該記得你所做的一切是至上法性不可分割的一部分，而非世俗的責任。		20 July 1979 DMC, Bhuvaneshwar | The Dharma and Iśt́a of a Yogi, Yoga Sádhaná	1979年7月20日於布旺納希瓦 | 瑜伽的精神，瑜伽修持科學觀，P.17	553	158
pair_0720_1979_018_240317	0720_1979_018_240317.txt	20 July 1979 DMC, Bhuvaneshwar Ádarsha and Iśt́a, Subháśita Saḿgraha Part 12	理念目標指的就是人類可以與祂建立起愛和情感的那位具人格的上主，他們可以向祂傾訴他們的快樂和痛苦，並向祂臣服和以祂為最安全的庇護。			1979年7月20日於Bhuvaneshwar大法會 | 理念與理念目標，靈性科學集成卷12，P.108	81	64
pair_0720_1979_102_241219	0720_1979_102_241219.txt	When human beings do not move towards that state, what happens? I have just said that movement is the law of the universe. It is a providential decree that movement is a must for all: caraeveti, caraeveti – “proceed on, proceed on.” Naturally human beings must keep on moving ceaselessly; but supposing one does not have a goal, then oneʼs movement will be like that of a rudderless ship sailing on stormy sea. If you keep rowing a boat without a fixed goal all your labour will go in vain, your time will be wasted, and you will also run the risk of being caught in a whirlpool. Therefore human beings must always have an ádarsha, an ideology before them.	如果人類不朝向「理念」的狀態前進，那麼會怎麼樣？我剛才說了，行動是宇宙的定律，眾生都必須移動，這是上主的誡命。「前進吧！前進吧！(caraeveti, caraeveti)」人類本自必須不斷地繼續移動。然而如果一個人沒有目標，那麼他的行動會像什麼呢？就會如同一艘沒有舵的船航行在驚濤駭浪之中。當你在划船卻沒有固定的目標，不但會白費力氣，浪費時間，而且也可能被捲入漩渦中。因此，人類永遠必須要有一個「理念」(ádarsha)在前。		Shrii Shrii Ánandamúrti | 20 July 1979 DMC, Bhuvaneshwar | 10 Ádarsha and Iśt́a | Subháśita Saḿgraha Part 12	Shrii Shrii Ánandamúrti | 1979年7月20日於Bhuvaneshwar大法會 | 10 理念與理念目標 | 靈性科學集成 卷12，P.102	657	214
pair_0720_1979_104_250306	0720_1979_104_250306.txt	In the play of abstract imagination people may derive some temporary satisfaction, but not lasting peace. The God of philosophy cannot provide complete fulfilment to peopleʼs deep internal urges: they want One to whom they can open their hearts. Such an entity is oneʼs iśt́a.	在抽象的想像裡，人們或許可以得到暫時的滿足，但無法獲得永恆的平靜。哲學上的上主無法完全滿足人類內在深處的渴望，人類想要一個能讓他們敞開心扉的實體，這實體就是他們的「理念目標」(iśt́a)。		Shrii Shrii Ánandamúrti | 20 July 1979 DMC, Bhuvaneshwar | 10 Ádarsha and Iśt́a | Subháśita Saḿgraha Part 12	Shrii Shrii Ánandamúrti | 1979年7月20日於Bhuvaneshwar大法會 | 10 理念與理念目標 | 靈性科學集成 卷12，P.104	277	95
pair_0720_1979_107_240725	0720_1979_107_240725.txt	Service is quite different: it is always unilateral. You give something to Parama Puruśa without asking for anything in exchange. When you offer everything unto Parama Puruśa, what else can He ask for? Moreover, who will ask? When you have offered everything to Parama Puruśa, then you have become one with Parama Puruśa, what else can He ask for? Moreover, who will ask? When you have offered everything to Parama Puruśa, then you have become one with Parama Puruśa, and obviously there cannot be anything left to ask for.	服務並非交易，它永遠都是單向的付出。你給至上意識東西，但卻不求回報。當你已奉獻出一切給至上意識時，祂還能向你要求什麼呢？再者，祂能要求誰呢？當你已獻上所有給至上意識時，當你已與至上意識合一時，祂還能要求什麼呢？因為很明顯的，已經沒有任何東西可以讓祂要了。		Shrii Shrii Ánandamúrti | 20 July 1979 DMC, Bhuvaneshwar | 10 Ádarsha and Iśt́a | Subháśita Saḿgraha Part 12	Shrii Shrii Ánandamúrti | 1979年7月20日於Bhuvaneshwar大法會 | 10 理念與理念目標 | 靈性科學集成卷12，P.107	529	127
pair_0720_1979_110_250615	0720_1979_110_250615.txt	Human beings have come onto this earth only to follow Bhágavata dharma, and not for any other purpose. You have many tasks to perform: whatever you do, you should always feel that all your actions are part of Bhágavata dharma. Wherever you are, you must do something to remove the poverty and distress of the people in that area, to ameliorate their socio-economic condition. But even while discharging your duties thus, you should always remember that whatever you are doing is not a mundane duty it is an inseparable part of your Bhágavata dharma.	人類只為遵循至上法性而來此塵世，沒有其他的目的了。你有許多工作要完成，不管你做什麼，你都應該覺得所作所為是至上法性的一部分。不管你在哪裡，你都必須做一些事為當地人民去除貧窮和困苦，改善他們的社會經濟處境。但是即使你是在履行你的職責，你也應該永遠記著，你所做的一切不是平凡、世俗的工作，而是至上法性不可分割的一部分。		Shrii Shrii Ánandamúrti | 20 July 1979 DMC, Bhuvaneshwar | 10 Ádarsha and Iśt́a | Subháśita Saḿgraha Part 12	Shrii Shrii Ánandamúrti | 1979年7月20日於Bhuvaneshwar大法會 | 10 理念與理念目標 | 靈性科學集成 卷12，P.110	552	157
pair_0720_1990_272_260117	0720_1990_272_260117.txt	By spiritual cult, spiritual sádhaná, you may bring about certain changes in your nervous system, nerve cells and nerve fibres, control the secretions of the hormones from different glands and sub-glands, and become elevated. By this process of elevation a person becomes superhuman and goes beyond the periphery of the common human psychology. Otherwise, the general rule is there. Here lies the necessity of spiritual practice. Without spiritual practice there cannot be such a change.	藉著靈性法門、靈性的修持，你能為神經系統、神經細胞及神經纖維帶來改變，並控制不同的腺體和次腺體荷爾蒙的分泌，進而達到提升。在提升的過程中，一個凡人成了超人，他超越了一般人心智所能及的範圍。否則必定受制於一般的法則。這就是靈性鍛鍊的必要，缺乏靈性的修持就不會帶來此種改變。	Attraverso una disciplina spirituale, attraverso il sadhana, è possibile produrre cambiamenti nel sistema nervoso, nelle cellule e nelle fibre nervose, regolare le secrezioni ormonali delle diverse ghiandole e sotto-ghiandole, e così elevarsi interiormente. Mediante questo processo di elevazione, una persona diventa super-umana, andando oltre i confini della psicologia umana ordinaria; in caso contrario, resta soggetta ai suoi automatismi. Qui sta la necessità della pratica spirituale: senza pratica spirituale, un tale cambiamento non può avvenire.	Shrii Shrii Ánandamúrti | 20 July 1990, Kolkata | 26 The Human Body Is a Biological Machine | Yoga Psychology	Shrii Shrii Ánandamúrti | 1990年7月20日於加爾各答 | 26 人的身體是一部生物機器 | 生命科學觀：瑜伽心理學，P.272	489	135
pair_0721_1980_000_260315	0721_1980_000_260315.txt	You should revive all these subtler expressions of humanity. You should remember that human life is not like a flower, it is like a collection of so many flowers, and that collection of so many flowers is the charm of human life. Human life is not like a flower; it is like a beautiful garden of so many flowers. Let all those flowers develop, and let the final movement of all those expressions of charm and fascination be goaded unto Parama Puruśa. Whatever I do, whatever we do, whatever we will be doing, just to please the supreme charmer, just to please the supreme source, just to please the Supreme Progenitor – there cannot be any other aim of human life.	你們應該復興所有這些人類精細的表達。你們當記住人類的生命不像是一朵花，而是各式各樣花朵的集合，這些繽紛綻放的花朵正是人類生命迷人之處。人類生命不像是一朵花，是許多花朵盛開的美麗花園。讓花朵爭奇鬥艷，讓所有這些迷人和絢麗的展現最終都導向至上意識。任何我所做之事，任何我們所做之事，任何我們將做之事，都是為了取悅這位至上的魔術師，都是為了讓至上之父高興。人類生命除此之外，再沒有其他目的了。	Dovreste far rivivere tutte queste espressioni più sottili dell’umanità. Dovreste ricordare che la vita umana non è come un fiore: è come una raccolta di molti fiori, e quella raccolta di molti fiori è il fascino della vita umana. La vita umana non è come un singolo fiore; è come un bellissimo giardino di molti fiori. Lasciate che tutti quei fiori si sviluppino, e che il movimento finale di tutte quelle espressioni di fascino e di bellezza sia spinto verso Parama Puruśa. Qualunque cosa io faccia, qualunque cosa noi facciamo, qualunque cosa faremo, tutto deve essere fatto per compiacere il Supremo Incantatore, per compiacere la Fonte Suprema, per compiacere il Supremo Progenitore. Non può esserci nessun altro scopo della vita umana.	Shrii Shrii Ánandamúrti | 21 July 1980 morning, Vellore | 20 Aesthetics and Mysticism | Ánanda Vacanámrtam Part 34	Shrii Shrii Ánandamúrti | 1980年7月21日早晨於Vellore | 20 美學與神秘學 | 喜悅甘露集 卷11	665	193
pair_0721_1980_127_240502	0721_1980_127_240502.txt	Beyond the periphery of material mobility, there is the world of aesthetics; and above it, beyond it, there is the world of mystics. The world of mystics and the world of aesthetics are for human beings. And each and every human being should get a proper chance, should get adequate chance, to move into those worlds.	超越物質波動的範疇，存在著美學的世界；而在美學之上，超越美學的範疇，則是神秘學的領域。這兩個世界都是為了人類而備，所以每一個人都應該得到適當、足夠的機會以進入這些世界。		Shrii Shrii Ánandamúti | 21 July 1980 morning, Vellore | Aesthetics and Mysticism, Ánanda Vacanámrtam Part 34	Shrii Shrii Ánandamúti | 1980年7月21日晨於Vellore | 美學與神秘學，喜悅甘露集卷11，P.127	317	84
pair_0722_1982_237_250707	0722_1982_237_250707.txt	To the Supreme One, who is the central figure of all existence, of all ideas of the universe, one should offer only oneʼs soul. One should offer oneʼs most favourite object – the quintessence of oneʼs existence. And while offering one should say, Nivedayámi cátmánaḿ tvaḿ gatih Parameshvarah [“O Supreme Lord, I offer myself to You – You are the culmination of the journey of my life”]. The sádhaná to assimilate the ideation of Parama Puruśa by surrendering oneʼs “I” feeling unto Him, is the sádhaná of self-knowledge, and one can attain salvation only by this type of sádhaná. No one can escape the consequences of his or her actions by resorting to falsehood. This applies not only to the mundane sphere, it applies in the psychic world as well. This is the essence of countless words.	對於萬有存在之中心、宇宙一切之觀念所在的至上本體而言，一個人應該向祂獻上他的靈魂。他應該獻上他最喜愛的東西──亦即他的存在。而且在獻上之時他應該向至上意識說：「Nivedayámi cátmánaḿ tvaḿ gatih Parameshvarah」──哦，至上之主啊！我向您獻上我自己──您是我生命旅程的極致。 一個人透過將「我覺」臣服於祂而融入於至上意識的理念中，即是自我了悟的靈性修持。一個人唯有藉由此種修持方能達到解脫之境。 無人可憑藉不實之謬誤而擺脫行為業力的束縛。世俗層面如此，心智層面亦然。這是無盡話語的精髓！		Shrii Shrii Ánandamúrti | 22 July 1982, Patna | 17 Shivaʼs Teachings – 2 (continued) (Discourse 16) | Namah Shiváya Shántáya	Shrii Shrii Ánandamúrti | 1982年7月22日於Patna | 12 希瓦的教誨二之六 | 永恆的希瓦‧超越時空的教誨，P.237	801	262
pair_0722_1982_260_251117	0722_1982_260_251117.txt	In the universe, under no circumstances was anyone alone, is anyone alone, or will anyone be alone... The sky of the external world is glittering with His light and the sky of the inner world is also gleaming with His effulgence.	在此宇宙中，無論何種狀態都沒有人會是孤單的，過去沒有、現在沒有，將來也不會有。…… 外在世界的天空閃耀著祂的光芒，而內在世界的天空也因祂的光輝而明亮燦爛。	Nell’universo, nessuno è mai stato solo, nessuno è solo e nessuno lo sarà mai… Il cielo del mondo esterno brilla della Sua luce e il cielo del mondo interiore risplende ugualmente della Sua radiosa presenza.	Shrii Shrii Ánandamúrti | 22 July 1982, Patna | 17 Shivaʼs Teachings – 2 (continued) (Discourse 16) | Namah Shiváya Shántáya	Shrii Shrii Ánandamúrti | 1982年7月22日於Patna | 12 希瓦的教誨二之六 | 永恆的希瓦‧超越時空的教誨，P.260	229	77
pair_0730_1982_262_240101	0730_1982_262_240101.txt	30 July 1982, Patna Shivas Teachings – 2 (continued) (Discourse 17) Namah Shiváya Shántáya	人無需走遍天涯去找祂，因祂就藏身在你存在感的寶盒中。當你向內尋求時，驀然發現祂就在那裡。 忘記內在世界最明亮的珍寶，耗費功夫尋求光源於外在世界—真是浪費光陰！希瓦問何以有人要以此方式浪費寶貴的時間呢？為何有人要丟棄自己手中的食物而沿門托缽去行乞呢？祂的建議是：「向內在世界前進……走向更深……更深的內在吧！」			1982年7月30日於Patna | 2002年元旦喜悅訊息，永恆的希瓦，P.262	93	154
pair_0730_1982_262_250730	0730_1982_262_250730.txt	One need not run about in the world to find Him who is contained within the jewel-case of oneʼs existential feeling. One can easily attain Him if only one searches within.	人無需走遍天涯去找祂，因祂就藏身在你存在感的寶盒中。當你向內尋求時，驀然發現祂就在那裡。		Shrii Shrii Ánandamúrti | 30 July 1982, Patna | 18 Shivas Teachings – 2 (continued) (Discourse 17) | Namah Shiváya Shántáya	Shrii Shrii Ánandamúrti | 1982年7月30日於Patna | 13 希瓦的教誨2-7 | 永恆的希瓦──超越時空的教誨，P.262	171	44
pair_0730_1982_279_260216	0730_1982_279_260216.txt	Not only the gods are fond of the fragrance of flowers; devotees also want to string garlands for their beloved Iśt́a with the fragrant flowers of the devotion of their hearts. If a flower has no fragrance, it has no value for a devotee. One should remember that the fragrance of a flower and the tender sweetness of a devotional heart together make a perfect combination. What does the perfume of the flower represent? The worldly activity which a devotee does with a heart filled with love is the perfume of the flower, and the overflowing devotion for oneʼs Iśt́a is the tender sweetness in the devoteeʼs heart. With these two together, the devotee makes a garland.	不只諸神喜歡花朵的芬芳，虔誠者也想向他們親愛的上主(Iśt́a)獻上以他們虔誠的心靈所編織成的芬芳花環。如果花朵沒有芬芳的香氣，對虔誠者而言，一點價值也不具有。各位要牢記於心，花朵的芬芳和虔誠心靈的甜美溫柔兩者形成絕妙的結合。花朵的芬芳代表什麼呢？虔誠者以誠摯的愛所從事的世俗活動就是花朵的芬芳；而對上主所洋溢的無比虔誠就是虔誠者心靈的甜美溫柔。虔誠者以此二者編織成獻給上主的花環。	Non solo gli dèi amano il profumo dei fiori; anche i devoti desiderano intrecciare ghirlande per il loro amato Iṣṭa con i fiori fragranti della devozione del loro cuore. Se un fiore non ha profumo, non ha alcun valore per un devoto. È bene ricordare che il profumo del fiore e la dolcezza tenera di un cuore devoto, quando si incontrano, diventano una sola fragranza perfetta. Che cosa rappresenta il profumo del fiore? L’attività nel mondo che un devoto compie con il cuore colmo d’amore è il profumo del fiore, e la devozione traboccante verso il proprio Iṣṭa è la dolce tenerezza nel cuore del devoto. Unendo questi due elementi, il devoto confeziona la ghirlanda.	Shrii Shrii Ánandamúrti | 30 July 1982, Patna | 19 Shiva in the Light of Philosophy (Discourse 17 (continued)) | Namah Shiváya Shántáya	Shrii Shrii Ánandamúrti | 1982年7月30日於Patna | 14 哲學上的希瓦 | 永恆的希瓦‧超越時空的教誨，P.279	670	191
pair_0803_1978_049_240226	0803_1978_049_240226.txt	You have not to be afraid of any immoral or evil force of the world. Fearfulness is not your wont, it is not your Dharma. Your duty is to march forward. You must move forward. You have always the support of Parama Puruśa.	你不要害怕任何不道德或邪惡的力量，你不應恐懼，恐懼不是你的習性，它不是你的法性。你的責任是前進，你必須向前邁進。你永遠會有至上意識的支持。		3 August 1978 DMC, Patna | Live without Fear, Subháśita Saḿgraha Part 19	1978年8月3日於Patna大法會 | 勇敢無懼地生活，靈性科學集成卷14，P.49	222	69
pair_0803_1978_049_260419	0803_1978_049_260419.txt	Humans sometimes feel weak. And when do they feel weak? They feel weak when they isolate themselves from the Supreme Father, drift away from Him. But the moment they again realize Him they begin to realize that they are not low, they are not mean, they are the sons of the Supreme Father, they are the daughters of the Supreme Father, instantly they receive strength. Always remember: Karḿadhyakśah. You work with His power, you have no power. Hence you must not think as to whether you will be able to do this work, whether this work is possible for you. You will certainly be able to do it if there is the grace of the Supreme Father. Why should you not be able to do it? You will surely be able to do it. While doing work you are always in His sight. He is always seeing you, you are not alone, you are never alone. In no circumstances are you alone.	人類有時候會感到脆弱，他們何時覺得脆弱呢？就是當他們孤立自己，遠離至上之父時。然而當他們再度了悟祂時，就會知道自己並不低劣，而是至上之父的子女，一領悟及這個道理，他們馬上就得到了力量。你要永遠記得祂是「所有行動的控制主」(Karḿadhyakśah)。你沒有自己的力量，而是用祂的力量在工作。因此，你千萬不可猶豫自己是否能勝任此工作，或擔心自己能不能做這個工作。如果有至上之父的恩典，你當然能勝任。為什麼會不行呢？當你在工作時，祂永遠觀照著你、看著你，你絕對不是孤單的，無論在任何情況下，你永遠也不會是孤立無助的。	A volte gli esseri umani si sentono deboli. E quando accade? Quando si separano dal Padre Supremo, quando si allontanano da Lui. Ma nel momento in cui Lo riconoscono di nuovo, iniziano a rendersi conto di non essere inferiori, di non essere miseri: sono figli e figlie del Padre Supremo, e immediatamente ricevono forza. Ricordate sempre: Karmádhyakṣa. Voi agite con la Sua forza, non avete una forza vostra. Non dovete quindi chiedervi se sarete capaci di svolgere un lavoro, se quel lavoro è possibile per voi. Se c’è la grazia del Padre Supremo, sarete certamente in grado di farlo. Perché non dovreste riuscirci? Ci riuscirete sicuramente. Mentre lavorate, siete sempre sotto il Suo sguardo. Egli vi osserva costantemente. Non siete soli, non lo siete mai. In nessuna circostanza siete soli.	Shrii Shrii Ánandamúrti | 3 August 1978 DMC, Patna | 08 Live without Fear | Subháśita Saḿgraha Part 19	Shrii Shrii Ánandamúrti | 1978年8月3日於Patna大法會 | 05 勇敢無懼地生活 | 靈性科學集成 卷14，P.49~50	855	257
pair_0805_1979_098_260411	0805_1979_098_260411.txt	According to mental desire, there are acoustic roots, there are sounds. When you want to fight against these human weaknesses – each and every man has got certain weaknesses – one is always moving after name, one is always moving after fame, one after money, always money. So many weaknesses. Now, when one wants to fight against these internal and external enemies – you have got enemies in your mind, you have got enemies outside your mind. There are so many depraving forces, they are all enemies. When you want to fight against the mind, a particular flow is created in your mind, a particular flow. And the acoustic root of that flow is hummm. [Makes fighting gesture.] Hummm – fight – see – hummm. Hummm sound is created. The hummm sound is the acoustic root of fight.	心理上的欲望，有其音根和聲音。每個人都有弱點，人總是追逐名位、追逐財富；人有許許多多的弱點，在你心靈的內在和外在有許多的敵人，人想要對抗內在和外在的敵人。有許多墮落的力量，它們都是你的敵人，當你想要與心靈對抗，在你心中就產生了一個特殊的波流，這波流的音根就是吽(Hum)（巴巴做了一戰鬥的手勢），吽(Hum)聲音產生後，它就是戰鬥的音根。	Secondo il desiderio mentale, esistono specifiche radici acustiche, cioè suoni corrispondenti ai diversi flussi della mente. Quando una persona decide di combattere le proprie debolezze – che sono presenti in ogni essere umano, come l’attaccamento al nome, alla fama o al denaro – si attiva un processo interiore di opposizione. Queste debolezze costituiscono veri e propri nemici, sia interni, nella mente, sia esterni, sotto forma di influenze degradanti. Nel momento in cui si intraprende una lotta contro tali forze, nella mente si genera un flusso specifico, una particolare corrente psichica orientata al contrasto. A questo flusso corrisponde una precisa radice acustica: il suono hummm. Questo suono rappresenta, nella sua forma più essenziale, l’atto del combattere. Il suono hummm è dunque l’espressione acustica fondamentale della lotta interiore.	Shrii Shrii Ánandamúrti | 5 August 1979 evening, Taipei | 10 Acoustic Roots | Discourses on Tantra Volume One	Shrii Shrii Ánandamúrti | 1979年8月5日傍晚於台北 | 10 音根 | 密宗開示錄 卷1，P.98~99	774	169
pair_0806_1955_018_260502	0806_1955_018_260502.txt	Those who run after Sambhúti or the glamour of creation and those who are obsessed by the fear of Asambhúti or the possibility of is destruction are both racing towards the world of darkness. A Sádhaka should look upon both Sambhúti and Asambhúti, i.e. creation and destruction, equitably and with equanimity. Scientists who are wholly and solely dedicated to the worship of Sambhúti and hermits who live in constant fear of destruction are both on the wrong path: they are not on the path of salvation. Only the person who uses judgement and accepts both of them attains immortality.	迷戀至上外顯幻化世界的美或害怕祂的傾頹毀滅都是在往黑暗世界疾行，一個靈修者應對創造與毀滅等同視之。科學家完全獻身於這個外顯的造化世界，遁世者活在毀滅的持續恐懼中，此二者都是偏頗的道路，皆非解脫之道，唯有在正確判斷下接受兩者的人才能達到最終的不朽。	Coloro che inseguono Sambhūti, cioè lo splendore della creazione, e coloro che sono ossessionati dalla paura di Asambhūti, ossia dalla possibilità della sua distruzione, corrono entrambi verso il mondo dell’oscurità. Un sādhaka dovrebbe considerare sia Sambhūti sia Asambhūti – cioè creazione e distruzione – in modo equilibrato e con equanimità. Gli scienziati che sono interamente e unicamente dediti al culto di Sambhūti e gli eremiti che vivono nel timore costante della distruzione sono entrambi sulla via sbagliata: non sono sul sentiero della liberazione. Solo colui che usa il discernimento e accetta entrambi raggiunge l’immortalità.	Shrii Shrii Ánandamúrti | Shrávańii Púrńimá 1955 DMC, Monghyr | 01 The Intuitional Science of the Vedas – 1 | Subháśita Saḿgraha Part 2	Shrii Shrii Ánandamúrti | 1955年8月6日Shrávańii滿月日於Monghyr大法會 | 01 吠陀直覺科學（一） | 靈性科學集成 卷2，P.18~19	590	123
pair_0806_1955_020_260603	0806_1955_020_260603.txt	When a person progresses from the crude to the subtle as a result of his Sádhaná, all the bondages gradually start disappearing by themselves, and when a strong desire awakens in the mind to attain that pure consciousness within, the Hirańyamaya Kośa also gets destroyed. In each of the five different stages of mind i.e. (1) Kámamaya Kośa (Crude or Conscious mind), (2) Manomaya Kośa (Subtle or Sub-conscious mind, (3) Atimánas Kośa (Supra-mental mind), (4) Vijiṋánamaya Kośa (Subliminal mind), (5) Hirańyamaya Kośa (Subtle-Cosmic Mind) – (the last three are collectively called causal or astral or unconscious mind) some sort of finite object directly or indirectly remains, and this object becomes the cause of bondage – “Mana eva mauśya nám kárańam bandha mokśayo”. In other words the unit attains salvation only when she/he empties her/his mind of all objects. Just as an iron sword can perform acts of cruelty or merely cut the rope tethering and animal, similarly, according to its objective tendencies, the mind can also be the cause of both bondage and liberation.	一個人經由靈性修持之助，得以從粗鈍向精細前進，所有的束縛亦隨之漸次消失，最後當心中湧現誓願成就至上的強烈渴望時，連最後的一層──致因心靈也將被擊碎。心靈的五個層次──意識心靈、潛意識心靈、超心靈、下意識心靈、致因心靈（後三者合稱為無意識心靈或致因心靈），在每一層次直接或間接都存在著有限的個體，這些東西就成為束縛之因──「Mana eva mauśya nám kárańam bandha mokśayo」一個人唯有清空他心靈內所有的一切時，才能得到解脫。就像一把劍，可以是殺人的工具，也可以只是用來切斷拴住動物的繩索；同樣的，一個人的心靈可以依其目標的不同，成為束縛或解脫之源。	Quando, grazie al sadhana, una persona progredisce dal livello più grossolano a quello più sottile, tutti i vincoli iniziano gradualmente a dissolversi spontaneamente. E quando nella mente si risveglia un intenso desiderio di realizzare quella pura coscienza interiore, anche l'Hiraṇyamaya Kośa viene distrutto. In ciascuno dei cinque livelli della mente, cioè Kāmamaya Kośa (mente grossolana o cosciente), Manomaya Kośa (mente sottile o subconscia), Atimānas Kośa (mente sovramentale), Vijñānamaya Kośa (mente subliminale), Hiraṇyamaya Kośa (Mente Cosmica sottile), — gli ultimi tre livelli vengono collettivamente chiamati mente causale, astrale o inconscia — permane sempre, direttamente o indirettamente, qualche oggetto finito; ed è proprio questo oggetto a diventare la causa della schiavitù. Per questo si afferma: «La mente è la causa sia della schiavitù sia della liberazione dell'essere umano.» (Mana eva manuṣyāṇāṁ kāraṇaṁ bandha-mokṣayoḥ.) In altre parole, l'essere individuale raggiunge la liberazione soltanto quando svuota completamente la mente da ogni oggetto. Così come una spada di ferro può essere usata per compiere atti crudeli oppure semplicemente per tagliare la corda che tiene legato un animale, allo stesso modo la mente, a seconda della direzione verso cui è orientata, può diventare causa sia di schiavitù sia di liberazione.	Shrii Shrii Ánandamúrti | Shrávańii Púrńimá 1955 DMC, Monghyr | 01 The Intuitional Science of the Vedas – 1 | Subháśita Saḿgraha Part 2	Shrii Shrii Ánandamúrti | 1955年8月6日Shrávańii滿月日於Monghyr大法會 | 01 吠陀直覺科學（一） | 靈性科學集成 卷2，P.20	1092	291
pair_0806_1955_021_260610	0806_1955_021_260610.txt	No worldly happiness is limitless. Dedicate yourself completely to the blissful ocean of the Supreme Soul. Then alone will you realize what happiness really is. This path to attain happiness, this Sádhaná of self-surrender I call absolute devotion. Carry on performing your worldly duties with sincerity, and at the same time think about the pure self within you. Then alone will your Sádhaná be justified. The constant thought of your pure inner Self will certainly one day establish you in your original source, and this is the ultimate aim of Sádhaná. The Soul is by nature characteristically pure. The mind gets tied to Saḿskáras (potential reactions) due to its actions, and that is why the unit becomes the slave of life and death. When all the Saḿskáras are destroyed through spiritual Sádhaná and mental purification, one goes beyond life and death to the eternal region of immortality, where there is no difference between the soul and His Supreme Soul. Amen!	世界上沒有任何快樂是永恆的，完全獻身於至上意識的喜悅之洋，那麼你將明白真正的快樂為何。我把達到永恆快樂、自我誠服的靈性修持這條道路稱為絕對的虔誠。誠摯地盡你世俗該盡的責任，並時時一心繫念內在無染真我，你當可印證你的靈性修持。你內在自性的專精一念必將證入本源，這即是你靈性修持的最終目標。至上靈魂本自清淨無染。心靈因受到業力之縛而在生死海中流轉，當所有的業力經由靈性修持燃燒殆盡，心靈得以淨化之時，一個人將超越生死安住於永恆不朽之境，於彼再無個體靈魂與至上靈魂之別！阿門！	Nessuna felicità mondana è illimitata. Dedica completamente te stesso all'oceano di beatitudine dell'Anima Suprema. Solo allora comprenderai che cosa sia realmente la felicità. Questo sentiero per raggiungere la felicità, questo sadhana di abbandono al Supremo, io lo chiamo devozione assoluta. Continua a svolgere con sincerità i tuoi doveri nel mondo e, allo stesso tempo, mantieni il pensiero rivolto al Sé puro che dimora dentro di te. Solo così il tuo sadhana sarà veramente giustificato. Il pensiero costante del tuo Sé interiore puro ti condurrà certamente, un giorno, a stabilirti nella tua sorgente originaria, ed è proprio questo lo scopo ultimo del sadhana. L'Anima è per sua natura intrinsecamente pura. La mente si lega ai saḿskára (reazioni potenziali) a causa delle proprie azioni, ed è per questo che l'essere individuale diventa schiavo della vita e della morte. Quando tutti i saḿskára vengono distrutti attraverso il sadhana spirituale e la purificazione della mente, si va oltre la vita e la morte e si raggiunge l'eterno regno dell'immortalità, dove non esiste più alcuna differenza tra l'anima individuale e l'Anima Suprema. Amen!	Shrii Shrii Ánandamúrti | Shrávańii Púrńimá 1955 DMC, Monghyr | 01 The Intuitional Science of the Vedas – 1 | Subháśita Saḿgraha Part 2	Shrii Shrii Ánandamúrti | 1955年8月6日Shrávańii滿月日於Monghyr大法會 | 01 吠陀直覺科學（一） | 靈性科學集成 卷2，P.21	980	235
pair_0806_1956_053_240331_Shrávańii	0806_1956_053_240331_Shrávańii.txt	Each of the spheres, namely, atimánas, vijiṋánamaya and hirańmaya, is respectively one beyond the other. Satya is beyond even the last. When one is established in Satya, only then can one become the knower of the past, present and future and ultimately of truth itself. For such a person there is no disharmony anywhere.	超心靈、下意識心靈和致因心靈一個比一個更超越，至上真理則連致因心靈也超越了。只有當一個人立足於至上真理之境時，他才能知曉過去、現在和未來及最終之真理。對他而言任何地方都沒有不和諧之處。		"Shrávańii Púrńimá 1956 DMC, Madhopur, Monghyr | 'Purification of the Kośas, and Yoga Sádhaná', ""Yoga Sádhaná”"	1956年8月6日Shrávańii滿月日於Madhopur, Monghyr大法會 | 心靈層次的淨化和瑜伽的修持，瑜伽修持科學觀，P.53	324	92
pair_0806_1956_055_240428_Shrávańii	0806_1956_055_240428_Shrávańii.txt	In the jiiva there are two types of “I” feeling – one is its mind created by Máyá, and the other is its knowledge-filled state – the reflected expression of Paramátmá Himself – that is, its (the jiivaʼs) jiivátmá. The jiivátman is the real “I” feeling of the jiiva, or unit soul.	在個體生命裡，有兩種類型的「我覺」──一個是由宇宙力量所創造出來的心靈，另外則是一種全知的狀態──它是至上意識的反映，也就是個體的意識，個體意識是個體生命真正的「我覺」。		Shrávańii Púrńimá 1956 DMC, Madhopur, Monghyr | Purification of the Kośas, and Yoga Sádhaná | Yoga Sádhaná	1956年8月6日Shrávańii滿月日於Madhopur, Monghyr大法會 | 心靈層次的淨化和瑜伽的修持 | 瑜伽修持科學觀，P.55	286	85
pair_0806_1956_060_240519_Shrávańii	0806_1956_060_240519_Shrávańii.txt	It is not possible to be introverted until each and every kośa is realized. When the mind realizes that the physical body is the vehicle of the mind, then you will know that there is progress in sádhaná.	除非了悟心靈的每一個層次，否則無法將心靈的情緒傾向導向內在。當心靈了悟身體是心靈的工具，靈性修持才會進步。		Shrii Shrii Ánandamúti | Shrávańii Púrńimá 1956 DMC, Madhopur, Monghyr | Purification of the Kośas, and Yoga Sádhaná  | Yoga Sádhaná	Shrii Shrii Ánandamúti | 1956年Shrávańii滿月日於Madhopur, Monghyr大法會 | 心靈層次的淨化和瑜伽的修持 | 瑜伽修持科學觀，P.60	206	53
pair_0806_1956_103_240210_Shrávańii	0806_1956_103_240210_Shrávańii.txt	Thus one must continue with sádhaná ceaselessly with a view to gradually establishing harmony and equilibrium in the kośas one after another. The moment the indistinct sensibility of the hirańmaya kośa (subtle causal mind) is free of the least vestige of impurity, the sádhaka shines with the dazzling radiance of the Satyaloka. That is an auspicious moment for a sádhaka as it is unification between Átman and Paramátman.	為了要建立起每個心靈層次間的協調與寧靜，人必須持續不斷的從事靈性的修持。一旦精細的致因心靈的朦朧感覺全然純淨時，修行者綻放出真理世界耀眼的光輝。個體意識與至上意識合而為一時，這是修行者最幸運的時刻。		Shrávańii Púrńimá 1956 DMC, Madhopur, Monghyr | This World and the Next, Subháśita Saḿgraha Part 4	1956年8月6日Shrávańii滿月日於Madhopur, Monghyr大法會 | 世界及其本源，靈性科學集成卷4，P.103	431	99
pair_0806_1956_104_240212_Shrávańii	0806_1956_104_240212_Shrávańii.txt	People may attain the semblance or suggestion of happiness by cultivating only the fine arts, but they can not fully establish themselves in Bliss Divine; for this Brahma Sádhaná is indispensable.	人們可能僅因受精細藝術的陶冶而得到類似或些微的快樂，但他們無法完全將自身立足於神性喜悅之境，因此以至上意識為目標的靈性修持是必須的。		Shrávańii Púrńimá 1956 DMC, Madhopur, Monghyr | This World and the Next, Subháśita Saḿgraha Part 4	1956年8月6日Shrávańii滿月日於 Madhopur, Monghyr大法會 | 世界及其本源，靈性科學集成卷4，P.104	198	66
pair_0806_1956_126_260101	0806_1956_126_260101.txt	When the mental propensities reach the stage of cessation through sádhaná all the desires of the heart, whether original or consequential, disappear. The reactive momenta (saḿskára dhara) of those who have reached this stage, even once, no matter what course their reactive momenta take, have only one [ passion (Rati) left in them and that is, Brahma-rati or passion for the union with Brahma. Love alone remains as the Praeti (the only longing). ] At that stage sádhakas attain deathlessness right in this mortal world. They see nothing but Brahma. For the eyes of those in whom a singular longing for union with Brahma has awakened (Brahma praeti) this mundane world appears as the Brahma Loka, the Abode of Brahma – everything is He, everything is He.	當心靈情緒傾向透過靈性修持到達如如不動不起作用的階段，心中不論是原發性或是因為因果業力而來的欲望都消失了。達到此境界之人，不論他們所取得的因果業力為何，此時最多只會存留一種因果業力──那就是與至上意識合而為一的渴望。只有「愛」為唯一的渴望。在此境界，修行者於無常的塵世即達到永恆不朽。他們所見惟有至上意識。與至上意識合而為一的渴望已於心中覺醒之人。此塵世在眼中即顯現為至上真理之境──一切都是祂，一切都是祂。	Quando, attraverso il sadhana, le tendenze della mente arrivano a quietarsi completamente, tutti i desideri del cuore – sia originari sia derivati – si dissolvono. I momenti reattivi (saḿskāra-dhārā) di coloro che hanno raggiunto anche una sola volta questo stato, qualunque direzione essi prendano, conservano ormai un’unica passione (rati): la Brahma-rati, la passione per l’unione con Brahma. Solo l’amore rimane come praeti, l’unico anelito. In quello stadio i sādhaka conseguono l’immortalità già in questo mondo mortale. Non vedono altro che Brahma. Agli occhi di coloro nei quali si è risvegliato un anelito unico verso l’unione con Brahma (Brahma-praeti), questo mondo ordinario appare come Brahma-loka, la Dimora di Brahma: tutto è Lui, tutto è Lui.	Shrii Shrii Ánandamúrti | Shrávańii Púrńimá 1956 DMC, Madhopur, Monghyr | 03 This World and the Next | Subháśita Saḿgraha Part 4	Shrii Shrii Ánandamúrti | 1956年8月6日Shrávańii滿月日於Madhopur, Monghyr大法會 | 03 世界及其本源 | 靈性科學集成 卷4，P.126	760	204
pair_0806_1957_029_240516_Shrávańii	0806_1957_029_240516_Shrávańii.txt	In His internal body there is an incessant flow of thought which causes the creation, maintenance and dissolution of the entire universe.	在至上本體的內在有一股引起全宇宙創造、維持和毀滅之永不止息的思想波流。		Shrii Shrii Ánandamúti | Shrávańii Púrńimá 1957 DMC, Allahabad | All Shine with His Effulgence | Subháśita Saḿgraha Part 6	Shrii Shrii Ánandamúti | 1957年8月6日Shrávańii滿月日於Allahabad大法會 | 02 萬物皆閃耀著至上的榮光 | 靈性科學集成卷6，P.29	137	35
pair_0806_1957_035_251231	0806_1957_035_251231.txt	Every unit mind can function freely in the realm of imagination... Thus in the sphere of imagination every microcosm enjoys independence, the power of a king. But one can only imagine according to the capacity of the mind. One may have unlimited freedom, but one does not have unlimited capacity. The closer one comes to the Supreme Consciousness in the introversive flow of the Cosmic Imagination (pratisaiṋcara), the more oneʼs mental capacity increases, and the more oneʼs spirit of independence is expressed. When one finally becomes established in Supreme Consciousness, one realizes that the Supreme Entity has limitless psychic power and freedom of expression.	每個個體心靈皆可在其想像的領域內自由運作。……因此，在想像的領域裡，每個小宇宙個體均享有如國王之權力般的獨立自主。但是人只能依其心智能力來想像。人可有無限的自由，但卻沒有無限的能力。當一個人在宇宙向心運動波流中愈接近至上意識時，他的心智能力就愈增強，其獨立自主的精神就更為展現。當他最後立足於至上意識時，他即了悟到至上本體具有無限的心智力量和表達自由。	Ogni mente individuale può muoversi liberamente nel regno dell’immaginazione. In questo ambito, ogni microcosmo possiede un’indipendenza totale. Tuttavia, ciò che una mente può immaginare dipende dalla sua capacità interiore. La libertà può essere illimitata, ma la capacità non lo è. Essa cresce nella misura in cui la mente si avvicina alla Coscienza Suprema, nel flusso introversivo dell’Immaginazione Cosmica (pratisaiñcara). Quanto più la mente si espande, tanto più si manifesta il suo autentico spirito di indipendenza. Quando infine la mente si stabilisce nella Coscienza Suprema, si realizza che l’Entità Suprema sola possiede un potere psichico e una libertà di espressione senza limiti.	Shrii Shrii Ánandamúrti | Shrávańii Púrńimá 1957 DMC, Allahabad | 02 All Shine with His Effulgence | Subháśita Saḿgraha Part 6	Shrii Shrii Ánandamúrti | 1957年8月6日Shrávańii滿月日於Allahabad大法會 | 02 萬物皆閃耀著至上的榮光 | 靈性科學集成 卷6，P.35	668	176
pair_0806_1957_039_250706	0806_1957_039_250706.txt	Although He is not the direct author of actions, He is the Supreme Controller of all actions. All entities gain their power from the power He radiates in His imaginative flow; all entities gain the strength to act from His strength.	雖然祂並非直接的行動者，但祂是所有行動的至上控制者，所有實體皆從祂想像波流所發出之力量獲得力量，從祂的力量而獲得行動的力量。		Shrii Shrii Ánandamúrti | Shrávańii Púrńimá 1957 DMC, Allahabad | 02 All Shine with His Effulgence | Subháśita Saḿgraha Part 6	Shrii Shrii Ánandamúrti | 1957年8月6日Shrávańii滿月日於Allahabad大法會 | 02 萬物皆閃耀者至上的榮光 | 靈性科學集成 卷6，P.39	232	62
pair_0806_1957_039_250720	0806_1957_039_250720.txt	That Supreme Singular Entity, reflected in all mental plates, and permeating all fundamental factors, is lying covert everywhere. He pervades everything, manifested or unmanifested, thinkable or unthinkable.	反映在所有心靈板上且遍佈於所有基本原素的至上唯一本體，無所不在，隱身各處。祂存在於萬有一切事物中，也許已展現，也許未展現；也許可思議，也許不可思議。		Shrii Shrii Ánandamúrti | Shrávańii Púrńimá 1957 DMC, Allahabad | 02 All Shine with His Effulgence | Subháśita Saḿgraha Part 6	Shrii Shrii Ánandamúrti | 1957年8月6日Shrávańii滿月日於Allahabad大法會 | 02 萬物皆閃耀著至上的榮光 | 靈性科學集成 卷6，P.39	207	74
pair_0806_1957_041_240305_Shrávańii	0806_1957_041_240305_Shrávańii.txt	Intelligent people realize Parama Puruśa deep in their unit souls, after surrendering themselves at His divine altar. Only by becoming one with Him does one attain the infinite and the eternal. To merge in Him, the path of self-surrender is the only path.	明智者將自身臣服在祂的聖壇時，了悟到至上意識就在他們個體靈魂的深處，只有與祂合一，才能達到無限和永恆。要融入於祂，自我臣服是唯一的道路。		Shrávańii Púrńimá 1957 DMC, Allahabad | All Shine with His Effulgence, Subháśita Saḿgraha Part 6	1957年8月6日Shrávańii滿月日於Allahabad大法會 | 02 萬物皆閃耀著至上的榮光，靈性科學集成卷6，P.41	256	68
pair_0806_1959_120_250524	0806_1959_120_250524.txt	After becoming pure in mind and less conscious of the body an awareness dawns in the mind that “I am not this body.” This awareness is called prájiṋa.	當心靈更純淨，而且比較不在意肉體時，心靈開始意識到「我不是這個肉身」，這種覺醒稱為「靈性直覺的智慧」(prájiṋa)。		Shrii Shrii Ánandamúrti | Shrávańii Púrńimá 1959 DMC, Bhagalpur | 06 The Science of Action | Subháśita Saḿgraha Part 8	Shrii Shrii Ánandamúrti | 1959年8月6日Shrávańii滿月日於Bhagalpur大法會 | 06 行動的科學 | 靈性科學集成 卷8，P.120	152	60
pair_0809_1979_096_251222	0809_1979_096_251222.txt	Say, creed. We say there are so many creeds. “We are serving the human society irrespective of creed.” We say like this. But can there be more than one creed? What is the human creed? To move towards the Supreme Entity, move towards the Supreme Source, the perennial source of bliss. It is the only creed. Knowingly or unknowingly, we are all moving towards – what? We are all seekers of – what? We want – what? We want bliss. We want peace. So for the entire human society the creed is – what? How many? One. We are all knowingly or unknowingly moving towards Him; so human society cannot have more than one creed.	說到「信仰」,「信仰」有千千萬萬種，人們會說：「我們為全人類服務，不問任何信仰。」但是難道人們能有多種不同的信仰嗎？人類的信仰是什麼？人類的信仰只有一種，就是朝向至上本體前進，朝向至上的本源、永恆的喜悅之源前進。這才是人類唯一的信仰。我們在有意無意間皆朝著什麼而前進呢？我們都在尋找什麼呢？我們渴望的是什麼呢？就是喜悅，我們渴望得到平靜。所以對整體人類社會來說，其信仰應是什麼？有多少種呢？就只有唯一的一種。我們都在有意無意間朝向祂而前進，所以人類的社會不可能會有超過一種以上的信仰。	Diciamo spesso: credo. E diciamo che esistono tanti credi. Diciamo persino: «Serviamo la società umana indipendentemente dal credo». Ma fermiamoci un attimo. Può davvero esistere più di un credo? Qual è, in fondo, il credo umano? Muoversi verso l’Entità Suprema. Muoversi verso la Sorgente Suprema, la fonte perenne della beatitudine. Questo è il credo. L’unico. Che ne siamo consapevoli o no, tutti stiamo andando in quella direzione. Tutti cerchiamo qualcosa. Cerchiamo che cosa? Che cosa vogliamo davvero? Vogliamo la beatitudine. Vogliamo la pace. Allora, per l’intera società umana, qual è il credo? Quanti credi possono esserci? Uno solo. Consapevolmente o inconsapevolmente, tutti ci stiamo muovendo verso di Lui. Per questo la società umana non può avere più di un credo.	Shrii Shrii Ánandamúrti | 9 August 1979, morning, Bangkok | 01 Parama Puruśa within Everyone | Ánanda Vacanámrtam Part 30	Shrii Shrii Ánandamúrt | 1979年8月9日晨於曼谷 | 13 內在的神性 | 喜悅甘露集 卷8，P.96	615	242
pair_0809_1979_099_240504	0809_1979_099_240504.txt	What is our style of extending goodwill? We say, Namaskára. That is, “I pay respect to the Supreme Entity residing within you.” You should remember this. “I concentrate all the good feelings of my mind here in the trikut́i (between the eyebrows).”	我們向人問候的方式是什麼？我們會說「Namaskára」，意即「我向你內在的至上意識致敬」。你們要牢記於心：「我把心中所有的善念都集中於眉心這一點(trikut́i)。」		Shrii Shrii Ánandamúti | 9 August 1979, morning, Bangkok | Parama Puruśa within Everyone | Ánanda Vacanámrtam Part 14	Shrii Shrii Ánandamúti | 1979年8月9日晨於曼谷 | 內在的神性，喜悅甘露集卷8，P.99	248	85
pair_0810_1979_107_250301	0810_1979_107_250301.txt	A person requires a strong determination – “I must move. I must move.” And then do it. There must not be any negative thought in the mind. “Will it be possible for me to do?” – such a question must not arise in the mind, and whenever there is such a question, it means you will not be successful in your mission. Your thinking should always be positive: “Yes, I must be successful.” There must not be any question regarding your success.	人類需要堅強的決心──一定要有「我要前進」、「我要前進」的決心方可。有了這種決心，你才會採取行動。心靈中不可存有任何負面的想法，如「這可能嗎？我做得到嗎？」不要有這種念頭升起。一旦你的心中出現類似的想法，你生命的使命將難以成功。所以你的思想必須時時保持正面：「是的，我一定要成功。」對於生命的成功這件事你毫不懷疑。		Shrii Shrii Ánandamúrti | 10 August 1979, evening, Bangkok | 02 Ideological Flow and the Eight-Fold Path | Ánanda Vacanámrtam Part 14	Shrii Shrii Ánandamúrti | 1979年8月10日傍晚於曼谷 | 14 理念波流與八正道 | 喜悅甘露集 卷8，P.107	437	157
pair_0811_1978_243_250618	0811_1978_243_250618.txt	The beginning point of prapattiváda is “I am, Thou art, and Thou art mine.” The culminating point of prapattiváda is “Thou art, O my Lord, Thou art.” In the absence of “I am,” prapattiváda cannot begin; that is why the presence of “I am” is essential for prapattiváda in the beginning; but in the end only “Tvamasi, Tvaḿ Hi, Tvaḿ Hi” (Thou art – Thou, Thou.)	完全臣服論的起點是「我存在，您存在，您是我的」;而它的極致頂點是「您存在。哦，我的主啊！只有您存在。」 沒有「我」時，「完全臣服」無法開始；這就是為何「我存在」對於「完全臣服」的論點在開始時很重要的原因；但是在最後，卻只有「您存在」，只有「您」、只有「您」。		Shrii Shrii Ánandamúrti | 11 August 1978, Patna | 07 The Culmination of Devotion | Ánanda Vacanámrtam Part 1	Shrii Shrii Ánandamúrti | 1978年8月11日於Patna | 20 虔誠的頂點 | 誠瑜伽的真諦，P.243	364	129
pair_0816_1979_003_250603	0816_1979_003_250603.txt	The second important factor is samyak saḿkalpa. Samyak means “proper”. Saḿkalpa means “determination”. Here, samyak saḿkalpa means “proper and firm determination”. “I will do it, I must do it.” This firm determination is the secret of success in each and every human life. Where there is no firm determination, one will never be successful in any arena of human life or human thought. “I must do it! I must come in contact with the Supreme Entity! I must be one with Parama Puruśa!” These are the firm determinations. So Lord Buddha said that this is the second important factor, second important principle, that a spiritual aspirant must adhere to.	第二個要項是山亞‧山卡帕(samyak saḿkalpa)。山亞(Samyak)意指適當的；山卡帕(Saḿkalpa)意指決心。山亞‧山卡帕(samyak saḿkalpa)意指適切而堅定的決心。「我要做，我一定要做！」這種堅定的決心是每個人生成功的秘訣。若無堅定的決心，在人類生命的任何領域中絕對無法成功。「我必須做，我必須與至上本體(Supreme Entity)合而為一！我一定要和至上意識 (Parama Puruśa)合而為一。」這就是堅定的決心。所以佛陀說這是第二個要點，一個靈性渴望者必須嚴格遵守這第二個重要的原則。		Shrii Shrii Ánandamúrti | 16 August 1979, Taipei, Taiwan | 01 The Fundamental Principles of Life | Bábá in Taiwan	Shrii Shrii Ánandamúrti | 1979年8月16日於台灣台北 | 01 生命的基本原則 | 巴巴在台灣，P.3	653	265
pair_0816_1979_007_250612	0816_1979_007_250612.txt	The best people, uttama – who are they? It is their principle to feel that “When I have started this work, I must complete it in a nice way, in a fine way, in an excellent way.” Lord Buddha said, samyak karmánta. “When you have started a work, you must finish it in a nice way.”	最好的人，他們是什麼樣的人？他們的原則是：「當我開始做一件事，我必須以美好的、妥善的和卓越的方式來完成它。」佛陀說，當你開始做一件事時，你必須盡善盡美地完成它。		Shrii Shrii Ánandamúrti | 16 August 1979, Taipei, Taiwan | 01 The Fundamental Principles of Life | Bábá in Taiwan	Shrii Shrii Ánandamúrti | 1979年8月16日於台灣台北 | 01 生命的基本原則 | 巴巴在台灣，P.7	279	80
pair_0816_1979_016_250626	0816_1979_016_250626.txt	Each and every man has an “I” feeling; each and every man feels that “I exist”. This feeling of “I exist” is the final form of expressed world. And behind that expressed world, behind that final form of the expressed world, there lies coverted the Supreme Consciousness, the Átman. So the Átman is the best tiirtha. And the Átman is the supreme tiirtha. Rather the Átmán is the only tiirtha.	每個人都有「我存在」的感覺。此「我存在」的感受是此大千世界最後形態的背後，潛存著至上意識──自性。所以自性(Átmá)是最佳的聖地。自性是至上的聖地，也是唯一的聖地。		Shrii Shrii Ánandamúrti | 16 August 1979, Taipei, Taiwan | 02 Art and Science | Bábá in Taiwan	Shrii Shrii Ánandamúrti | 1979年8月16日晚於台北文化大學 | 02 藝術與科學 | 台灣在巴巴	396	83
pair_0816_1979_455_250106	0816_1979_455_250106.txt	Each and every man has an “I” feeling; each and every man feels that “I exist”. This feeling of “I exist” is the final form of expressed world. And behind that expressed world, behind that final form of the expressed world, there lies coverted the Supreme Consciousness, the Átman. So the Átman is the best tiirtha. And the Átman is the supreme tiirtha. Rather the Átmán is the only tiirtha. You are all spiritual aspirants. You should remember that your movement is not from subtle to crude, but from crude to subtle. But you must not neglect this crude world, because your existence is being nourished by this crude world. Thatʼs why you should pay proper respect to the crude world also. Thatʼs why I say, ours is a subjective approach through objective adjustment. You should remember this fact.	每個人都有「我存在」的感覺。此「我存在」的感受是此大千世界最後形態的背後潛存著至上意識──自性。所以自性(Átman)是最佳的聖地。自性是至上的聖地，也是唯一的聖地。 你們都是靈性的追求者，你們應該記住，你們的行動不是從精細到粗鈍，而是從粗鈍到精細。你們也不應忽視此粗鈍的世界，因為你們的存在是受此粗鈍世界的養育。所以你們也應適當的尊重此粗鈍的物質世界。所以我說我們的方法是經由客體的調適而從事主體的接近。		Shrii Shrii Ánandamúrti | 16 August 1979, Taipei, Taiwan | 42 Art and Science,  | Discourses on Neohumanist Education	Shrii Shrii Ánandamúrti | 1979年8月16日晚於文化大學，台北 | 7-6 藝術與科學 | 新人道主義教育文集，P.455	804	203
pair_0817_1979_018_250703	0817_1979_018_250703.txt	Each and every man – whatever his status of life, whatever his psychic or spiritual status – each and every human being wants success in life. Whenever you are doing something, success is not in your hands. Success comes as a reaction. When the original action is good, the reaction is also good, and that reaction is the success. For a spiritual man, for a spiritual aspirant, for a good soul who renders service to the Society, the service itself is the prize. He wants no other prize, no other success.	每個人不論他的身份地位如何，不論他的心智或靈性狀態如何，都希望在生命中得到成功。不論何時你做何事，成功並不操之在你。成功來自行為的果報。若最初的行為是好的，它的反作用結果也是好的，則此反作用結果即是成功。對於靈性之士、靈性的渴望者以及善良的人，當他服務社會時，服務本身就是獎賞。他不要求其他的獎賞，也不要求其他的成功。		Shrii Shrii Ánandamúrti | 17 August 1979, Taipei | 03 Seven Secrets | Bábá in Taiwan	Shrii Shrii Ánandamúrti | 1979年8月17日於台北 | 03 成功的秘訣 | 巴巴在台灣，P.18	505	159
pair_0817_1979_032_250722	0817_1979_032_250722.txt	Devotion is the only secret in spiritual movement, and the incantative outer-suggestion and auto-suggestion can help you in psychic movement. A neat and clean life based on morality can help you in your entitative flow, and there must be a happy blending, or parallelism amongst entitative waves, incantative waves, and spiritual waves.	在靈性的活動中，虔誠是唯一的秘密，梵咒的外在暗示和自我暗示能在心智的活動中幫助你，植基於道德的純淨生活能在你個體的波流裡幫助你。而個體的波流，梵咒的波流和靈性的波流，此三者必須有一快樂的融合或平行。		Shrii Shrii Ánandamúrti | 17 August 1979 DMC, Taipei | 04 Man and His Ideological Desideratum | Bábá in Taiwan	Shrii Shrii Ánandamúrti | 1979年8月17日於台北大法會 | 04 人及其理念的目標 | 巴巴在台灣，P.32~33	336	99
pair_0817_1979_032_250731	0817_1979_032_250731.txt	What is spiritual flow? For spiritual flow, you need not go through so many books and so many scriptures. You need not do anything else; only all your propensities should be suspended and brought to a particular point, a particular gland and goaded unto the Parama Puruśa. When you love the Parama Puruśa with all your propensities good and bad, then that collective flow of your mind is devotion. By dint of oneʼs devotion, one can attain the Supreme Stance. One gets the Parama Puruśa.	靈性的波流是什麼？為了達到靈性的波流，你不必皓首窮經，你只需暫停你所有的心靈情緒傾向作用，將其置於特定的一點，特定的腺體，然後導向至上意識。此外你不須做任何其他的事。當你以所有好的與不好的心靈情緒傾向作用去愛至上意識識時，則你心靈的集體波流就是虔誠。藉由虔誠，吾人才能達到至上之境，得到至上意識。		Shrii Shrii Ánandamúrti | 17 August 1979 DMC, Taipei | 04 Man and His Ideological Desideratum | Bábá in Taiwan	Shrii Shrii Ánandamúrti | 1979年8月17日於台北大法會 | 04 人及其理念的目標 | 巴巴在台灣，P.32	490	148
pair_0817_1979_116_240606	0817_1979_116_240606.txt	For progress in entitative flow, one is to lead a pure life, a moralistic life, a life based on moral principles. Do not do anything bad. What is bad? Bad is that which depraves human existence. Follow a strict code of morality. Live a pure life, a neat and clean life. Be strict in 16 Points. What will happen? Your entitative flow will get purified and will be in parallelism with your psychic wave.	為了個體波流的進步，吾人必須過著純淨、有道德的生活，一種以道德原則為基礎的生活。不要做壞事。什麼是壞事？促使人類生命墮落之事就是壞事。遵守嚴格的道德規範，過著純淨的生活，過著整齊有序和潔淨的生活。嚴守十六點原則。那麼結果將會如何？你個體的波流會得到淨化，而與你心智的波流保持平行一致。		Shrii Shrii Ánandamúti | 17 August 1979 DMC, Taipei | Man and His Ideological Desideratum | Subháśita Saḿgraha Part 12	Shrii Shrii Ánandamúti | 1979年8月17日於台北大法會 | 人及其理念目標，靈性科學集成卷12，P.116	401	142
pair_0817_1979_117_260310	0817_1979_117_260310.txt	For maintaining parallelism between psychic waves and spiritual waves, what are you to do? You are to follow the auto-suggestion and outer-suggestion of incantations. What is outer-suggestion? If you are in the company of good people, that company – their discourses and talks will influence your mind, and your mind will be purified. The curvatures will be less and the flow will be straightened. This is outer-suggestion through incantations. Now, what is auto-suggestion through incantations? It is doing meditation and japa (mantra repetition) as per the instruction of the Ácárya. This is auto-suggestion. These incantative auto-suggestions and outer-suggestions will purify your mind, and the mind will be in the position to maintain proper parallelism with your spiritual flow. What is spiritual flow? For spiritual flow, you need not go through so many books and so many scriptures. You need not do anything else; only all your propensities should be suspended and brought to a particular point, a particular gland and goaded unto the Parama Puruśa. When you love the Parama Puruśa with all your propensities good and bad, then that collective flow of your mind is devotion. By dint of oneʼs devotion, one can attain the Supreme Stance. One gets the Parama Puruśa.	你該怎麼做，才能維持心智波流與靈性波流的平行呢？你必須遵循梵咒的自我暗示和外在暗示。什麼是外在暗示？如果你與善人為伍，這些朋友們的話語會影響你的心靈，你的心靈將得以淨化。你的波流曲度會因此減少而成為直線。這就是經由持咒的外在暗示。那什麼是經由持咒的自我暗示？就是遵照阿闍黎的指示，從事靜坐和不斷的持念梵咒(japa)，此即為自我暗示。持咒自我暗示和外在暗示會淨化你的心靈，心靈才能維繫與靈性波流間的平行。 靈性波流是什麼？你不必皓首窮經，只要收攝所有的心靈情緒傾向作用於特定的一點、特定的腺體，並將它導向至上意識，除此之外，你什麼也不必做。當你傾盡所有好的、壞的心靈情緒傾向去愛至上意識時，則你心靈的集體波流就是虔誠。藉由虔誠，吾人才可達到至上之境，獲得至上意識。	Per mantenere il parallelismo tra le onde psichiche e le onde spirituali, che cosa si deve fare? Occorre seguire l’auto-suggestione e la suggestione esterna attraverso i mantra. Che cosa si intende per suggestione esterna? Se si è in compagnia di persone buone, quella compagnia – i loro discorsi e le loro conversazioni – influenzerà la mente e la mente verrà purificata. Le deviazioni della mente si ridurranno e il suo flusso diventerà più lineare. Questa è la suggestione esterna attraverso le incantazioni. Ora, che cos’è l’auto-suggestione attraverso i mantra? Consiste nel praticare la meditazione e il japa (ripetizione del mantra) secondo le istruzioni dell’Ácárya. Questa è l’auto-suggestione. Queste auto-suggestioni e le suggestioni esterne generate dai mantra purificheranno la mente e, di conseguenza, questa sarà in grado di mantenere il giusto parallelismo con il flusso spirituale. Che cos’è il flusso spirituale? Per il flusso spirituale non è necessario passare attraverso molti libri e molte scritture. Non occorre fare altro: tutte le proprie propensioni devono essere sospese, raccolte in un punto particolare, in una specifica ghiandola, e indirizzate verso Parama Puruśa. Quando si ama Parama Puruśa con tutte le proprie propensioni, buone e cattive, allora quel flusso collettivo della mente diventa devozione. In virtù della propria devozione si può raggiungere la Suprema Realizzazione. Si ottiene Parama Puruśa.	Shrii Shrii Ánandamúrti | 17 August 1979 DMC, Taipei | 11 Man and His Ideological Desideratum | Subháśita Saḿgraha Part 12	Shrii Shrii Ánandamúrti | 1979年8月17日於台北大法會 | 11 人及其理念目標 | 靈性科學集成 卷12，P.117	1277	332
pair_0817_1979_119_240409	0817_1979_119_240409.txt	No man is unimportant. No man is insignificant. Everyone is a VIP. All of you were born of noble family, the noblest family, because Parama Puruśa is your father. You are not an insignificant person.	沒有人是不重要的，沒有人是微不足道的。每個人都是重要的人物。你們都是誕生於高貴的家庭，是在最高貴的家庭中出生的，因為至上意識是你們的父親，你們不是微不足道的人。		17 August 1979 DMC, Taipei  | Man and His Ideological Desideratum, Subháśita Saḿgraha Part 12	1979年8月17日於台北大法會 | 人及其理念目標，靈性科學集成卷12，P.119	200	80
pair_0818_1979_038_250821	0818_1979_038_250821.txt	The interpretation of Ananda Marga, is Saḿyogoyogo ityukto jiivátmá Paramátmanah – “The unification of unit consciousness, jiivátmá, with the Supreme Consciousness, that is, Paramátmá, is yoga.” When the unit entity, the unit consciousness, becomes one with the Cosmic Consciousness, that becoming one, that unification, is yoga. And in that unification, the unit consciousness loses its identity. When the river comes in contact with the sea, it no longer remains the river. It becomes one with the sea, it becomes the sea.	阿南達瑪迦的說法是：Saḿyogoyogo ityukto jiivátmá Paramátmanah 「個體意識(jiivátmá)與至上意識(Paramátmá)的合而為一即是瑜伽。」當個體意識與至上意識合而為一時，這種合而為一、這種融合就是瑜伽。在那樣的融合當中，個體意識早已不存在了。猶如河流注入大海，河流即不再是河流，它與大海合而為一，它成為大海。		Shrii Shrii Ánandamúrti | 18 August 1979, Taipei | 05 The Three Species of Human Being | Bábá in Taiwan	Shrii Shrii Ánandamúrti | 1979年8月18日於台北 | 05 三種人 | 巴巴在台灣，P.38	532	179
pair_0818_1979_040_250828	0818_1979_040_250828.txt	Those who are established in viirácára they are to elevate themselves to the standard of deva. That is, they are to be gods in human structure. And what is the meaning of “god” here? Here “god” means, with a small “g”, not capital “G”; “g” – “o” – “d”, whose feminine term is “goddess”. And for big “God” with a capital “G”, there is no feminine term: “God” is a common gender.	那些已經立足於勇敢之路境界的人，必須將自身提升到神(Deva)的水準，那是以人的形體存在的神。此處的神(god)意義為何？這裡用的是小寫的英文字母g，而不是一個大寫的G，這個詞的陰性是goddess（女神）。一個大寫的G所指的上帝(God)一詞是沒有陰性形式的，它是一個通性的詞。		Shrii Shrii Ánandamúrti | 18 August 1979, Taipei | 05 The Three Species of Human Being | Bábá in Taiwan	Shrii Shrii Ánandamúrti | 1979年8月18日於台北 | 05 三種人 | 巴巴在台灣，P.40	379	140
pair_0820_1979_044_250911	0820_1979_044_250911.txt	Those who do not practise sádhaná – unknowingly they are moving away from Him. That is, their radius, the radius between that entity and Parama Puruśa, increases, but they cannot go beyond the Cosmological Order. Not to meditate on Him, not to do His work, means increasing the length of the radius, going away from the nucleus of the Universe – this much, but they will have to remain within the Cosmological Order. Now, those who meditate on Him, those who are on the path of sádhaná, their radius, the radius between that spiritual aspirant and the Cosmic Nucleus, Parama Puruśa, goes on decreasing and decreasing.	那些未能從事靈修的人──他們在無意間逐漸偏離了祂。他們和至上意識之間的半徑距離逐漸擴大，但是他們仍然無法超越這運作的法則。不去想祂、不去做祂的工作意味著你和他之間的半徑距離將會愈來愈長，你將會逐漸遠離宇宙的核心。但是一切事物仍然維持在宇宙法則運作的範圍之內。 那些想著祂、那些行走在靈修道路上的人，他們和宇宙核心的距離，也就是靈性渴望者和至上意識之間的半徑距離將會逐漸縮小。		Shrii Shrii Ánandamúrti | 20 August 1979, Taichung, Taiwan | 06 The Nucleus of the Universe | Bábá in Taiwan	Shrii Shrii Ánandamúrti | 1979年8月20日於台中 | 06 宇宙的核心 | 巴巴在台灣，P.44~45	623	187
pair_0820_1979_046_250125	0820_1979_046_250125.txt	You should always remember that you are the children of Parama Puruśa, and it is your birthright to be one with Him. It is your birthright to sit upon His lap. And nobody can debar you from this birthright. So, why unknowingly, why unconsciously? Knowingly and consciously, all should move towards Him and be one with Him. And this is the path of humanity, and this is the main factor that differentiates an animal from a man.	你們應該永遠記得你們是至上意識的孩子，與祂合而為一是你們與生俱來的權利。坐在祂的膝上是你們與生俱來的權利。沒有人能夠剝奪你們這項天賦的權利。這就是為什麼說，無論自覺或不自覺，無論在有意或無意中，你們都應該朝祂前進並且與祂合一。這是人類的正道，也是人類與動物的最大差別。		Shrii Shrii Ánandamúrti | 20 August 1979, Taichung, Taiwan | 06 The Nucleus of the Universe | Bábá in Taiwan	Shrii Shrii Ánandamúrti | 1979年8月20日於台中 | 06 宇宙的核心 | 巴巴在台灣，P.46	427	134
pair_0821_1979_051_251009	0821_1979_051_251009.txt	In human life also, where a man does not want to do anything, indirectly or unknowingly or unconsciously he is going against the very spirit of the universe. Because the spirit of the universe is to move. In Sanskrit, this universe is called jagat. Jagat means “move” – the entity whose characteristic, whose wont, is to move. Here everything moves.	在人類生命中，當一個人什麼事也不想做的時候，無論是出於自覺或不自覺，他已違反了宇宙真正的精神。因為宇宙的精神是不停向前邁進的。在梵文裡，宇宙被稱為Jagat。Jagat意指此實體的本然特質是不停向前邁進的。		Shrii Shrii Ánandamúrti | 21 August 1979, Kaohsiung | 07 Kiirtana and Dance / The Psychic Order | Bábá in Taiwan	Shrii Shrii Ánandamúrti | 1979年8月21日於高雄 | 07 循環圈 | 巴巴在台灣，P.51	349	103
pair_0824_1979_064_251230	0824_1979_064_251230.txt	What a mystery! It is a great mystery, that whatever you perceive or whatever you conceive – everything is within you, nothing without you. And that is why in Sanskrit it is said... Entire universe will be within you in minature form. You will see the psychic projection of the material world. Thatʼs why I say, the human entity is more a psychic one than physical. Your existence is more important in the psychic world than in the physical world. But, in DMC, I said you must maintain parallelism amongst your – what? Entitative waves, incantative waves, and spiritual waves.	這是多麼奇妙的事情啊！一切你所接收到的或想像的事物，全部都是在你的內心裡，沒有任何事物是外在的。所以說，在梵文中曾經說到整個宇宙都是以縮影的方式存在你的內心裡。你所看到的事物，事實上是物質世界的心智投射。這也是為什麼我說人類的本質是於心智上更勝於物質的層面。你們的存在，主要是在心智層面裡，而非在物質的領域中。在大法會中，我說過你們必須保持個體的波流，梵咒的波流，和靈性的波流三者之間的平衡。	Che mistero! È un grande mistero: qualunque cosa tu percepisca o qualunque cosa tu concepisca, tutto è dentro di te, nulla è fuori di te. Per questo in sanscrito si dice: Traelokye yāni bhūtāni tāni sarvāṇi dehataḥ — qualunque cosa esista nell’universo esiste anche nella tua piccola struttura. L’intero universo sarà dentro di te in forma miniaturizzata. Vedrai la proiezione psichica del mondo materiale. Ecco perché dico che l’essere umano è più una realtà psichica che fisica. La tua esistenza è più importante nel mondo psichico che in quello fisico. Tuttavia, al DMC ho detto che è necessario mantenere il parallelismo tra le tue onde entitative, le onde dell’incantazione e le onde spirituali.	Shrii Shrii Ánandamúrti | 24 August 1979, Taipei | 09 The Two Human Approaches | Bábá in Taiwan	Shrii Shrii Ánandamúrti | 1979年8月24日於台北 | 09 人類的兩種探求 | 巴巴在台灣，P.64~65	576	196
pair_0824_1979_070_251209	0824_1979_070_251209.txt	"But the true devotees say, “Oh Parama Puruśa, there are so many good devotees, and I am an ordinary devotee, worst devotee. But O Lord, those who are your big devotees, they have done one thing. They have stolen Your mind."" Because Parama Puruśa loves His devotees very much, His mind has been stolen by His devotees – what? His devotees have stolen His mind. Because He loves His devotees very much. Now Parama Puruśaʼ – His mind has been stolen by His devotees, so He has got one shortage, one want – what? Mind. His mind has been taken by His devotees. So, ”O Lord, your big, big devotees have stolen your mind, so You have got one want. You have lost your mind. Do one thing, O Lord, take my mind. Let there be no want in You. I offer my mind to You. Accept it.” So, the devotees are very intelligent, they are more intelligent than intellectuals, more intelligent than those who are engaged in actional faculties."	所以，真正的虔誠者會說：「哦！至上意識啊！世界上有這麼多的虔誠者，我只是其中最普通、最差勁的一個。但，上主啊！那些偉大的虔誠者做了一件事情啊！他們偷走了你的心。」由於至上意識非常愛祂的虔誠者，因此祂的心被祂的虔誠者偷走了。現在，至上意識的心被祂的虔誠者偷走，祂缺少了一樣東西，那就是祂的心。因為祂的心已經被祂的虔誠者所偷走。「哦！主啊！你的虔誠者偷走了你的心，因此你缺了一樣東西，你失掉了心。主啊！做一件事吧！把我的心拿去吧！讓你不再有所缺乏。我把心給你，使你不再有所缺乏，請祢收下吧！」 所以說，虔誠者是非常聰明的，他們比知識份子更聰明，也比專注於行動的人更聰明。	I veri devoti dicono: «O Parama Puruśa, ci sono così tanti bravi devoti e io sono solo un devoto qualunque, il peggiore. Ma, Signore, quei tuoi grandi devoti Ti hanno rubato la mente». Poiché Parama Puruśa ama profondamente i Suoi devoti, la Sua mente è stata “rubata” da loro — che cosa? I devoti Gli hanno sottratto la mente. Perché Lui li ama immensamente. E allora, poiché la mente di Parama Puruśa è stata portata via dai Suoi devoti, Egli si ritrova con una mancanza, una carenza: quale? La mente. La Sua mente è stata presa dai devoti. Perciò il devoto dice: «O Signore, i Tuoi grandi devoti Ti hanno preso la mente, così ora Ti manca qualcosa: hai perduto la Tua mente. Allora, Signore, prendi la mia. Che in Te non ci sia più alcuna carenza. Io Ti offro la mia mente: accettala». Così i devoti sono molto intelligenti: più intelligenti degli intellettuali, più intelligenti di coloro che sono impegnati nelle attività dell’azione.	Shrii Shrii Ánandamúrti | 24 August 1979, Taipei | 09 The Two Human Approaches | Bábá in Taiwan	Shrii Shrii Ánandamúrti | 1979年8月24日於台北 | 09 人類的兩種探求 | 巴巴在台灣，P.70~71	921	283
pair_0826_1979_086_260120	0826_1979_086_260120.txt	How is one to move along that path? How is oneʼs existence to be pinnacled? Human existence is trifarious – physical, mental, and spiritual, but the stages or layers are four in number – physical, psychic, psycho-spiritual, and spiritual. In Sanskrit those physical entities with which, we say, human existence is closely coordinated is called káma. You cannot do without these things – food, clothing, education, medical treatment. These things are essential for human life. They come within the grasp of káma, the lowest layer. Those that think that this world is nothing, or those who say that a good man should keep no connection with the world are in Foolʼs Paradise. Yet you should remember that these things should not be the goal of your life. So many times I have said, yours should be subjective approach with objective adjustment. For your development in this crudest, physical layer, you should build up a strong society. You should see that everyone gets enough food, clothing, housing, medical treatment, education, you should see to it. It is your social duty.	一個人要如何走在虔誠之路上呢？一個人的存在要如何達到極致之境呢？人類的存在，有三個層面──身體的、心智的和靈性的。但其階段或層次有四個──身體的、心理的、心理趨向靈性的，以及靈性的。 在梵文中，那些有關身體的，與人類存在息息相關之事物統稱為卡瑪(Káma)。你無法忽略食物、衣服、教育和醫療這類事物對於人類存在之必要性。他們皆隸屬於卡瑪範疇，都是在最基本需求的層次之內。至於那些成天說著這個世界是虛幻不實的，或者說一個好人不應涉入此紅塵俗世之中的人，他們其實都是活在幻想中。但是你應該永遠記住這些事物不是你生命中的目標。我已經說過許多次了，你的生命應該是朝主體前進，但必須做好客體的調適。 為了使你們能在這個粗鈍的物質世界發展，你們應建立起一個堅強的社會。你們應滿足所有人在食、衣、住、醫療和教育方面的需求，這是你們的社會責任。	Come si procede lungo il cammino? Come può l’esistenza unificata e orientata al vertice? L’esistenza umana è triplice – fisica, mentale e spirituale – ma le fasi o gli strati sono quattro: fisico, psichico, psico-spirituale e spirituale. In sanscrito, l’insieme degli elementi fisici con cui, possiamo dire, l’esistenza umana è strettamente coordinata è chiamato kāma. Non si può fare a meno di queste cose: cibo, vestiario, istruzione, cure mediche. Queste cose sono essenziali per la vita umana. Rientrano nell’ambito di kāma, lo strato più basso. Coloro che pensano che questo mondo non sia nulla, o che affermano che una persona buona non dovrebbe avere alcun legame con il mondo, vivono in un “paradiso degli stolti”. Tuttavia, dovete ricordare che queste cose non devono essere lo scopo della vostra vita. Molte volte ho detto che il vostro deve essere un approccio soggettivo con un adattamento oggettivo. Per il vostro sviluppo in questo strato più grossolano, quello fisico, dovete costruire una società forte. Dovete assicurarvi che tutti abbiano cibo sufficiente, vestiario, abitazione, cure mediche, istruzione; dovete occuparvene. Questo è il vostro dovere sociale.	Shrii Shrii Ánandamúrti | 26 August 1979, Taipei | 11 Pinnacled Existence | Bábá in Taiwan	Shrii Shrii Ánandamúrti | 1979年8月26日於台北 | 11 存在的極致 | 台灣在巴巴，P.86~87	1077	364
pair_0829_1958_075_240703	0829_1958_075_240703.txt	Three factors are indispensable for microcosmic progress: physical clash, psychic clash and the attraction of the Great. Whenever there is clash or conflict within any structure, whether subtle or crude, it develops increasing subtlety. This applies to both psychic clash and physical clash. The spirit of sádhaná of a person experiencing the attraction of the Great is total surrender, or kevalá bhakti (one-pointed devotion).	小宇宙個體的進步和三個要素息息相關──身體層面的摩擦衝擊、心智層面的衝擊和至上的吸引力。 不論精細或粗鈍的結構體，一旦遭逢衝擊，其結果都是變得更為精細。這在身體層面及心智層面皆適用。 在至上吸引力中，完全的臣服或絕對的虔誠(kevalá bhakti)是靈性修持的精神所在。		Shrii Shrii Ánandamúrti | 29 August 1958, Bhádra Púrńimá DMC, Ramnagar | 05 Cosmic Attraction and Spiritual Cult | Subháśita Saḿgraha Part 7	Shrii Shrii Ánandamúrti | 1958年8月29日Bhádra滿月日於Ramnagar大法會 | 05 至上吸引力與靈修法門 | 靈性科學集成卷7，P.75, 87	430	137
pair_0829_1958_078_260629	0829_1958_078_260629.txt	It should be remembered that both the materialists and the idealists are sádhakas, the only difference between them being their goal. A subtle analysis will reveal that both categories harm society. In order to advance, human beings will have to maintain a balance between the two, and will have to keep the idea of the Supreme fixed before them as their goal in the midst of physical [and psychic] clashes.	「理想主義者」和「唯物主義者」都是靈性修持者，唯一不同的是他們的目標。仔細分析下可發現兩者對於社會皆有害。人類必須在維持兩者的平衡下前進，他們必須在重重身體層面的摩擦衝擊中緊盯住至上理念以為其目標。	Va ricordato che tanto i materialisti quanto gli idealisti sono sadhaka; l’unica differenza tra loro consiste nella meta che perseguono. Un’analisi sottile rivelerà che entrambe le categorie arrecano danno alla società. Per progredire, gli esseri umani dovranno mantenere un equilibrio tra le due e, nel mezzo dei conflitti fisici [e psichici], dovranno mantenere saldamente davanti a sé l’idea del Supremo come propria meta.	Shrii Shrii Ánandamúrti | 29 August 1958, Bhádra Púrńimá DMC, Ramnagar | 05 Cosmic Attraction and Spiritual Cult | Subháśita Saḿgraha Part 7	Shrii Shrii Ánandamúrti | 1958年8月29日Bhádra滿月日於Ramnagar大法會 | 05 至上吸引力與靈修法門 | 靈性性科學集成 卷7，P.78	408	99
pair_0829_1958_080_250908	0829_1958_080_250908.txt	Devotion plays a positive role in the process of clash. Had there been no factor to maintain the balance among all the objects created within the Macrocosmic Mind, the entire structure of the universe would have fallen apart. For the sake of harmony and balance within the universe, there is a mutual attraction among all the objects; each microcosm attracts the other microcosms. All finite microcosms – the innumerable manifestations of the Supreme Entity – are entitled to that universal love with which It has bound each microcosm to Itself, entitled to the wave of that universal love, in which Its divine ocean of bliss is perennially flowing. Attraction is the innate characteristic of microcosms. When this attraction is for finite objects, it is called káma [“physical longing”], and when it surges towards the Cosmic Entity, it is called prema [“divine love”]. Of course, káma is nothing but a limited form of prema. When microcosms rush towards Parama Puruśa [Supreme Consciousness] attracted by the irresistible force of divine love, it is termed “devotion”. Since clash drives the microcosms towards subtlety, it follows that clash must be the sustainer of devotion.	虔誠在摩擦衝擊的過程中扮演著重要的角色。大宇宙心靈所創造之各種物體間，如果缺乏一種可資維繫平衡的因素，那麼整體宇宙的結構將分崩離析。為了維繫整體宇宙的和諧和平衡，各種物體間必須要有一種彼此的吸引力：即個體小宇宙相互間的吸引。祂對其無盡展現之所有有限的個體小宇宙，都給予其深深的宇宙之愛，以此讓個體小宇宙和祂緊緊相繫，並使其徜徉在神性喜悅的海洋中。吸引力為個體小宇宙內在本自具有之特質，如果此種吸引力導向於有限之物的追求，則稱為「物質慾望」(káma);當它湧向至上本體時，就稱為「宇宙之愛」(Prema)。當然，物質慾望也只不過是宇宙之愛的有限形相。當小宇宙個體以此無可抗拒的宇宙之愛奔向至上意識時，即名之為「虔誠」。既然摩擦衝擊驅使個體小宇宙朝向精細，那麼摩擦衝擊必定是虔誠的支柱。		Shrii Shrii Ánandamúrti | 29 August 1958, Bhádra Púrńimá DMC, Ramnagar | 05 Cosmic Attraction and Spiritual Cult | Subháśita Saḿgraha Part 7	Shrii Shrii Ánandamúrti | 1958年8月29日 Bhádra滿月日於Ramnagar大法會 | 05 至上吸引力與靈修法門 | 靈性性科學集成 卷7，P.80~81	1182	342
pair_0829_1958_082_240124	0829_1958_082_240124.txt	That is not to say that one should avoid physical and psychic clashes. On the contrary, one should encourage them, but without losing sight of the Macrocosmic goal.  When one’s mind becomes more subtle and expanded, it is no longer assailed by petty thoughts. The mind-atoms (atoms of ectoplasm) will be powdered down, and in the fire of sádhaná those powdered-down atoms will become ensconced in non-duality. So physical and psychic clash achieve their highest fulfilment in the attraction of the Great. Without this divine attraction, life loses its charm.	應鼓勵物質或心智層面的摩擦衝擊，但不要忘了至上目標。當一個人的心靈變得精細且擴展時，它不再受瑣碎念頭之干擾，心靈質將被粉碎，在靈性修持的熱力中被融化，將安住在無屬性至上本體之境。在至上的吸引力中，身體層面和心智層面的衝擊獲得了最圓滿的成果。沒有此等神性的吸引力，生命將失去它迷人的魅力。		Shrii Shrii Ánandamúrti | 29 August 1958, Bhádra Púrńimá DMC, Ramnagar | 05 Cosmic Attraction and Spiritual Cult | Subháśita Saḿgraha Part 7	Shrii Shrii Ánandamúrti | 1958年8月29日Bhádra滿月日於Ramnagar大法會 | 05 至上吸引力與靈修法門 | 靈性科學集成 卷7，P.82	560	143
pair_0829_1958_082_240506_Bhádra	0829_1958_082_240506_Bhádra.txt	When one’s mind becomes more subtle and expanded, it is no longer assailed by petty thoughts. The mind-atoms (atoms of ectoplasm) will be powdered down, and in the fire of sádhaná those powdered-down atoms will become ensconced in non-duality. So physical and psychic clash achieve their highest fulfilment in the attraction of the Great. Without this divine attraction, life loses its charm.	當一個人的心靈變得精細且擴展時，它不再受瑣碎念頭之干擾，心靈質將被粉碎，在靈性修持的熱力中被融化，將安住在無屬性至上本體之境。在至上的吸引力中，身體層面和心智層面的衝擊獲得了最圓滿的成果。沒有此等神性的吸引力，生命將失去它迷人的魅力。		Shrii Shrii Ánandamúti | 29 August 1958, Bhádra Púrńimá DMC, Ramnagar | 05 Cosmic Attraction and Spiritual Cult | Subháśita Saḿgraha Part 7	Shrii Shrii Ánandamúti | 1958年8月29日Bhádra滿月日於Ramnagar大法會 | 05 至上吸引力與靈修法門 | 靈性科學集成 卷7，P.82	394	117
pair_0829_1958_082_250523	0829_1958_082_250523.txt	The mind is one’s best friend if it moves towards subtlety, but if it degenerates and becomes crude it is one’s worst enemy.	走向精細的心靈是人類最偉大的朋友，然而若是它墮落至粗鈍之地，則將變成人類最致命的敵人。		Shrii Shrii Ánandamúrti | 29 August 1958, Bhádra Púrńimá DMC, Ramnagar | 05 Cosmic Attraction and Spiritual Cult | Subháśita Saḿgraha Part 7	Shrii Shrii Ánandamúrti | 1958年8月29日 Bhádra滿月日於Ramnagar大法會 | 05 至上吸引力與靈修法門 | 靈性性科學集成 卷7，P.82	124	43
pair_0829_1958_083_240117_Bhádra	0829_1958_083_240117_Bhádra.txt	When the goal of one’s ideation is Paramátman [the totality of all unit consciousnesses], one progresses in an absolute sense. As one’s psychic object is subtle and expansive, one’s psychic body also becomes subtle and expansive and finally becomes one with the Macrocosm. It was assumed that during the period of psychic clash in the phase of pratisaiṋcara, microcosms progress due to the resultant Vidyá force (a negative twenty in our example). But as a result of Cosmic ideation, can the speed of the microcosms’ progress exceed that pratisaiṋcara speed? Yes, it can. This is known as the attraction of the Great.	當一個人理念作用的目標是至上意識時，他即能獲得完全的進步。由於其心智目標是精細且擴展的，他的心智體也會隨之變成精細和擴展，最後與大宇宙合而為一。在宇宙向心運動的過程中經歷心智摩擦的衝擊，則個體小宇宙必可因這二十分的向心力量之助而前進。但個體小宇宙前進的速度會因大宇宙理念之作用而超越宇宙向心運動嗎？的確沒錯，這就是所謂的「至上吸引力」。		29 August 1958, Bhádra Púrńimá DMC, Ramnagar | Cosmic Attraction and Spiritual Cult | Subháśita Saḿgraha Part 7	1958年8月29日於Ramnagar大法會 | 至上吸引力與靈修法門 | 靈性科學集成卷7，P.83	621	168
pair_0831_1978_000_250831	0831_1978_000_250831.txt	In the final stage the devotee feels that, “I love Him, not to get any pleasure for myself. I love Him, because I want my love to give Him pleasure.” That is purely unilateral, not reciprocal. Where there is the idea of reciprocity, it is not devotion, it is an ordinary commercial transaction – give some money, get some article. Here the devotee wants to give everything to the Supreme Entity and wants nothing in return. I love you, not for myself. I love you because I want my love to give you pleasure. So, in that last, final stage, the devoteeʼs only wish is to give Him pleasure.	在最後的階段，虔誠者感覺到「我愛衪，不是為了使自己得到任何快樂。我愛衪，因為我希望我的愛為衪帶來快樂。」這純粹是單方面的，而非互惠的。如果有要求回報的念頭，則不是虔誠，而只是一般的商業交易──使用金錢，以得到某件東西。在此，虔誠者要將一切給予至上本體而不求任何回報。我愛你，不是為了我自己，我愛你，是因為我希望我的愛為你帶來快樂。所以，在最終的階段裡，虔誠者唯一的願望是為衪帶來快樂。		Shrii Shrii Ánandamúrti | 31 August 1978, Patna | 29 Who Is Gopa? | Ánanda Vacanámrtam Part 1	Shrii Shrii Ánandamúrti | 1978年8月31日於Patna | 29 誰是取悅上主的人 | 喜悅甘露集 卷1，P.62	587	192
pair_0831_1986_278_250904	0831_1986_278_250904.txt	The kaeshik propensity is more manifest in women than in men. There is a greater degree of sentimentality in women. Consequently, women can perform extraordinary feats that men cannot. Had these potentialities been harnessed for constructive activities, there would have been many benefits for the world, but as this aspect of womenʼs psychology is not known, society could not utilize their potential fully.	這種豐富情感極致表達(kaeshik)的習性在女性身上較為明顯。女性的情感非常豐富，所以她們可以做出男性所無法完成的非凡成就。如果能夠善用此習性於建設性的活動上，將對世界產生多重助益。但因為女性這方面的心理潛能尚未為人所知曉，故社會亦未能十足善用她們這方面的潛能。		Shrii Shrii Ánandamúrti | 31 August 1986, Calcutta | 34 Sentimentality: A Special Quality in Women – Excerpt A | The Awakening of Women	Shrii Shrii Ánandamúrti | 1986年8月31日於加爾各答 | 3-3 情感豐富──女性的一項特質 | 女性的覺醒，P.278~279	408	132
pair_0901_1978_197_240619	0901_1978_197_240619.txt	What is then the most precious thing in human life? It is devotion. If one has gotten devotion, one has gotten everything, and nothing remains unrealized. Devotees have to serve the Lord. Now, what is the true service? To serve His creation is the real service. In common practice, we see that the parents are pleased when their sons or daughters are served. Similarly, the simplest and easiest way to please Me is to serve humanity. Forget whatever you were in the past, or whatever you did in the past, and from this auspicious moment on dedicate yourself to the service of humanity.	人類生命中最寶貴的東西？就是虔誠。倘若一個人得到虔誠，他將得到一切，沒有不能被實現的東西。虔誠者必須服務上主。 何謂真正的服務？真正的服務就是服務祂所創造的萬有。因為當自己的子女被服務時父母都會很快樂。同樣的，取悅於「我」最單純最容易的方式就是為人類服務。忘掉你過去的一切或你過去之所作所為，從現在這神聖的一刻開始，將自己獻身為人類服務！		Shrii Shrii Ánandamúrti | 1 September 1978, Patna | Devotion | Ánanda Vacanámrtam Part 1	Shrii Shrii Ánandamúrti | 1978年9月1日於Patna | 虔誠 | 虔誠瑜伽的真諦，P.197	585	169
pair_0906_1955_070_251220	0906_1955_070_251220.txt	Brahma is beyond the scope of words and mind and yet even that verbally and mentally incomprehensible Brahma is attainable by effort. You have got to touch Him with your innermost heart of hearts, got to hold him with your intuition, got to attain him by merging your soul in the Supreme Soul. His body is not a quinquelemental, finite entity that you can see with your eyes. He is indeed subtler than the subtle, vaster than the vast. To see Him you have got to use the lens of knowledge, moving aside the blinding obstructions or bondage of Avidyá or the forces of microcosmic distraction.	至上意識超越語言、心智，但如此超越的至上意識卻可經由努力而達到。你必須用最深最深的心來感動祂，你必須用直覺的力量來緊緊把握住祂，必須融入祂以達到祂。祂的「體」不是你可以用肉眼看到由五大原素構成的有限實體。祂比精細還精細、比廣大還廣大。要能得見祂，唯有透過真知，擺脫無明的束縛力量才行。		Shrii Shrii Ánandamúrti | Post-Bhádra Púrńimá 1955 DMC | 03 The Intuitional Science of the Vedas – 3 | Subháśita Saḿgraha Part 2	Shrii Shrii Ánandamúrti | 1955年9月6日Bhádra滿月日後的大法會 | 03 吠陀直覺科學（三） | 靈性科學集成 卷2，P.70~71	592	142
pair_0906_1957_055_260608	0906_1957_055_260608.txt	To attain Him, the flow of the microcosmic mind should be directed towards Him alone. Those for whom Puruśa is the only object of constant ideation, the be-all and end-all of life, unfold their cognitive faculty by degrees, thus acquiring the strength to overpower the static bondages and become established in the spiritual stance.	只有將小宇宙的心靈波流導向祂才能夠得到祂。對「宇宙意識」是他們唯一持念目標、是生命中最要緊之事、且逐步開展其認知能力者而言，他們將獲得克服惰性束縛的力量，而立足於靈性之境。	Per raggiungerLo, il flusso della mente microcosmica dovrebbe essere diretto esclusivamente verso di Lui. Coloro per i quali Puruṣa è l’unico oggetto di costante ideazione, l’unico scopo e significato della vita, sviluppano gradualmente la propria facoltà cognitiva; acquisiscono così la forza necessaria per superare i vincoli statici e stabilirsi saldamente nella dimensione spirituale.	Shrii Shrii Ánandamúrti | Bhádra Púrńimá 1957 DMC, Katihar, Bihar | 03 The Highest Category of Devotion | Subháśita Saḿgraha Part 6	Shrii Shrii Ánandamúrti | 1957年9月6日Bhádra滿月日於Katihar, Bihar大法會 | 03 最高的虔誠 | 靈性科學集成 卷6，P.55	333	86
pair_0906_1957_058_240316_Bhádra	0906_1957_058_240316_Bhádra.txt	To turn this academic love into universal love one must colour the molecules and atoms of this dusty earth with oneʼs love. This is not possible for an ordinary follower of the cult of knowledge. Such people can be very pedantic, but unless certain effective ways are adopted to become one with the Supreme Entity, this knowledge will become barren. Sádhakas know that to become one with Him they will have to remain absorbed in constant ideation on Him, and then only will He appear in their hearts in His most attractive form.	要想把理論上的愛轉化成為真正宇宙之愛，一個人必須用他真正的愛將此灰濛濛的塵世中之每一分子、每一原子都著上漂亮的色彩。此乃一般追求知識法門者所無法做到的，因為他們皆好賣弄學問，但除非你能採取一種與至上本體合一的有效方法，否則這知識是不會帶來任何結果的。靈性修持者深知，若想與祂合一，他們必須不斷持念祂，唯有如此，祂才會以最迷人的形象來到他們的心靈深處。		Bhádra Púrńimá 1957 DMC, Katihar, Bihar | The Highest Category of Devotion, Subháśita Saḿgraha Part 6	1957年9月6日Bhádra滿月日於Katihar大法會 | 最高的虔誠，靈性科學集成卷6，P.58	529	175
pair_0906_1957_065_260115	0906_1957_065_260115.txt	He is spotless, actionless, without distortion, calm and tranquil, unaffected by external stimuli, unblemished. He is the bridge connecting the microcosm to immortality. Through constant ideation on Him, the seeds of oneʼs accumulated saḿskáras become burnt.	祂純淨無瑕、寂然不動、永恆不變、不受外在刺激的影響、完美無缺。祂是連接小宇宙個體走向永恆的橋樑。透過不斷持念祂，將燒盡累世曠劫的業力種子。	Shrii Shrii Ánandamúrti Bhādra Pūrṇimā, 1957 – DMC, Katihar, Bihar La più alta categoria della devozione Subhāṣita Saṃgraha, Parte 6	Shrii Shrii Ánandamúrti | Bhádra Púrńimá 1957 DMC, Katihar, Bihar | 03 The Highest Category of Devotion | Subháśita Saḿgraha Part 6	Shrii Shrii Ánandamúrti | 1957年9月6日Bhádra滿月日於Katihar, Bihar大法會 | 03 最高的虔誠 | 靈性科學集成 卷6，P.65	260	69
pair_0906_1957_066_250607	0906_1957_066_250607.txt	Human misery originates from oneʼs imperfect thoughts. By ideating on the Great one can be relieved of misery forever.	人類的苦難皆源自其不完美的思想念頭。透過持念、觀想這偉大的本體，一個人才可能自苦難中永遠地解脫出來。		Shrii Shrii Ánandamúrti | Bhádra Púrńimá 1957 DMC, Katihar, Bihar | 03 The Highest Category of Devotion | Subháśita Saḿgraha Part 6	Shrii Shrii Ánandamúrti | 1957年9月6日Bhádra滿月日於Katihar, Bihar大法會 | 03 最高的虔誠 | 靈性科學集成 卷6，P.66	118	50
pair_0906_1957_069_260225	0906_1957_069_260225.txt	However much people might pursue the cult of knowledge and action, the science of Brahma should be taught only to those who possess parábhakti. This parábhakti should be directed towards both Brahma and the guru. One should remember that there is only one Guru. The actual Guru is not the physical body of a guru but the Entity who works through the physical body. Hence, Paramátmá alone is the Guru. Through parábhakti, one can easily transcend oneʼs “I” feeling and attain the non-attributional stance. Those who possess parábhakti or kevalá bhakti are free from mahima jiṋána [the notion that God is too perfect to be attained by a mere mortal]. Hence, the attainment of emancipation is possible only through parábhakti. Spiritual aspirants with developed parábhakti can proclaim that the universe is all Brahma; Brahma alone is the Supreme desideratum of all microcosms.	不管人們多麼追求知識和行動法門，至上意識靈性直覺科學仍應只教給具有絕對虔誠的人。這種絕對的虔誠應被同時導向至上意識和古魯。你應記住，古魯只有一個。真正的古魯不是古魯的肉身，而是透過這個肉身運作的至上本體。因此唯有至上本體是古魯。透過絕對的虔誠，一個人可以輕易地超越他的我覺而達到無屬性至上本體的境界。有的人認為完美的上帝非一般凡人所能企及(mahimá jinána)，但具有絕對虔誠的人不再受到此種觀念的束縛。因此唯有透過絕對的虔誠，一個人才有可能得到解脫。具有絕對虔誠的靈性渴望者可以宣稱這個宇宙就是至上意識，唯有至上意識是所有個體小宇宙的最高目標。	Per quanto le persone possano dedicarsi al culto della conoscenza e dell’azione, la scienza di Brahma dovrebbe essere insegnata soltanto a coloro che possiedono parábhakti. Questa parábhakti deve essere rivolta sia a Brahma sia al Guru. Si deve ricordare che il Guru è uno solo. Il vero Guru non è il corpo fisico di un maestro, bensì l’Entità che opera attraverso quel corpo fisico. Pertanto, soltanto Paramátmá è il Guru. Mediante parábhakti si può facilmente oltrepassare il sentimento dell’“io” e stabilirsi in uno stato di coscienza in cui non ci si identifica più con attributi, ruoli o qualità limitanti. Coloro che possiedono parábhakti o kevalá bhakti sono liberi da mahima jiñána [l’idea che Dio sia troppo perfetto per poter essere raggiunto da un semplice mortale]. Per questo motivo la liberazione spirituale può essere raggiunta solo mediante parábhakti. Gli aspiranti spirituali che hanno sviluppato parábhakti in modo maturo possono proclamare che l’universo è interamente Brahma; Brahma soltanto è la meta suprema di tutti i microcosmi.	Shrii Shrii Ánandamúrti | Bhádra Púrńimá 1957 DMC, Katihar, Bihar | 03 The Highest Category of Devotion | Subháśita Saḿgraha Part 6	Shrii Shrii Ánandamúrti | 1957年9月6日Bhádra滿月日於Katihar, Bihar大法會 | 03 最高的虔誠 | 靈性科學集成 卷6，P.69～70	885	277
pair_0906_1957_329_260306	0906_1957_329_260306.txt	Through knowledge, one should ascertain the best path and the proper direction to take, and then advance along it with ceaseless efforts. This path of movement is the path towards the supreme attainment (Paramártha). By knowing and understanding the path as well as the goal of life, and acting accordingly, one will unify oneself with the Supreme Desideratum in the end. Total merger with the Cosmic Desideratum becomes a reality through absolute sincerity.	一個人透過知識，當確認何者為正確的方向以及最好的道路，並以不懈的努力沿此道前行。此行進的道路乃朝向至上成就(Paramaŕtha)的道路。知曉並熟悉這條道路以及生命的目標，且依此前行，最後將與至上目標合而為一，與至上目標完全融合因透過絕對的真誠而實現。	Attraverso la conoscenza si deve riconoscere il sentiero giusto e avanzare nella direzione corretta con sforzo costante. Questo movimento conduce alla realizzazione suprema (Paramārtha). Quando il cammino e lo scopo della vita sono chiari e l’azione è coerente con essi, l’essere umano si unisce al Supremo Desiderato. La fusione con il Desiderato Cosmico diventa allora una realtà, resa possibile da una sincerità assoluta.	Shrii Shrii Ánandamúrti | Bhádra Púrńimá 1957 DMC, Katihar, Bihar | 03 The Highest Category of Devotion | Subháśita Saḿgraha Part 6	Shrii Shrii Ánandamúrti | 1957年9月6日Bhádra滿月日於Katihar, Bihar大法會 | 30 最高的虔誠 | 虔誠瑜伽的真諦，P.329	459	126
pair_0906_1957_335_250915	0906_1957_335_250915.txt	Those who dismiss the world as illusory, do injustice to their individual prowess, and become very cynical. This negative approach leads the human society astray, partially or fully. Seeing how deeply you love your children a Máyávádin [a proponent of the doctrine of illusion] will say, “Be careful, you are about to fall in the snare of attachment. Remember this relative world is just an illusory prison.” To such a negative statement, a genuine Ananda Margi will say with robust optimism: “Of course I will love my children with all my heart, and through sádhaná, expand this love to its greatest or unlimited extent. Let this love which was confined to one child be extended to all children. By taking the hearts of all parents within oneʼs own heart one realizes that every child is worthy of this love.” This sort of awareness is possible only through real knowledge – the knowledge of truth.	那些認為世界是幻象而棄世絕塵的人變得非常悲觀，他們並未善用他們英勇的才能。此種負性的追求讓人類社會完全或部分偏離了正道。看見你如此深愛著你的小孩時，認為世界是幻象的擁護者(máyávádin)會說：「小心哪！你即將落入執著的陷阱裡啊！你要記得這個相對的世界僅僅只是一個幻象的監獄啊！」面對這樣負性的言論，一個真正堅強的阿南達瑪琪將以健康樂觀的態度對他說：「我當然會全心愛我的小孩，同時我也會透過我的靈性修持將此愛擴展至最大、無限之境。幼吾幼以及人之幼，感受天下父母心的人，將明白天底下所有的小孩都該擁有這樣的愛。」此等覺醒唯有透過真正的知識才能達到。		Shrii Shrii Ánandamúrti | Bhádra Púrńimá 1957 DMC, Katihar, Bihar | 03 The Highest Category of Devotion | Subháśita Saḿgraha Part 6	Shrii Shrii Ánandamúrti | 1957年9月6日Bhádra滿月日於Katihar, Bihar大法會 | 30 最高的虔誠 | 虔誠瑜伽的真諦，P.335	904	275
pair_0906_1957_336_250207	0906_1957_336_250207.txt	Through theoretical knowledge one can only understand what one should or should not do in sádhaná, and nothing more. To turn this academic love into universal love one must colour the molecules and atoms of this dusty earth with oneʼs love.	理論上的知識只能讓你瞭解在靈性修持上何者是該做的，而何者是不該做的，僅僅如此而已。要想把理論上的愛轉化成為真正宇宙之愛，一個人必須用他真正的愛將此灰濛濛的塵世中之每一分子、每一原子都著上漂亮的色彩。		Shrii Shrii Ánandamúrti | Bhádra Púrńimá 1957 DMC, Katihar, Bihar | 03 The Highest Category of Devotion | Subháśita Saḿgraha Part 6	Shrii Shrii Ánandamúrti | 1957年9月6日Bhádra滿月日於Katihar, Bihar大法會 | 30 最高的虔誠 | 虔誠瑜伽的真諦，P.336	242	99
pair_0906_1957_342_260410	0906_1957_342_260410.txt	Who is the propounder of intuitional science? Is he a particular muni [sage] or rśi? No, Brahma is the Propounder who expresses His ideas through the vocal cords of different sages. No individual human being deserves the credit for human excellence. It is due to His grace alone that the intuitional science was revealed.	是誰創立了靈性直覺科學？是某一聖者？抑或是一個聰明的知識分子呢？都不是，而是至上意識才是靈性直覺科學的創立者。至上意識透過不同的聖人表達出祂的理念。人類的優越不能歸功於任何個人，唯有祂的恩典，才有靈性直覺科學的出現。	Chi è l’autore della scienza intuitiva? È forse un particolare muni [saggio] o ṛṣi? No, è Brahma l’Autore: Egli esprime le Sue idee attraverso le corde vocali di diversi saggi. Nessun essere umano individuale merita il merito dell’eccellenza umana. È soltanto per la Sua grazia che la scienza intuitiva è stata rivelata.	Shrii Shrii Ánandamúrti | Bhádra Púrńimá 1957 DMC, Katihar, Bihar | 03 The Highest Category of Devotion | Subháśita Saḿgraha Part 6	Shrii Shrii Ánandamúrti | 1957年9月6日Bhádra滿月日於Katihar, Bihar大法會 | 30 最高的虔誠 | 虔誠瑜伽的真諦，P.342	322	108
pair_0906_1957_347_260522	0906_1957_347_260522.txt	There are two broad categories of love or devotion: Prema and parábhakti. Prema (love for the Supreme) occurs when there is a strong attraction for the Supreme Entity (as opposed to káma, which is love for relative objects). Even though the “I” feeling greatly expands as one strives to seek shelter in Parama Puruśa, the existential “I” feeling does not altogether disappear. So through prema one can attain mukti [liberation]. But to attain mokśa [salvation], parábhakti, exclusive devotion to Parama Puruśa, is required.	愛或虔誠有兩大類：一種是神性之愛(prema)，一種是絕對的虔誠(parábhakti)。對至上本體有強烈的吸引時就產生神性之愛，和世俗的情愛(Káma)相反，世俗的情愛是對相對事物的渴望。儘管一個人努力尋求至上意識的庇護，他的我覺將極度擴展，但這存在的我覺仍未完全消失，所以透過神性之愛，他能得到自在解脫(mukti);然而若想得到究竟解脫，則絕對的虔誠，意即對至上意識完全的虔誠是必須的。	Esistono due grandi categorie di amore o devozione: prema e parábhakti. Prema (amore per il Supremo) si manifesta quando vi è una forte attrazione verso l’Entità Suprema (a differenza di káma, che è amore per gli oggetti relativi). Anche se il senso dell’“io” si espande enormemente mentre si cerca rifugio in Parama Puruśa, il senso esistenziale dell’“io” non scompare del tutto. Così, attraverso prema si può conseguire la mukti [liberazione]. Ma per raggiungere mokśa [salvezza], è necessaria parábhakti, la devozione esclusiva verso Parama Puruśa.	Shrii Shrii Ánandamúrti | Bhádra Púrńimá 1957 DMC, Katihar, Bihar | 03 The Highest Category of Devotion | Subháśita Saḿgraha Part 6	Shrii Shrii Ánandamúrti | 1957年9月6日Bhádra滿月日於Katihar, Bihar大法會 | 30 最高的虔誠 | 虔誠瑜伽的真諦，P.347	529	196
pair_0907_1978_095_250617	0907_1978_095_250617.txt	One attains the stage of devatá, then what one thinks, one says; and what one says, one does. There is no difference amongst thinking, saying, and doing. And that is the best stage of human structure or human existence.	一個人達到神的階段時，他所說的就是他所想的；他所做的就是他所說的。其思想、言語與行動之間並無差別。此為人類結構或人類生存的最佳階段。		Shrii Shrii Ánandamúrti | 7 September 1978 Morning, Patna | 36 From Animality to Divinity | Ánanda Vacanámrtam Part 1	Shrii Shrii Ánandamúrti | 1978年9月7日晨於Patna | 36 從獸性到神性 | 喜悅甘露集 卷1，P.95	220	66
pair_0908_1979_072_240525	0908_1979_072_240525.txt	In devotion there is no scope for being puffed up with vanity. Because in devotion finally you want to surrender yourself. You want, finally you want – “O Lord, I love You just to give you pleasure. And, O Lord, I donʼt want You, You just take me as Yours.”	在虔誠之中不會產生虛榮的自大感，因為有了虔誠最後你必然想要將自身臣服，你最終所希望的一定是：「哦，主啊！我愛您只為了使您快樂。主啊，我不是要得到您，請您讓我屬於您。」		Shrii Shrii Ánandamúti | 18 September 1979 DMC, Reykjavik | Human Life and Its Goal | Subháśita Saḿgraha Part 13	Shrii Shrii Ánandamúti | 1979年9月18日於Reykjavik大法會 | 人類生命及其目標 | 靈性科學集成卷13，P.72	257	83
pair_0910_1983_903_240523	0910_1983_903_240523.txt	Tumi jakhan esechile Takhan púrńimá chilo Lukocuri cáṋder sauṋge Megher calchilo	一輪滿月高掛，幾朵白雲遮去部分月亮，一顆彗星劃過天空。 一隻白色的仙鶴飛過天際。 一名穿著輕薄橘色洋裝的長髮女子在月光下的蓮花池畔散步。				80	68
pair_0911_1978_106_230925	0911_1978_106_230925.txt	Now, everything that is known to the Macro-psychic Entity is within Its infinite structure, within Its infinite framework. Everything is within, nothing without. Everything is His internal mental projection, intra-psychic projection. That is why He knows everything and will always know everything. And for individuals, for micropsychic entities or microcosms, almost everything is external. There lies the imperfection. And what is the spiritual practice of a spiritual aspirant? His is a movement, a never-ending movement, from imperfection towards perfection, from electronic imperfection towards nuclear perfection.	大宇宙心智本體所知道的一切都在祂無限的結構裡，都在祂無限的架構裡。一切是內在的，沒有任何事物是外在的。一切都是祂內在精神的投射、內在心理的投射。這就是為何祂知道一切而且將永遠知道一切。而對於個人來說，對於小宇宙心智個體或小宇宙個體而言，幾乎一切都是外在的，這裡存在著不完美。那麼一個靈性渴望者的靈性修持是什麼？他的靈性修持是一種前進，一種永無休止的前進，從不完美走向完美的核心。		Shrii Shrii Ánandamúrti | 11 September 1978, Patna | 03 Omniscience of the Macro-Psychic Entity | Ánanda Vacanámrtam Part 2	Shrii Shrii Ánandamúrti | 1978年9月11日於Patna | 40 無所不知的大宇宙心智本體 | 喜悅甘露集 卷1，P.106	619	189
pair_0911_1979_003_241208	0911_1979_003_241208.txt	What is their goal? They have to go back to Parama Puruśa, from where they came. So He is the starting point, He is the dwelling point, and He is the culminating point of all creatures. So there lies an eternal tie of fraternity among human beings, among the living world. You are all spiritual aspirants. You are all devotees. You are all going to be one with the Creator. You should remember this inherent tie of humanistic fraternity. Try to help others with all your might, try to help others as much as you can, because it is the desire of Providence that humanity should march onward with maximum cooperation, with maximum cooperative cooperation. And, if you move along the path of righteousness with the spirit of Universal Fraternity, victory is yours. The blessing of Parama Puruśa will always be with you.	什麼是他們的目標？他們必須回到他們所從來之處──至上意識那裡。所以，祂是起點，是源頭，也是萬有一切極致之終點。因此，人類和其他生物間存在著與生俱有的兄弟情誼。你們全都是靈性的渴望者，你們都是虔誠者，你們都將與至上創造者合而為一。你們應該牢牢記住這種與生俱來的內在聯繫，盡你們所能去幫助他人吧！因為互相提攜共同前進乃上主之心願。如果大家都能以宇宙之愛的情誼在正確的道上前行，那麼勝利必定屬於你們。至上意識的祝福也必定永遠與各位同在。		Shrii Shrii Ánandamúrti | 11 September 1979, Athens | 15 Universal Fraternity | Ánanda Vacanámrtam Part 14	Shrii Shrii Ánandamúrti | 1979年9月11日於雅典 | 01 宇宙之愛 | 喜悅甘露集 卷7，P.3	818	215
pair_0912_1979_223_250517	0912_1979_223_250517.txt	Now, there is a common wont in each and every human mind, and that wont differentiates a man, a human being, from animals, people from plants. What is that difference? That spiritual wont is called human dharma. What is it? It wants to expand; and second, they want to become one with the Cosmic. Third thing, it wants to do something noble, and the fourth thing was peace, supreme peace, undisturbed peace. These are the four special qualifications of human beings. Collectively, you may say, it is the human mode.	人類的心靈都有共通的渴望，這種渴望使得人與動物、植物有所區分。那是什麼呢？那種靈性的渴望就是「人類的法性」。何謂「法性」?人類想要擴展，而且想要與大宇宙本體合而為一，同時他們也想要做一些崇高的事以及獲得平靜——無限的祥和寧靜。以上四項是人類特有的特質，總而言之，這些就是人之所以為人的特性。		Shrii Shrii Ánandamúrti | 12 September 1979, Haifa | 16 What Is Yoga? | Ánanda Vacanámrtam Part 14	Shrii Shrii Ánandamúrti | 1979年9月12日於Haifa | 24 瑜伽 | 喜悅甘露集 卷12，P.223	515	145
pair_0914_1979_053_250512	0914_1979_053_250512.txt	In quest of this Infinite, man first came in contact with the aesthetic science. Aesthetic science does not always mean to get something pleasant or to come in contact with something [pleasant]; it may be something troublesome, something embarrassing – it may or may not always be pleasant. Aesthetic science is that which one can express in a subtler way, from subtle to subtler, and when it reaches the subtlest point, that point is the pinnacle of human glory. Now, it is the duty of artists to express in a nice way, a lucid way, and place the same before the world. Anybody and everybody cannot do it. But enjoying this aesthetic bliss or aesthetic charm is within the capacity of each and every human being.	在尋求無限時，人們首先接觸到美學。美學並非總是意味著獲得快樂的東西，它也可能意味著得到惱人的或令人難堪的東西，所以美學不一定是快樂的，而是一種能以較精細方式表達的科學。從精細到更精細，在達到最精細的這一點時，就是人類光輝的極致。現在，藝術家的責任就是以優美而清晰的方式來表達他們的作品，將其展現在世人面前。這不是每個人都做得到的，但以美的品味或美的眼光來欣賞東西，則是在每個人的能力範圍之內。		Shrii Shrii Ánandamúrti | 14 September 1979, Istanbul | 07 Mysticism and Yoga | Yoga Sádhaná	Shrii Shrii Ánandamúrti | 1979年9月14日於伊斯坦堡 | 07 神祕學與瑜伽 | 生命科學觀：瑜伽心理學，P.53	713	196
pair_0914_1979_057_240412	0914_1979_057_240412.txt	When one unit thinks that “I am a drop of water”, it is a drop of water. And when it thinks that “I am not a drop of water, I am the ocean”, it is the ocean. Similarly, when the unit ensconces itself in the Supreme Excellence it becomes Supreme, it becomes one with the Lord. And when it becomes one with the Lord no obstacle can defeat him.	當一個人認為「我是個小水滴」時，他就只是一個小水滴；但要是他認為「我不是一個小水滴，而是大海洋」時，他就會是海洋。同樣的，當個體將自身安住在至上之境，他就成了至上意識，與上主合而為一。當他與上主合而為一時，再無阻礙可以擊敗他。		14 September 1979 DMC, Haifa | Subjective Approach and Objective Adjustment | Subháśita Saḿgraha Part 13	1979年9月14日於Haifa大法會 | 主體的接近與客體的調適，靈性科學集成卷13，P.57	341	113
pair_0914_1979_060_250920	0914_1979_060_250920.txt	And the fourth one is the spiritual stage, the stage of spirituality. What is the stage of spirituality? Each and every entity, in physical world, psychic world, and in the world of Dharma, is a metamorphosed form of the Supreme Consciousness. And when everything is a metamorphosed form of the Supreme Entity then one will feel, one is to feel, that everything of this universe is spiritual, nothing is physical or psychic. Everything there is, is the dance of the Cosmic Cognition. And when one realizes this Supreme Truth, this all-pervading standard of veracity, one gets complete composure, one enjoys the supreme bliss. This is the only way to attain salvation. This is the only way to attain liberation of a permanent nature. There is no other alternative. So you should remember, your life should start from the point of devotion, culminate in the point of devotion. Devotion is the order, [[devotion is the principle,]] and devotion is the policy for each and every spiritual aspirant and it is the principle for all intellectual and spiritual-minded people.	第四階段是純粹靈性的階段。這是什麼樣的階段呢？物質世界、心理世界和法性世界的萬事萬物、每個實體都是至上意識變化的形象，當萬有事物都是至上本體變化而來的形象時，我們當然就會感覺到宇宙間的一切全部都是靈性的，不是物質的，也不是心理的。宇宙萬有都是至上認知力之舞動。 當吾人了悟到此一至上真理時，他就會得到完全的平靜，他會享受到至上的喜悅。這是獲得解脫的唯一途徑。這是得到究竟之境的唯一道路，別無他途可循。故你要牢記，你的生命應始於虔誠並終於虔誠。虔誠即是一切，它是每個靈性修行者、智者和靈性追求者必須遵守之法則。		Shrii Shrii Ánandamúrti | 14 September 1979 DMC, Haifa | 01 Subjective Approach and Objective Adjustment | Subháśita Saḿgraha Part 13	Shrii Shrii Ánandamúrti | 1979年9月14日於Haifa大法會 | 05 主體的接近與客體的調適 | 靈性科學集成 卷13，P.60~61	1067	254
pair_0914_1979_318_240520	0914_1979_318_240520.txt	When man started his movement in quest of that Supreme Being, in quest of that Supreme Bliss, man first came in contact with spirituality. And as spirituality is coming in contact with the Infinite, that is, the finite comes in contact with the Infinite, it is called yoga.	當人開始朝向至上本體前進，開始尋求至上喜悅時，首先會接觸到靈性。由於靈性就是與無限接觸，也就是說，有限與無限的接觸，此即稱為「瑜伽」(yoga)。		Shrii Shrii Ánandamúti | 14 September 1979, Istanbul | Mysticism and Yoga | Yoga Sádhaná	Shrii Shrii Ánandamúti | 1979年9月14日於伊斯坦堡 | 神秘學與瑜伽 | 瑜伽修持科學觀，P.318	273	73
pair_0915_1979_019_240205	0915_1979_019_240205.txt	This is what your strength is. You are solely dependent on his grace. So, actually the owner of everything is Parama Puruśa, and the Supreme Doer of each and every action is that Parama Puruśa. He is the Supreme Fountain of all energies.	這就是你的「力量」。你全都要仰賴祂的恩典。故真正擁有萬物的是至上意識，每一個行動的真正從事者也是至上意識。祂才是所有力量的至上泉源。		15 September 1979, Istanbul | The Supreme Truth | Ánanda Vacanámrtam Part 14	1979年9月15日於伊斯坦堡 | 至上的真理，喜悅甘露集卷7，P.19	239	66
pair_0915_1979_120_241217	0915_1979_120_241217.txt	While moving towards this Macrocosmic Nucleus, no bar should be tolerated, no obstacle should be encouraged. Let there be an unbarred movement of humanity, let there be an unbarred progress of humanity. Humanity that knows no colour, no racial or blood barrier, no historical or traditional barrier. Human beings have got the same human legacy, and they must boldly stand upon that legacy and move forward with the banner of universal humanity.	在往至上核心前進之時，你必須排除萬難，不可助長橫逆道上的阻礙。願人類的前進是平坦的康莊大道，願人類的進步直通無礙！人類沒有膚色、種族、服裝、歷史或傳統的隔閡，人類擁有相同的人類資產，他們應勇敢立足於此基礎，並揮舞著宇宙情懷的旗幟向前進。		Shrii Shrii Ánandamúrti | 15 September 1979 evening, Istanbul | 20 Beware of Dogma | Ánanda Vacanámrtam Part 14	Shrii Shrii Ánandamúrti | 1979年9月15日傍晚於伊斯坦堡 | 15 嚴防教條 | 喜悅甘露集 卷8，P.120	444	118
pair_0917_1978_138_230923	0917_1978_138_230923.txt	Your only object of ideation or meditation or adoration, the only subjective pabulum, should be that Nirakśara. You will have to do His abhidhyána, withdrawing yourself from all transitoriness of this world and goading that withdrawn propensity or those withdrawn propensities into the Nirakśara.	你們理念或靜坐或崇敬的唯一目標、唯一主體的精神食糧，應該是那個解脫眾生的至上本體，你們將必須從事祂的禪定修持。將自己從無常的世界中回收，並將此收攝之心智情緒傾向作用導向解脫眾生的至上本體。		Shrii Shrii Ánandamúrti | 17 September 1978, Patna | 09 Liberation from Viśńumáyá | Ánanda Vacanámrtam Part 2	Shrii Shrii Ánandamúrti | 1978年9月17日於Patna | 46 從無所不在的宇宙力量中解脫 | 喜悅甘露集 卷1，P.138	299	94
pair_0918_1978_072_260327	0918_1978_072_260327.txt	In devotion there is no scope for being puffed up with vanity. Because in devotion finally you want to surrender yourself. You want, finally you want – “O Lord, I love You just to give you pleasure. And, O Lord, I donʼt want You, You just take me as Yours.” One must follow the path of the yogi, and one must accept that Universal Entity as oneʼs supreme goal. There is no alternative. As the universal “I” is the Supreme Creator, Supreme Generator, everything in this universe is His progeny, and He is the progenitor. He is the Supreme Father. You have a family relation with that Supreme Entity, and not a relationship of external formality. He is yours, and you should also remember that nothing is external for Him. Everything is within, nothing is without. So you have been created by Him and you are in Him, and, because He is your supreme goal, finally you will be with Him, you will be one with Him. For this you require no special education, no knowledge of philosophy, and no other external attributions. Supreme love for the Supreme Universal Entity will make you one with Him.	在虔誠之中不會產生虛榮的自大感，因為有了虔誠，最後你必然想要將自身臣服，你最終所希望的一定是：「哦，主啊！我愛您只為了使您快樂。主啊，我不是要得到您，請您讓我屬於您。」人唯有遵循瑜伽行者的道路，接受至上本體為其生命之至上目標，此外別無他途可循。此宇宙之大我乃至上的創造者、至上的生產者，宇宙間的萬有事物都是祂的子孫；祂是始祖，是至上之父。你與至上本體並非任何外在形式的關係，而是有著家庭親情般的聯繫，祂是你的。你也應該牢記在心：沒有任何事物存在祂之外，所有一切都在祂的內在。所以你既然是祂的創造，你也是在祂的內在，因為祂是你的目標，所以你最終會融入於祂，與祂合而為一。為此，你不需要受過特別的教育，也不需要有什麼哲學知識，任何外在的條件都不必要，只要你心中有對至上本體的愛，必然可以與祂合而為一。	Nella devozione non c’è spazio per gonfiarsi di vanità. Perché nella devozione, alla fine, ciò che si desidera è abbandonarsi completamente. Si arriva a dire: «O Signore, Ti amo solo per darti gioia. E, o Signore, non voglio Te: prendi me come Tuo». Si deve seguire il cammino dello yogi e si deve accettare quell’Entità Universale come proprio scopo supremo. Non c’è alternativa. Poiché l’“Io” universale è il Creatore Supremo, il Generatore Supremo, tutto in questo universo è la Sua progenie ed Egli ne è il Progenitore. Egli è il Padre Supremo. Tu hai una relazione familiare con quell’Entità Suprema, non un rapporto di formalità esteriore. Egli è tuo, e dovresti anche ricordare che nulla è esterno per Lui. Tutto è interno, nulla è esterno. Così tu sei stato creato da Lui e sei in Lui e, poiché Egli è il tuo scopo supremo, alla fine sarai con Lui, sarai uno con Lui. Per questo non è necessaria alcuna educazione speciale, né conoscenza filosofica, né altri attributi esterni. L’amore supremo per l’Entità Suprema Universale ti renderà uno con Lui.	Shrii Shrii Ánandamúrti | 18 September 1979 DMC, Reykjavik | 09 Human Life and Its Goal | Subháśita Saḿgraha Part 21	Shrii Shrii Ánandamúrti | 1978年9月18日於冰島首都雷克雅維克大法會 | 06 人類生命及其目標 | 靈性科學集成 卷13，P.72	1089	348
pair_0918_1979_000_251101	0918_1979_000_251101.txt	Humans come to this earth for a very short span. And within this short span they are to do so many duties. When the span is short, not a moment should be wasted. And it is desirable that they know their goal and the path from the very beginning of their life. One must not wait for old age. That is, one should know the correct path, one should know the correct destination or desideratum, from an early stage of oneʼs life. But what is the goal, and what is the path? – that is the question. So many books, so many scriptures, say so many things: “Do this.” “Do that.” So what should one do? A common person fails to understand what to do and what not to do. There are so many social codes – what to do and what not do. There are so many dos and so many donʼts. Spiritual aspirants fail to know what to do. The great men who reached the goal say, “Donʼt be misguided by so many books and so many theories and so many dogmas. Be guided by the established yogis.” Who is a yogi? And what is yoga? There are so many definitions by so many scholars. But the accepted principle regarding yoga is Saḿyoga yoga ityukto jiivátma Paramátmanah.	何謂人生之目標？人類生而為人，在世間的停留不過短短一瞬；然而在這極短的時光裡，卻肩負著無數的責任與使命。既然時間如此短暫，片刻也不應浪費。因此，人生最理想的，是能在一開始──在生命尚年輕之時──就明白自己的方向與道路。不必等到白髮蒼蒼，才開始尋找真理。人應在早年便知：何為正確之路？何為最終之目的？然而──目標是什麼？道路又是什麼？這正是人生的疑問。 世間經典繁多，教義紛紜──「應該這樣做」、「不該那樣做」，各執一詞。普通人因此困惑：究竟何者為是？何者為非？社會亦立下種種規範，滿是「該做」與「不該做」。而修行者，在這眾聲紛擾之中，往往迷失方向。然那些已達終極目標的聖者告訴我們：「莫為書本與理論所惑，莫被教條與辯說所迷。應讓自己的心，跟隨真正已達合一境界的瑜伽士之路。」 何謂瑜伽？何謂瑜伽士？歷代學者給出無數定義，然真正的原理在於：Saḿyoga yoga ityukto jiivátmá Paramátmanah.──「瑜伽，乃個體意識(Jiivátman)與宇宙意識(Paramátman)之合一。」		Shrii Shrii Ánandamúrti | 18 September 1979 DMC, Reykjavik | 09 Human Life and Its Goal | Subháśita Saḿgraha Part 21	Shrii Shrii Ánandamúrti | 1978年9月18日於冰島首都雷克雅維克大法會 | 06 人類生命及其目標 | 靈性科學集成 卷13，P.63~64 | 2025年11月1日Cittashrii新譯	1138	456
pair_0919_1979_113_250716	0919_1979_113_250716.txt	I am always an optimist. And I want all my sons and daughters to be optimists. And I want them to struggle against this death signal of humanity, and come out successful. And I am sure that you boys and you girls must be optimists; and it is your duty to save humanity. And I hope you will be able to save humanity, because, just like me, you are also optimistic.	我永遠都很樂觀，我希望我的孩子們也跟我一樣樂觀，而且我也希望他們起身成功地對抗這種導致人類滅亡的肇因。 我確信你們是樂觀的人，拯救人類是你們的責任。我希望你們能做到，因為就像我一樣，你們也是樂觀主義者。		Shrii Shrii Ánandamúrti | 19 September 1979 evening, Frankfurt | 21 To Save Humanity | Ánanda Vacanámrtam Part 14	Shrii Shrii Ánandamúrti | 1979年9月19日傍晚於Frankfurt | 17 拯救人類 | 喜悅甘露集 卷11，P.113~114	363	101
pair_0921_1979_025_250905	0921_1979_025_250905.txt	The Supreme Entity, Parama Puruśa, is omniscient. He not only sees what you do, He also sees what you think, what you are contemplating, what the thought-waves of your mind are. Then He is omniscient, and you are His object. He sees what you do. He is the subject, you are the object. Then how can the mind know Him? … What is the secret? It is that whatever you are doing, whatever you are thinking, you should always remember that that action of yours, those thoughts of yours, are being witnessed by Him. If you remember this, He remains the subject and you remain the object.	至上本體是全知的，祂不僅觀照你所做的一切，祂也觀照你的每一個念頭，你所想的一切，你心靈的思想波流是什麼。祂是全知的，所以你是祂的客體，祂看著你的所做所為，祂是你的主體，你是祂的客體。那麼我們的心靈如何能知道祂呢？……其秘訣為何？就是不管你做什麼、想什麼，你都應該永遠記得你所有的行動、所有的思維，都在祂的觀照下，都為祂所見證。如果你能記得這項事實，祂就永遠是主體而你是祂的客體。		Shrii Shrii Ánandamúrti | 21 September 1979, morning, Kingston, Jamaica | 22 Subjective Approach through Objective Adjustment | Ánanda Vacanámrtam Part 14	Shrii Shrii Ánandamúrti | 1979年9月21日晨於牙買加金斯敦 | 04 透過客體的調適以接近主體 | 喜悅甘露集 卷7，P.25~26	580	189
pair_0923_1979_040_250116	0923_1979_040_250116.txt	In order to do it, what is one to do? One is to increase the periphery of oneʼs mind. And how is one to enlarge the periphery of oneʼs mind? By a constant fight against all limitedness, against all physical limitedness and against all psychic dogmas.	怎麼做，才能與祂合一呢？他必須將心靈擴展。如何才能擴展心靈的範疇呢？藉由與所有有限的事物不斷奮戰，與物質世界所有有限的事物與心智層面所有的教條對抗到底。		Shrii Shrii Ánandamúrti | 23 September 1979, morning, Kingston, Jamaica | 24 Dogma – No More | Ánanda Vacanámrtam Part 14	Shrii Shrii Ánandamúrti | 1979年9月23日晨於Kingston, Jamaica | 06 不再有教條 | 喜悅甘露集 卷7，P.40	250	76
pair_0923_1979_075_240329	0923_1979_075_240329.txt	It is the characteristic of the mind that it gets the form and wonts and attributions of its object of meditation, of its object of ideation. It is by the grace of that Parama Puruśa, that Brahma, that when one accepts Him as the only object of adoration, as the only object of meditation, he also, the meditator also, becomes like Brahma – and thatʼs why He is called Brahma.	心靈的特性，是它能取得所觀想目標之形象和屬性。由於至上意識的恩典，當吾人以祂為唯一禮敬的對象，為唯一觀想、持念的目標時，該人也會變得如祂一般偉大，所以祂被稱為Brahma。		23 September 1979 DMC, Kingston | Parama Puruśa the Great, Subháśita Saḿgraha Part 13	1979年9月23日於Kingston大法會 | 偉大的至上意識，靈性科學集成卷13，P.75	377	86
pair_0923_1979_082_240202	0923_1979_082_240202.txt	A man can do only when he is helped by Parama Puruśa and gets vital energy from Parama Puruśa. Without vital energy a man cannot do anything. So the supreme doer of each and every work is that Supreme Entity , and not an ordinary human being.	人唯有得到至上意識的幫助、得到來自至上意識的能量，方能做些什麼；沒有這些生命能量，他什麼也做不了。所以每件事情的完成，其真正的作者是至上本體，而不是我們一般凡人。		23 September 1979 DMC, Kingston | Parama Puruśa the Great, Subháśita Saḿgraha Part 13	1979年9月23日於京斯敦大法會 | 偉大的至上意識，靈性科學集成卷13，P.82	242	81
pair_0926_1979_059_251031	0926_1979_059_251031.txt	Whenever you start a work you should complete the work with proper zeal and proper sincerity; the finish should be of perfect order. Starting a particular work but leaving it unfinished is not good. When you have started any work, you must finish it properly. Let there be so many troubles, so many dangers, so many adversities, but when yo have started it complete it neatly.	任何時候，只要一件工作起了頭，你就應該熱誠、認真的將它完成，應完美地將它結束。啟動了一個工作，但卻未適當將它結束是不好的。所以當你開始任何工作，你應正確地完成它，不管它有多麼麻煩、多麼危險、多麼困難，既然你已經開始了，就應當將它好好地結束。		Shrii Shrii Ánandamúrti | 26 September 1979 DMC, Caracas | 10 The Path of Salvation | Subháśita Saḿgraha Part 19	Shrii Shrii Ánandamúrt | 1979年9月26日於Caracas大法會 | 06 解脫的道路 | 靈性科學集成 卷14，P.59	376	120
pair_0926_1979_062_250407	0926_1979_062_250407.txt	The spiritual aspirant must move along these eight-fold factors and also should remember to remove the umbrella of ego from his or her head and be drenched by His grace. You spiritual aspirants, you should remember that Parama Puruśa is always with you and His grace is always with you, and you all are His loving children. You need not develop any fear complex regarding the Supreme Father. You should remember that Heʼs the Supreme Father. Heʼs always calling you and you should always be ready to give a proper response.	修行者必須沿著此八正道之路而前進，同時也要記得移開頭頂上那把虛榮的傘，讓祂的雨露恩典來滋潤你。你是靈性修持之人，當記住至上意識永遠與你同在，祂的恩典永遠和你在一起。你們都是祂親愛的孩子，心中不要對祂有任何恐懼感。你要記住祂是你至上之父，祂會永遠呼喚著你，而你也應時時準備好以正確方式回應祂。		Shrii Shrii Ánandamúrti | 26 September 1979 DMC, Caracas | 10 The Path of Salvation | Subháśita Saḿgraha Part 19	Shrii Shrii Ánandamúrti | 1979年9月26日於Caracas大法會 | 06 解脫的道路 | 靈性科學集成 卷14，P.62	524	145
pair_0926_1979_115_241023	0926_1979_115_241023.txt	Lord Shiva said that a man must not labour under any sort of complex – that is, a man, a spiritual aspirant, must be free from all complexes; he must have neither superiority complex, nor inferiority complex, nor fear complex, nor defeatist complex. That is, the mind should be completely balanced.	上主希瓦說：人不應有任何情結，亦即修行之人必須擺脫所有的情結，他不該有優越感、自卑感、恐懼感或挫折感。也就是說，一個人的心靈必須保持在平衡的狀態。		Shrii Shrii Ánandamúrti | 26 September 1979 morning, Caracas | 26 Be Free from All Complexes | Ánanda Vacanámrtam Part 14	Shrii Shrii Ánandamúrti | 1979年9月26日晨於Caracas | 18 擺脫各種情結的束縛 | 喜悅甘露集 卷11，P.115	298	73
pair_0926_1979_123_240211	0926_1979_123_240211.txt	So even if, in the past, you were sinners, forget it. Remember that from this very moment, you are the neat and clean son, you are the neat and clean child, of the Supreme Father. So there must not be any psychology of sinning complex. For a spiritual aspirant, there must not be any complex. Be free from all complexes, and move along the path of righteousness with a balanced mind, with mental equilibrium and mental equipoise. A bright future awaits you.	所以，就算過去你曾經犯錯，忘了吧！你只要記住，從今爾後你是至上之父純淨無瑕的孩子。不可再有罪惡心理的情結。對靈性的修持者而言，心中不能有任何情結。擺脫各種情結的束縛，以平衡的心靈沿著正道而行，光明的未來正等著你們！		26 September 1979 morning, Caracas | Be Free from All Complexes, Ánanda Vacanámrtam Part 14	1979年9月26日上午於Caracas | 擺脫各種情結的束縛，喜悅甘露集卷11，P.123	457	107
pair_0927_1979_043_250531	0927_1979_043_250531.txt	From this very moment forget all your past mistakes. You know, to err is human. Human beings do work, and whoever does the work may commit mistakes. So forget all your past mistakes, all commissional and omissional mistakes, and start your life afresh as an ideal child of Parama Pitá, as an ideal child of Parama Puruśa. Yours should be a glorious march towards the Supreme Goal, and you should remember that you are not to pause even for a while during this movement. The entire human society is anxiously waiting for you, for your service.	從此刻起，將過去所犯的所有罪行、犯下的過錯、疏忽的過失全都忘了吧！開始你的新生命，做一個至上之父的好小孩，做至上意識完美的小孩。 你的道路應該是朝向至上目標前進的光榮道路。你要記得不要在路上耽擱了，一刻也不要停留。整體人類社會都急切地等待著你，等待你為他們服務。		Shrii Shrii Ánandamúrti | 27 September 1979, Caracas | 27 The Glorious March | Ánanda Vacanámrtam Part 14	Shrii Shrii Ánandamúrti | 1979年9月27日於Caracas | 07 光榮的前進 | 喜悅甘露集 卷7，P.43	544	131
pair_0928_1978_190_250602	0928_1978_190_250602.txt	If there is a man and a kingdom is attached to him – kingdom is something attributional – we will say that that man X is a king because that attribution of kingdom has been attached to him. He is a king. We will call another man who has got big clubs in his hand, a wrestler. He will be known as a wrestler because of the attribution of those clubs. But, if we take away that attribution of the kingdom from Mr. X and that attribution of clubs from Mr. Y, X will become Y. Similarly, if Para becomes something non-attributional, and jiiva also becomes non-attributional, they will become Parama Shiva, both will become Parama Shiva. What is spiritual practice? To wipe out these attributional bondages is sádhaná. This is spiritual practice.	若有一個王國屬於一個人──王國是某種具有屬性的東西──我們將說某甲是個國王，因為一個王國的權能已經歸屬於他。他是一位國王。我們稱呼一個手握棍棒者為格鬥者。但是如果從某甲取走王國的權能，從某乙取走棒棍，則某甲將變成某乙。同樣地，倘若至上意識變成某種沒有屬性的東西，而且個體的生命也變成無屬性者，那麼它們將變成至上的意識，兩者都將變成至上意識。何謂靈性的修持？靈性的修持為消除這些屬性的束縛。這就是靈性的修持。		Shrii Shrii Ánandamúrti | 28 September 1978, Patna | 20 The Difference between Macrocosm and Microcosm | Ánanda Vacanámrtam Part 2	Shrii Shrii Ánandamúrti | 1978年9月28日於Patna | 57 大宇宙與小宇宙之差別 | 喜悅甘露集 卷1，P.190	743	203
pair_1000_1966_072_241201	1000_1966_072_241201.txt	Particular expression of vidyá shakti is called saḿvit shakti. Conscience, when it is roused all of a sudden, is called saḿvit. “I should do something, I should do something.” As soon as it comes in contact with saḿvit shakti, in the next moment you feel, “I should do something practical. Theory wonʼt help me; I should do something concrete, I should do something practical.” And when this desire to do something practical is created in the mind, this created force is called hládinii shakti or Rádhiká shakti. With the help of this Rádhiká shakti one can move towards that Cosmological Nave.	宇宙向心力量的這種表達稱為「覺醒的力量」(aḿvit shakti)。當良知突然被喚醒稱為「靈性的覺醒」(saḿvit)。心靈一旦與此力量接觸時，它就會覺得「我應該有實際的作為，光是理論幫不了我的，我應從事一些實際的行為。」當心靈產生這種念頭時，它所產生的力量就是一種「提升的力量」(hládinii shakti，或稱為rádhiká shakti)。在提升力量的幫助下，吾人始得以朝向宇宙核心前進。		Shrii Shrii Ánandamúrti | November 1966, Ernakulam | 03 Rádhiká Shakti | Ánanda Vacanámrtam Part 23	Shrii Shrii Ánandamúrti | 1966年11月於Ernakulam | 10 提升的力量 | 喜悅甘露集 卷7，P.72	603	201
pair_1000_1968_101_240804	1000_1968_101_240804.txt	There is spiritual potentiality in all people. Some people have harnessed it, and these people are able to help other people to arouse it. Some people will arouse it if they are in the company of those who have already awakened it; this is the importance of satsauṋga [good company]. Your duty is to awaken yourself and help others to awaken.	所有的人內在本自俱足靈性的潛能；有些人已然善加利用此潛能，所以他們能夠幫助他人喚醒他們的潛能；有些人則因與善為伍而獲得提升，進而喚醒這種潛能，這就是善知識的重要。你的責任就是要喚醒自己的潛能，並幫助別人也喚醒他們的潛能。		Shrii Shrii Ánandamúrti | October 1969, Ranchi | 14 No One Is Negligible  | Ánanda Vacanámrtam Part 31	Shrii Shrii Ánandamúrti | 1968年10月於Ranchi | 14 沒有人是微不足道的 | 喜悅甘露集卷9，P.101	343	110
pair_1000_1968_102_250713	1000_1968_102_250713.txt	The nature of a human is to think of the so-called sweet memories of the past. People think more of the past and less of the future. But the sádhaka [spiritual aspirant] thinks of the Lord who is the [Terminus]. When he or she starts thinking of the Terminus of life, the very goal of life, the past with all its glory becomes pale. The ordinary person is one who thinks of the past and also of the future. The medium person is one who thinks only of the future. But the siddha [perfect] person is one who thinks neither of the past nor of the future. He or she thinks only of the Lord.	沈湎於過去甜蜜的回憶是人類的特性。人們總是眷戀過去較多，而較少放眼未來。但是對一個靈性修持者而言，他念念不忘的應該是上主，這是他生命的目標。當一個人開始一心想念其生命目標時，無論多輝煌的過去都會變得暗淡無光。 想著過去也想著未來的人是最普通的一般人，中等的人則只放眼未來；而一個完美的人(siddha)既不眷戀過去亦不放眼未來，他想的只有上主。		Shrii Shrii Ánandamúrti | October 1969, Ranchi | 14 No One Is Negligible | Ánanda Vacanámrtam Part 31	Shrii Shrii Ánandamúrti | 1968年10月於Ranchi | 14 沒有人是微不足道的 | 喜悅甘露集 卷9，P.102	587	172
pair_1000_1969_102_240503	1000_1969_102_240503.txt	The ordinary person is one who thinks of the past and also of the future. The medium person is one who thinks only of the future. But the siddha (perfect) person is one who thinks neither of the past nor of the future. He or she thinks only of the Lord.	想著過去也想著未來的人是最普通的一般人，中等的人則只放眼未來；而一個完美的人(siddha)既不眷戀過去亦不放眼未來，他想的只有上主。		Shrii Shrii Ánandamúti | October 1969, Ranchi | No One Is Negligible, Ánanda Vacanámrtam Part 31	Shrii Shrii Ánandamúti | 1969年10月於Ranchi | 沒有人是微不足道的，喜悅甘露集卷9，P.102	253	67
pair_1000_1969_103_240620	1000_1969_103_240620.txt	No one is negligible, no one is unimportant. The Lord can do anything and everything through these machines. Be a perfect machine.	沒有人是可忽略的，沒有人是不重要的，上主可以經由這些機器來做任一件事。成為完美的機器吧！		Shrii Shrii Ánandamúrti | October 1969, Ranchi | No One Is Negligible, Ánanda Vacanámrtam Part 31	Shrii Shrii Ánandamúrti | 1969年10月於Ranchi | No One Is Negligible, Ánanda Vacanámrtam Part 31 | 2024年6月20日12:37 Gopal黃國豐譯	130	44
pair_1000_1969_104_250628	1000_1969_104_250628.txt	Human existence is a completely mental structure which is according to the psychic momenta due to saḿskáras [mental reactive momenta]. In this world everything is cinmaya [composed of consciousness], nothing is mrnmaya [composed of matter (literally, “earth”)]. According to the way the Lord controls oneʼs mind, so the person gets his or her physical body. Whatever you have got is good for you. Parama Puruśa is never to be guided by your reason, by your logic, and your justifications. You are to be guided by His whims.	人類的存在是純然的心智結構，此一心智結構乃依個人因果業力所產生的心靈動力而來。這世上的所有一切都由意識所組成(cinmaya)，沒有任何東西是純粹的物質(mrnmaya)。上主依此方式控制了人的心靈，而人因此而得到他的肉身。任何你所擁有的都是對你有益的。至上意識從來不被你的推理、邏輯或判斷所操控，而是你受祂的思想所引導。		Shrii Shrii Ánandamúrti | October 1969, Ranchi | 14 No One Is Negligible | Ánanda Vacanámrtam Part 31	Shrii Shrii Ánandamúrti | 1968年10月於Ranchi | 14 沒有人是微不足道的 | 喜悅甘露集 卷9，P.104	526	161
pair_1005_1986_196_250118	1005_1986_196_250118.txt	The ideal course of life is neither left-oriented nor right-oriented. This kind of life will be conspicuous by the absence of strife, mayhem or horror of the leftists and of toleration of injustices by the rightists in their loose, careless and sloppy life. It is this ideal course that will usher in a life worth yearning for a super-human existence, divinely exquisite and shining brightly on the banner of gold. Álgá tare bol ut́he ná t́ánle cheŕe komal t́ár. [In a loose string, the melody remains mute If pulled, the delicate string is torn apart.] This is what has been referred to by Buddha as the middle path or majjhimá mágga.	理想的生命型態既不偏左亦不偏右。沒有左派分子的恐怖暴行，沒有右派分子因散漫、慵懶的生活態度而隱忍不公。如此方才是開創了一個渴望超越人類存在價值的新生命，神聖、精細並閃耀著金色旗幟的燦爛光芒。 Álgá tare bol ut́he ná t́ánle cheŕe komal t́ár. 「弦太鬆彈不成調，太緊則易斷。」 這就是佛陀所謂的「中道」(majjhimá mágga)。		Shrii Shrii Ánandamúrti | 5 October 1986, Kolkata | 33 Invention of Various Musical Instruments | Saḿgiita: Song, Dance and Instrumental Music	Shrii Shrii Ánandamúrti | 1986年10月5日於加爾各答 | 4-4 各種樂器的發明 | 音樂與靈性修持，P.196~197	643	190
pair_1006_1979_071_240204	1006_1979_071_240204.txt	We must always remember this thing: When a group of good people – that group may be of a thousand, that group may be of a million, that group may also be of many billions – but when that group comes, it comes to do something concrete. And that group is known as Hariparimańd́ala gośt́hi, because that group moves around [makes a circle round] the Cosmic ideology. So you have come here to form a strong, well-knit Hariparimańd́ala for the coming generation.	我們一定要記住一件事：當一群人，或許是數千人，或許是數百萬人或數十億人聚集在一起，他們來到同一處為的是具體做一些有建設性的事，這樣圍繞著上主而行動的一群人稱為「哈里帕里曼陀羅」(Hariparimańd́ala gośt́hi)，因為這群人圍繞著宇宙的理念而旋轉運行。因此，你們是為了開啟後來世代的福祉，而來到這個世界以形成堅強的「哈里帕里曼陀羅」。		6 October 1979, Kolkata | Devotees Moving around the Cosmic Nucleus, Ánanda Vacanámrtam Part 15	1979年10月6日於加爾各答 | 圍繞著宇宙核心前進的虔誠者，喜悅甘露集卷9，P.71	460	175
pair_1007_1955_108_240415	1007_1955_108_240415.txt	In this manifested Universe, where there are multitudes of finite objects can we start a life based on Brahma? The answer is that you adopt Madhuvidyá. Instead of seeing the finite and superficial objects as finite look upon them as the finite expressions of the Infinite or the permanent. Then the attraction for Preya and love for Shreya shall all fuse into one.	在此具有眾多有限事物的大千世界裡，我們是否可以開始一個以至上意識為基礎的生命？答案是你可以採取宇宙的科學(Madhuvidyá)的方式，不要視有限或表面的東西為有限的，反之要視他們為無限之有限的展現，如此對有限事物的執著和對最終目標的熱愛都將合而為一。		Áshvinii Púrńimá 1955 DMC, Calcutta | The Base of Life, Subháśita Saḿgraha Part 1	1955年10月7日Áshvinii滿月日於加爾各答大法會 | 生命的根基，靈性科學集成卷1，P.108	365	126
pair_1007_1955_109_260602	1007_1955_109_260602.txt	O Human beings, in that state, no finite object can colour your mind. You will be beyond all colours or Varńátiita. Then you will be able to give proper treatment to any finite being that you may come in contact with. Give proper treatment to the expression of Brahma in the shape of your father by serving him and paying attention to his comforts. Give proper treatment to the expression of Brahma in the shape of the earth by cultivating it and increasing its fertility. If you give such proper treatment to the different objects, they will not be able to degrade your mind. This is called true Vaerágya.	哦！人啊！在那個境界裡，沒有有限的事物會為你的心靈著上顏色，你會超越一切的顏色。如此你就能適當地對待任何你所接觸的有限物體，適當的去對待以你父親形象顯現的至上意識，為他服務，並關心他的舒適。適當地對待以土地顯現的至上意識，藉著耕地使它更為肥沃。如果你以此種適當的方式對待不同的事物，則你的心靈就不會退化或墮落。這才是真正的不執著。	O esseri umani, quando raggiungete questo stato nessun oggetto finito può più colorare la vostra mente. Diventate allora varńátiita, al di là di ogni colore, di ogni condizionamento. In quel momento sarete in grado di rapportarvi correttamente a ogni essere finito con cui entrerete in contatto. Trattate nel modo giusto l'espressione di Brahma che si manifesta nella forma di vostro padre, servendolo e prendendovi cura del suo benessere. Trattate nel modo giusto l'espressione di Brahma che si manifesta nella forma della terra, coltivandola e accrescendone la fertilità. Se saprete rapportarvi così alle diverse manifestazioni della vita, esse non avranno più il potere di degradare o limitare la vostra mente. Questo è il vero vaerágya.	Shrii Shrii Ánandamúrti | Áshvinii Púrńimá 1955 DMC, Calcutta | 09 The Base of Life | Subháśita Saḿgraha Part 1	Shrii Shrii Ánandamúrti | 1955年10月7日Áshvinii滿月日於Calcutta大法會 | 08 生命的根基 | 靈性科學集成 卷1，P.109	609	165
pair_1007_1955_110_231211	1007_1955_110_231211.txt	The practice whereby we develop detachment from finite objects, i.e. the discipline whereby the mind is not influenced by the attractions of worldly objects is Vaerágya Sádhaná. The true Cosmic Entity is only revealed to people with this Vaerágya. This Cosmic Entity alone is the basic shelter of the human beings. It is a strong foundation which shall not, at any time forsake them leaving him forlorn.	藉以發展對有限事物不執著的鍛鍊，也就是使心靈不受世俗事物吸引影響的鍛鍊，即是不執著的靈性修持。只有不執著之人方能見到宇宙意識的實相，宇宙意識是人類根本的庇護所，它是一個堅強的基礎，無論何時皆不可拋棄它。		Áshvinii Púrńimá 1955 DMC, Calcutta | The Base of Life, Subháśita Saḿgraha Part 1	1955年10月7日Áshvinii滿月日於加爾各答大法會 | 生命的根基，靈性科學集成卷一，P.110	407	101
pair_1007_1979_073_250825	1007_1979_073_250825.txt	Within so many subtle and still subtler structures, the Creator of the universe expresses Himself in so many forms. By knowing Him, knowing that Shiva, who is beyond the universe also, human beings can attain absolute peace. Within this vast universe, the Creator, the One without beginning or end, expresses Himself in so many forms. By knowing that Deva, who is beyond the universe also, human beings become free from all fetters.	宇宙的造物主存在於許多精細又精細的結構裡，祂以許多形象來展現自身。藉著了悟祂，了悟這個超越宇宙的宇宙意識，人類能夠獲得絕對的寧靜。 宇宙的造物主存在於此浩瀚的宇宙裡，祂無始無終，以許多形象來展現自身，藉由了悟此一超越宇宙的大神，人類可從所有束縛之中獲得解脫。		Shrii Shrii Ánandamúrti | 7 October 1979, Kolkata | 10 The Omnipotent and Omnipresent Consciousness | Ánanda Vacanámrtam Part 31	Shrii Shrii Ánandamúrti | 1979年10月7日於加爾各答 | 10 全知全能、無所不在的至上意識 | 喜悅甘露集 卷9，P.73	432	129
pair_1007_1979_080_241113	1007_1979_080_241113.txt	One can attain peace by knowing Him alone. But how to restore peace? By fighting all the forces which are a detriment to peace.	人只能藉由了悟祂而得到最終的平靜。人如何方可恢復平靜的狀態呢？藉由與各種阻礙平靜的力量抗爭到底。		Shrii Shrii Ánandamúrti | 7 October 1979, Kolkata | 10 The Omnipotent and Omnipresent Consciousness | Ánanda Vacanámrtam Part 31	Shrii Shrii Ánandamúrti | 1979年10月7日於加爾各答 | 10 全知全能、無所不在的至上意識 | 喜悅甘露集 卷9，P.80	127	48
pair_1009_1979_066_260128	1009_1979_066_260128.txt	Before doing anything you should think carefully, because the action is in your hand, but not the result – that is in the hand of Prakrti [Cosmic Operative Principle]. Náráyańa neither performs the action nor administers the results. He simply gives Prakrti the opportunity to work within Her own limited sphere; Prakrti does Her duty accordingly. She does not aim to satisfy either your mind or the mind of anyone else. She only aims to please the mind of Náráyańa. Whatever work Náráyańa has given Her the right to do, that is what She does. She has no right to do more than that.	三思而後行，因為行為操之於你，但行為的果報，你無能為力。行為的果報操之於宇宙造化勢能之手，上主既沒有從事行為，亦不負責其結果。祂只是全權交給宇宙運作的法則，讓她在有限的範圍中盡她的職責，她也善盡職責。她不必取悅任何人的心靈，只要讓上主高興即可。上主賦予她權利去做的事，她盡心盡力一一完成，她也只能做到這樣，除此之外，她也沒有其他權利。	Prima di compiere qualsiasi azione, dovreste riflettere con grande attenzione, perché l’azione è nelle vostre mani, ma non il risultato: quello è nelle mani di Prakrti [il Principio Operativo Cosmico]. Náráyana non compie l’azione né amministra i risultati. Egli si limita a concedere a Prakrti l’opportunità di operare entro il proprio ambito limitato, e Prakrti svolge di conseguenza il Suo dovere. Prakrti non mira a soddisfare la vostra mente né la mente di nessun altro. Mira unicamente a compiacere la mente di Náráyana. Qualunque lavoro Náráyana Le abbia conferito il diritto di svolgere, è quello che Ella svolge. Non ha il diritto di fare più di questo.	Shrii Shrii Ánandamúrti | 9 October 1979 evening, Kolkata | 04 “You Have the Right to Action Only” | Ananda Marga Karma Yoga in a Nutshell	Shrii Shrii Ánandamúrti | 1979年10月9日傍晚於加爾各答 | 04 你只有行動的權利 | 行動瑜伽的智慧，P.66~67	591	167
pair_1010_1971_171_240320	1010_1971_171_240320.txt	The demarcation between right and wrong, sin and piety, dos and donʼts, exists only for those who are not true devotees. True devotees can think only of Parama Puruśa – their every action is to please Parama Puruśa.	對與錯、罪與虔敬、做與莫做等，只有對非虔誠者而言才有分別。真正的虔誠者心中只有至上意識──他們的每一個行動都是為了取悅至上意識。		10 October 1971 evening, Patna | The True Devotee, Ánanda Vacanámrtam Part 30	1971年10月10日傍晚於Patna | 真正的虔誠者，喜悅甘露集卷8，P.171	217	64
pair_1010_1978_049_240105	1010_1978_049_240105.txt	When a spiritual aspirant contacts Parama Puruśa and asks Him, “O Lord, who am I, who am I?” – when this eternal question is placed before Him, His reply is, Tattvamasi, “Thou art That,” that is, “Thou art the Supreme Entity.”	當一個靈性的渴望者接觸到至上意識而開始質疑「我是誰？我到底是誰？」時，面對著永恆謎團的他回應道：「Tattvamasi」（你是那個），意思就是說：「你就是至上本體」。		10 October 1978, Patna | Guru Prańáma | Ánanda Vacanámrtam Part 3	1978年10月10日於巴特那 | 對上師之禮敬，喜悅甘露集卷二， P.49	227	83
pair_1010_1979_070_250420	1010_1979_070_250420.txt	The followers of karma yoga perform only those deeds which lead them to spirituality. While following the path of karma it is experienced that there is some distortion in life and that is rejected and a correct path is again adopted. Again while moving, it is found that there is still some impurity, which is again rejected, and a still purer path is adopted. The march continues till the Supreme One is attained.	遵循行動瑜伽之人，只從事那些可以引領他們到達靈性的行為。在這條行動的道路上，生命中有時會產生某些扭曲，這些扭曲應被摒除而只採取正確的道路。再往前進的同時，又再次發現一些瑕疵出現，於是又再次將他們去除，而選擇更純淨之路前進。如此一路純淨再更純淨地前進，直到獲得至上本體。		Shrii Shrii Ánandamúrti | 10 October 1979, Kolkata | 05 Karma Is Brahma | Ananda Marga Karma Yoga in a Nutshell	Shrii Shrii Ánandamúrti | 1979年10月10日於Kolkata | 05 行動乃至上意識 | 行動瑜伽的智慧，P.70	414	134
pair_1010_1979_071_240626	1010_1979_071_240626.txt	Everything is the expression of Parama Puruśa. Bearing this in mind, the devotees serve everyone and everything with integral outlook and move ahead on the path of devotion. The path of the devotees is straightforward, it is blissful right from the beginning. The worker works ceaselessly. While moving on the path, if you happen to discover that some actions, which are not pure by nature and do not bring joy unto you, you should outright reject them.	一切都是至上意識的顯現，虔誠者心懷此念，以一體的觀念服務萬有眾生，並沿著虔誠之道前進。虔誠者的道路是一條筆直的道路，自始至終充滿了喜悅。行動道上之人行動不懈。當沿著此道前進時，一旦發現某些行為已失去原本純淨的本質，且無法為你帶來喜悅時，你應當機立斷，即刻全部去除。		Shrii Shrii Ánandamúrti | 10 October 1979, Kolkata | 05 Karma Is Brahma | Ananda Marga Karma Yoga in a Nutshell	Shrii Shrii Ánandamúrti | 1979年10月10日於Kolkata | 05行動乃至上意識，行動瑜伽的智慧，P.71	454	132
pair_1010_1989__157_260121	1010_1989__157_260121.txt	Spiritual practice makes the mind calm and quiet, and maintains the nerves in a state of equipoise; and thus spiritual practice increases longevity. Those Vaishnavites who are vegetarians, who regularly sing spiritual songs, do meditation, perform virtuous deeds and think pure thoughts, live longer than ninety years. Now, one may say that some people like Vivekananda did not live long; but the cause of their early death was excessive labour... I want you all to live long – but you must live glorious lives, not like those of earthworms. Your lives should be bustling with activity.	靈性的修持使心靈寧靜、安詳，並且維持神經在一種平衡的狀態。因此，靈性的修持增長了壽命，那些懷氏那瓦法門的修持者(Vaishnavites)都是素食者，他們經常唱頌靈性歌曲、靜坐、從事高尚的行為，念頭純淨，壽命都超過九十歲。 但是可能有人會說，有些人像威維卡難陀並沒有很長命，造成這些人英年早逝的原因是操勞過度。…… 我要你們都能活得長命──但是你們必須過著榮耀的一生，而非像蚯蚓一般。你們應將生命投身於各類的行動中。	La pratica spirituale rende la mente calma e tranquilla e mantiene i nervi in uno stato di equilibrio; per questo la pratica spirituale aumenta la longevità. Quelle persone dedite a una vita spirituale (vaisnava), che seguono una dieta vegetariana, cantano regolarmente canti spirituali, meditano, compiono azioni virtuose e coltivano pensieri puri, vivono oltre i novant’anni.  Ora, qualcuno potrebbe obiettare che persone come Vivekananda non vissero a lungo; ma la causa della loro morte prematura fu il lavoro eccessivo. Io voglio che tutti voi viviate a lungo – ma dovete vivere vite gloriose, non come quelle dei lombrichi. Le vostre vite devono essere vibranti di attività.	Shrii Shrii Ánandamúrti | 10 October 1989, Calcutta | 32 You Must Live Glorious Lives | Ánanda Vacanámrtam Part 33	Shrii Shrii Ánandamúrti | 1989年10月10日於加爾各答 | 32 你必須過著榮耀的人生 | 喜悅甘露集 卷10，P.157~158	586	208
pair_1011_1978_058_250811	1011_1978_058_250811.txt	Those who initiate in Vaedikácára [Vaedikii diikśá] are also gurus. So what is the Sadguru? The word Sat means “that which undergoes no change”. In modern Sanskrit, sat means “good” and asat means “bad”, but in Vaedika Saḿskrta, sat means “that which undergoes no change”. Násadásiinno sadásiittadániiḿ násiidrajo no vyomá paro yat; Kimávariivah kuha kasya sharmannambhah kimásiidagahanaḿ gabhiiram. Sat. Now, the entity by whose grace one comes in contact with Sat (Sat, the Non-Changeable Entity, that is, the non-changeable stance, the non-changeable nuclear entity around which so many electrons move) – that entity, or rather, that framework through which Parama Puruśa is working or Táraka Brahma is functioning, is the Sadguru. Sadguruḿ taḿ namámi – “I do my namah before you, at your altar.”	給予知識啟蒙的人也是古魯。那麼何謂Sadguru（完美上師）呢？Sat這個字意指「不會改變者」，在現代的梵文裡，Sat意為「好的」，而asat意為「不好的」。但是在吠陀的梵文裡，Sat意指「不會改變的」。 Násadásiinno sadásiittadániiḿ násiidrajo no vyomá paro yat; Kimávariivah kuha kasya sharmannambhah kimásiidagahanaḿ gabhiiram。由於此實體的恩典，吾人與不變的本體(Sat)接觸，(sat──不變的本體、是永不變易之境、許多電子圍繞此不變的核心本體運行)，此至上意識或解脫眾生的至上意識藉以作用的實體，就是永恆的古魯(Sadguru)──完美上師。Sadguruḿ tvaḿnamámi,「在你的聖壇上，於您的面前我向您頂禮致敬。」		Shrii Shrii Ánandamúrti | 11 October 1978, Patna | 10 Sadguruḿ Taḿ Namámi | Ánanda Vacanámrtam Part 3	Shrii Shrii Ánandamúrti | 1978年10月11日於Patna | 69 向完美上師頂禮致敬 | 喜悅甘露集 卷2，P.58~59	819	380
pair_1012_1978_065_240127	1012_1978_065_240127.txt	That  actually they are one, one Entity expressing itself through so many different corporeal structures. And when this is done – and it is not at all a difficult job to do it - then what will it be? It will be a society in the proper spirit of the term. And this is the loftiest, it is the highest mission of all human beings.Human society is, rather should be, based on only one ism, and that ism is universalism.	我們其實是一個整體，是一個本體透過不同的肉身來顯現祂自己。真正做到這一點並不難，勉力行之，它終將成為一個名副其實的社會，這是所有人類最崇高的使命。人類社會只應建立在一種主義上，此主義為「宇宙一體主義」。		12 October 1978, Patna | Saḿgacchadhvaḿ, Ánanda Vacanámrtam Part 3	1978年10月12日於巴特那 | 一起前行，喜悅甘露集卷2，P.65	415	101
pair_1012_1979_068_260408	1012_1979_068_260408.txt	People may say that there is a gulf of difference between subjectivity (internal feelings) and objectivity (external expressions). Why, then, are such contradictory adjectives used about the devotees? The reason is that the unit beings are both individually and collectively associated with Brahmánanda (Cosmic Bliss). That is why in the state of devotional bliss there is no difference between subjectivity and objectivity. In the case of ánanda both these terms are used.	或許有人會說在主體（內在的感受）和客體（外在的表現）之間有很大的歧異，那麼為何此種矛盾的形容詞用在有關虔誠者的身上？原因是：不論在個體和集體上，個體的生命都與宇宙的喜悅結合在一起。所以在虔誠的喜悅境界裡，在主體和客體間是沒有分別的，這兩個名稱都被使用。	Si potrebbe dire che esista un’enorme differenza tra soggettività (sentimenti interiori) e oggettività (espressioni esteriori). Perché, allora, vengono usati aggettivi così contraddittori a proposito dei devoti? La ragione è che gli esseri individuali sono, sia individualmente sia collettivamente, associati a Brahmánanda (Beatitudine Cosmica). Per questo, nello stato di beatitudine devozionale, non vi è alcuna differenza tra soggettività e oggettività. Nel caso di ánanda, entrambi questi termini vengono utilizzati.	Shrii Shrii Ánandamúrt | 12 October 1979, Kolkata | 08 Service to God Is Devotion | Ánanda Vacanámrtam Part 15	Shrii Shrii Ánandamúrti | 1979年10月12日於加爾各答 | 07 為上帝服務即是虔誠 | 行動與解脫的奧秘，P.68	475	126
pair_1012_1979_190_250408	1012_1979_190_250408.txt	On the paths of action and knowledge, Parama Puruśa is the Goal, the Entity to be realized, and there is a definite cult to attain Him, to realize Him. However, on the path of bhakti (devotion), bhakti is the goal itself and not a cult. This is the fundamental difference between devotion on the one hand and knowledge and action on the other.	在行動和知識之路，至上意識是目標──即是要被了悟的本體，且有明確的修持法門來達到祂、了悟祂。但是虔誠之路，本身即是目標而非法門。這是虔誠與知識和行動之間根本的差別。		Shrii Shrii Ánandamúrti | 12 October 1979, Kolkata | 08 Service to God Is Devotion | Ánanda Vacanámrtam Part 15	Shrii Shrii Ánandamúrti | 1979年10月12日於加爾各答 | 16 為至上服務即是虔誠 | 虔誠瑜伽的真諦，P.190	344	82
pair_1012_1979_191_250625	1012_1979_191_250625.txt	Bhaktih bhaktasya jiivanam. What is life? It is the expression of vital energy. Because of this expression, the inferential vibrations [sound, touch, form, taste, smell] of the world get scope for reflection. That is why this life means life [in] that reflecting entity. For devotees, devotion alone is life, the expression of their vital energy. Where there is no devotion, when the devotion gets exhausted, the throbbing of their lives also stops. That is why devotees cannot even think of surviving without devotion, devotion is the very expression of their life.	Bhaktih bhaktasya jiivanam。云何生命？它是生命能量的表現。因為這種表現，微波元素的波動才得以反射出來。生命也是反射客體之一。對虔誠者而言，只有虔誠才是生命，才是他生命能量的表現。沒有了虔誠，當虔誠耗竭時，他們生命的脈動也隨之停止。這就是為什麼倘若虔誠者沒有了虔誠，甚至會不想活下去，虔誠就是他們生命的展現。		Shrii Shrii Ánandamúrti | 12 October 1979, Kolkata | 08 Service to God Is Devotion | Ánanda Vacanámrtam Part 15	Shrii Shrii Ánandamúrti | 1979年10月12日於加爾各答 | 16 為至上服務即是虔誠 | 虔誠瑜伽的真諦，P.191	566	166
pair_1014_1966_092_240913	1014_1966_092_240913.txt	One is working according to the wish of Paramátmá with all oneʼs capacities. This is the sign and feeling of a staunch devotee.	原來我們之所以能盡全力工作，都是因為有祂的意願之故。這就是堅定不移虔誠者的標記和感受。		Shrii Shrii Ánandamúrti | 14 October 1966 DMC, Mumbai | 17 Salvation and Devotion | Supreme Expression Volume 1	Shrii Shrii Ánandamúrti | 1966年10月14日於孟買大法會 | 08 解脫與虔誠 | 虔誠瑜伽的真諦，P.92	129	43
pair_1014_1966_093_250314	1014_1966_093_250314.txt	Only big and euphemistic words canʼt serve humanity. This is only a word trammel in which one entangles oneself. Such persons knowingly or unknowingly throw themselves away from the path of salvation.	空談和婉轉的話語是無法真正服務人類的，它們只是落入自己文字遊戲的陷阱，這樣的人讓自己在不知不覺間遠離了解脫的道路。		Shrii Shrii Ánandamúrti | 14 October 1966 DMC, Mumbai | 17 Salvation and Devotion | Supreme Expression Volume 1	Shrii Shrii Ánandamúrti | 1966年10月14日於孟買大法會 | 08 解脫與虔誠 | 虔誠瑜伽的真諦，P.93	200	57
pair_1014_1966_095_240809	1014_1966_095_240809.txt	Devotees always think that everything, whatever belongings they have are Parmátmáʼs and they are utilizing them only to please Him.	虔誠者永遠認為他們所擁有的一切都是屬於至上意識的，他們善用他們被賦予的能力，為的只是取悅至上意識。		Shrii Shrii Ánandamúrti | 14 October 1966 DMC, Mumbai | 17 Salvation and Devotion | Supreme Expression Volume 1	Shrii Shrii Ánandamúrti | 1966年10月14日於孟買大法會 | 08 解脫與虔誠 | 虔誠瑜伽的真諦，P.95	133	49
pair_1014_1966_097_250128	1014_1966_097_250128.txt	What is love? That which makes mind soft and so strong and strenuous as it may keep itself in a balanced state even in the condition of pain, and creates perpetually a pleasant feeling within, is called love. Devotion is identical with love. They are invariably related with each other. The moment devotion is aroused, love for God comes.	何謂「愛」? 讓心靈溫柔敦厚並且堅定不移，即使在痛苦的狀態也能永遠保持著平衡，而於內在滋生出永恆的喜悅情懷，這就是「愛」。虔誠和愛是一樣的，彼此不可分割。虔誠心一旦被喚起，至上之愛即降臨。		Shrii Shrii Ánandamúrti | 14 October 1966 DMC, Mumbai | 17 Salvation and Devotion | Supreme Expression Volume 1	Shrii Shrii Ánandamúrti | 1966年10月14日於孟買 | 08  解脫與虔誠 | 虔誠瑜伽的真諦，P.97	338	94
pair_1014_1966_098_231021	1014_1966_098_231021.txt	Devotion is bliss incarnate. What is bliss or Ánanda? Where pleasure and pain both are in equipoise we call it the state of Ánanda. Sukham Ánantam Ánandam i.e. infinite bliss is called Ánanda.	虔誠是喜悅的化身。何謂「喜悅」?當痛苦和快樂達到一種平衡的狀態就稱為「喜悅」。		Shrii Shrii Ánandamúrti | 14 October 1966 DMC, Mumbai | 17 Salvation and Devotion | Supreme Expression Volume 1	Shrii Shrii Ánandamúrti | 1966年10月14日於孟買大法會 | 08 解脫與虔誠 | 虔誠瑜伽的真諦，P.98	197	39
pair_1014_1979_037_240222	1014_1979_037_240222.txt	Human beings always want to proceed from the crude to the subtle in all spheres of life: they always seek the subtle amidst the crude, and in the subtle they always seek the subtlest – this is how they advance towards greater and greater subtlety.	人類在生命的各個層面都渴望能從粗鈍走向精細，在粗鈍與精細中，他們總是想要精細，而且精益求精。這是他們往愈來愈精細的前進方式。			1979年10月14日於加爾各答 | 音樂和超美學是否無法分割 | 音樂與靈性修持，P.37	247	62
pair_1015_1979_080_250805	1015_1979_080_250805.txt	What about action? Human beings have come to the world for work, work has got to be done. Regarding that, Rohit’s father said, “When a person’s face becomes sweaty due to constant labour, the beauty of the face of that person is unprecedented. Since that is perspiration due to hard labour, its beauty is flawless and unparalleled. Even Indra, the king of gods, sees it – where the face is beautified with perspiration out of hard labour, the king of gods, Indra aspires to befriend such a person and move with that person. So Devarája Indra becomes a friend to such an industrious person. Hence Rohit, go ahead, go ahead, dońt́ sit like a crude object devoid of lustre. You are a well-read person no doubt, but don’t sit like an inanimate object –Caraeveti, caraeveti – ‘Move ahead, move ahead’.”	那麼行動之道呢？人類為了做些事而來到這世界，必須將該做的事完成。先前洛西塔的父親說：「當一個人因勤奮勞動而臉上透出汗珠時，此人之臉龐所散發出來的美麗光芒是前所未有的。因為那閃耀的汗珠是辛苦的結晶，所以它的美是完美無瑕、無與倫比的。即使是眾神之神的因陀羅也渴望和他交朋友。看到因辛苦勞動而流汗的美麗臉龐，眾神之神因羅陀立刻與此勤奮之人做朋友。因此，洛西塔呀！行動吧！前進吧！不要像毫無活力的粗鈍物質般呆坐不動！你的確學富五車，但是千萬不要像個無生命之物般死氣沉沉，前進吧！前進吧(Caraeveti, Caraeveti)!」		Shrii Shrii Ánandamúrti | 15 October 1979 morning, Nagpur | 06 Service to Humanity Is the Supreme Ideology of Life | Ananda Marga Karma Yoga in a Nutshell	Shrii Shrii Ánandamúrti | 1979年10月15日晨於Nagpur | 06 為眾生服務是生命至高理念 | 行動瑜伽的智慧，P.80~81	799	262
pair_1015_1979_083_250808	1015_1979_083_250808.txt	As long as a person is asleep, drowned in the darkness of ignorance, one remains seized by the static force, one’s fate also remains sleeping. That period in the life of a human being is known as Kali Yuga [Iron Age]. Afterwards, when conscience dawns on oneself, and one starts thinking that one has to wake up and start working, from that very moment onward comes the age of Dvápara Yuga [Bronze Age] in one’s life. In individual life “Dvápara Yuga” begins when one’s sleep is broken, and he sits up thinking that one has got to begin to work. When one stands up and starts moving ahead, Tretá Yuga begins in one’s life. When a person actually starts moving ahead, then from that moment onwards, Satya Yuga commences. Krta Yuga [“era when action has been done”] means Satya Yuga. Hence Rohit’s father advised Rohit to move ahead.	當一個人沉睡，落入無明的黑暗時，他即受制於惰性力量的束縛中，他的命運也跟著沈睡。那個階段被稱為生命的卡力年代──「鐵的時代」(Kaliyuga);之後當他的意識覺醒，開始有了應該覺醒的思維並即刻行動時，即來到生命德瓦帕拉──「銅的時代」(Dvápara)。在個人生命中，德瓦帕拉──「銅的時代」意謂著他已從睡夢中醒來，並認真思考自己該起身而行了。而後當一個人已起身並開始往前走時，其生命垂塔年代──「銀的時代」(Tretá yuga)就展開了。 當一個人真正邁步向前的那一刻開始，他生命真理的「黃金時代」就來臨了。「行動的時代」(Krta Yuga)意即真理的「黃金時代」(Satya Yuga)。 因此洛西塔的父親苦口婆心勸告洛西塔要邁步前進。		Shrii Shrii Ánandamúrti | 15 October 1979 morning, Nagpur | 06 Service to Humanity Is the Supreme Ideology of Life | Ananda Marga Karma Yoga in a Nutshell	Shrii Shrii Ánandamúrti | 1979年10月15日晨於Nagpur | 06 為眾生服務是生命至高理念 | 行動瑜伽的智慧，P.83~84	834	323
pair_1015_1979_086_250930	1015_1979_086_250930.txt	Serving the world is serving Parama Puruśa. The world is created out of Parama Puruśa, so render service as much as you can. Parama Puruśa will be satisfied. Therefore, one who is a true devotee, one who follows the real path of devotion, will serve humanity to the maximum extent, and together with this, whatever else s/he will do – singing, dancing, doing kiirtana – he/she will think that Parama Puruśa remains in everything, seeing everything. Hence Parama Puruśa also wants that He should remain in the midst of His devotees, He should listen to their stories of pain and pleasure and watch their singing and dancing.	服務至上意識就是去服務這個世界。這世界是祂的創造，故盡你所能地付出更多吧！至上意識會非常高興的。 一個真正的虔誠者，一個遵循虔誠之道的人，會盡最大努力去服務眾生，除此之外，他還需做什麼呢？他應配合靈性舞蹈唱頌「至上聖名」(kiirtana)。他認為至上意識無所不在，祂應該在萬事萬物之中，觀照著萬有一切，所以至上意識也會希望他與其他的虔誠者為伍，他應該聆聽、分享其他人的快樂和痛苦，應該和他們一起唱歌和跳舞。		Shrii Shrii Ánandamúrti | 15 October 1979 morning, Nagpur | 06 Service to Humanity Is the Supreme Ideology of Life | Ananda Marga Karma Yoga in a Nutshell	Shrii Shrii Ánandamúrti | 1979年10月15日晨於Nagpur | 06 為眾生服務是生命至高理念 | 行動瑜伽的智慧，P.86	628	204
pair_1016_1988_097_240111	1016_1988_097_240111.txt	16 October 1988, Kolkata Saḿgiita – Excerpt A Saḿgiita: Song, Dance and Instrumental Music	所謂的「音樂」(saḿgiita)指的就是「音樂的科學」(gandharva vidyá)，在開始的階段，以學習(shikś)為優先，而後必須對它有真的了解(jiṋá)，這就是外在客體的主體化。最後音樂必須成為一個人自然的天性。當它能如此時，方才稱得上是「音樂的科學」。			1988年10月16日於加爾各答 | 第二部 歌曲 | 音樂與靈性修持，P.97	92	135
pair_1016_1988_097_250103	1016_1988_097_250103.txt	Realistic photography, high-altitude and long-range shots: The sound spectrum tables in the vast universe are gracefully distributed in the shape of auroras, extending to the depths of the universe where luminous light up. A long-haired woman wearing a modern and light orange dress who holding a white lotus with her two hands high over her head is singing and dancing over the spectrum tables.	音樂必須成為一個人自然的天性。當它能如此時，方才稱得上是「音樂的科學」。 何為純粹心理途徑？當你透過視覺或聽覺神經接收到某個客體或觀念，你應將其帶進某一韻律裡，你的視覺或理念的目標應隨著韻律起舞。此種韻律的波動可以矯正眼睛、耳朵及舌頭的缺陷。為此目的而創造了曲調及旋律。 當「至上聖名的唱頌」被帶進固定規則的架構後，它立刻從民俗音樂提升為古典音樂。			Shrii Shrii Ánandamúrti | 1988年10月16日及1980年6月2日於加爾各答 | 2-6 音樂 | 音樂與靈性修持，P.97、99	395	174
pair_1019_1971_168_240203	1019_1971_168_240203.txt	The meaning of the word bábá is “dear”. As Parama Puruśa is the beloved of all, so all are beloved for Parama Puruśa. So when Parama Puruśa is “Bábá” for units, for Parama Puruśa the units are also bábá. This is because the relationship is that of love, in which there is no scope for superior or inferior, higher or lower – all are equal. Whether the devotee is greater or God is greater, each is bábá for the other. Why wait for the decision of the fight?	Bábá的意思是「親愛的」。由於至上意識為眾生所鍾愛，因此，對個體而言，至上意識是他們的bábá;而對於至上意識而言，個體是祂的bábá。這是因為他們之間的關係是「愛」的連結，沒有高低優劣之別，都是平等的。不論虔誠者比較偉大還是上帝比較偉大，彼此都是彼此的bábá。何必管他們的戰鬥誰輸誰贏呢？		Shrii Shrii Ánandamúrti | 19 October 1971 DMC, Bombay | Náma and Námii | Subháśita Saḿgraha Part 21	Shrii Shrii Ánandamúrti | 1971年10月19日於孟買大法會 | 持念者和被持念者 | 靈性科學集成 卷14，P.168	469	147
pair_1019_1978_102_251019	1019_1978_102_251019.txt	Suppose that some time you go to a particular house which people say is haunted... Due to terror, due to pre-imposed terror, a personʼs mind gets concentrated. Due to fear the mind gets concentrated, and due to concentration, what happens? A certain portion of the personʼs own ectoplasmic stuff goes to help a detached mind in creating a body, an ectoplasmic body. So you see your own creation; the creation has been made out of your own ectoplasmic stuff. But that detached mind was also there. It was not a ghost. And those Brahmapisháca, or several kinds of “ghosts”, are all of your creation. Your ectoplasmic stuff is transferred to that detached mind due to your mental concentration, temporary concentration.	假若有時你去一間謠傳鬧鬼的屋子，由於恐懼以及原有的恐怖印象，使得心靈集中，因為集中之故，你心靈波質的某個部分，幫助了那個游離心靈創造出一個心靈波體，也就是說，你看到了自己心靈波質的創造物。那個游離的心靈的確也存在那裡，但它不是鬼，各式各樣的鬼都是你自己創造出來的，是因為你精神暫時的集中，使得你的心靈波質轉化到那個游離的心靈上。		Shrii Shrii Ánandamúrti | 19 October 1978, Patna | 17 Ghosts and Evil Spirits | Ánanda Vacanámrtam Part 3	Shrii Shrii Ánandamúrti | 1978年10月19日於Patna | 76 鬼與邪靈 | 喜悅甘露集 卷2，P.102~103	717	164
pair_1020_1967_118_250111	1020_1967_118_250111.txt	Remove that burden, be light, and march on. Bhagaván [Lord] Buddha said the same thing when he asked his disciples to jettison the burden that is in the boat. Desire is, therefore, not enough. One needs to perform some tangible action. That action is called intuitional practice – spiritual cult. This cult is also called Tantra. It is not enough to read books, scriptures – one will have to be practical, will have to do something in practical life.	將罪業的重擔消除，輕鬆上路吧！上主佛陀也是這麼說的，他要弟子們快快將船上的重擔丟棄以減輕負載。因此，僅只是渴望走上靈性的道路是不夠的，吾人必須採取具體的行動，這行動就是從事靈性直覺的鍛鍊—靈修法門，也稱為「密宗修持」。光只是閱讀靈性書籍、經典是不夠的，吾人必須在日常的生活上予以實踐。		Shrii Shrii Ánandamúrti | 20 October 1967 DMC, Meerut | 17 Mysticism and Spirituality | Ánanda Vacanámrtam Part 23	Shrii Shrii Ánandamúrti | 1967年10月20日於Meerut大法會 | 18 神秘學和靈性 | 喜悅甘露集 卷7，P.118	451	142
pair_1021_1971_198_250421	1021_1971_198_250421.txt	Now, what does one enjoy by dint of sádhaná? When one withdraws oneʼs mind from oneʼs psychic objectivity, then one becomes free. Similarly, when the Cosmic Entity withdraws Himself from His objectivity, He becomes nirguńa. Similarly, when the jiivas [units] withdraw their minds from their own worlds, they also become nirguńa. They become one with Nirguńa Brahma. Thatʼs why it has been said, Brahmavid Brahmaeva bhavati [“One who realizes Brahma becomes Brahma”]. And that is your sádhaná.	一個人經由靈性修持能獲得什麼？當該人的心靈從各種心靈客體中收攝回來，他就獲得了自由，得到解脫。同樣的，當宇宙本體將自身從祂的客體中收攝回來，祂就成了無屬性至上本體。同理，當個體從他們各自的世界將心靈收攝回來，他們也會成就自身為無屬性至上本體，他們將與無屬性至上本體合而為一。所以說：「了悟至上意識者將成就自身為至上意識。」這就是你的靈性修持。		Shrii Shrii Ánandamúrti | 21 October 1971 DMC, Ernakulam | 08 Unit Spirit and Cosmic Spirit | Subháśita Saḿgraha Part 21	Shrii Shrii Ánandamúrti | 1971年10月21日於Ernakulam大法會 | 14 個體靈魂與大宇宙靈魂 | 靈性科學集成卷14，P.198	499	171
pair_1021_1971__206_260624	1021_1971__206_260624.txt	One becomes established in bhakti through Bhágavata sevá, by serving Bhagaván. So what should be the spirit of a devotee? What should be the spirit of the unit? Átmamokśárthaḿ jagat hitáya ca. “One will meditate on the Supreme to become one with the Supreme, and at the same time, to purify oneʼs mind, one is to render selfless service to human society.” Without rendering selfless service to society, one cannot come in close proximity to the Supreme. And without practising meditation, one cannot render selfless service to the society. So one should remember that oneʼs motto in life is Átmamokśárthaḿ jagat hitáya ca.	人透過對至上的服務(Bhágavata sevá)將可立足於虔誠之境。虔誠者的精神應該是什麼？一個人的精神應該是什麼？應該是「了悟自我和服務社會」 (Átmamokśárthaḿ jagat hitáya ca)──「他應該靜坐觀想持念至上意識以與至上意識合而為一，同時，他應該為人類社會從事無私的服務，以淨化他的心靈。」沒有為社會從事無私的服務，無法與至上意識有親密的接觸；沒有靜坐的鍛鍊修持，無法為社會付出無私的服務。所以「了悟自我，服務社會」應該是一個人的人生座右銘。	Ci si stabilisce saldamente nella bhakti attraverso il Bhāgavata sevā, servendo Bhagavān. Quale dovrebbe essere, dunque, lo spirito di un devoto? Quale dovrebbe essere lo spirito dell’essere individuale? Ātmamokṣārthaṁ jagat hitāya ca: «Si mediterà sul Supremo per diventare uno con il Supremo e, nello stesso tempo, per purificare la propria mente, si offrirà un servizio disinteressato alla società umana». Senza prestare un servizio disinteressato alla società, non ci si può avvicinare intimamente al Supremo. E senza praticare la meditazione, non si può offrire alla società un servizio veramente disinteressato. Bisogna quindi ricordare che il motto della propria vita è: Ātmamokṣārthaṁ jagat hitāya ca — per la liberazione del sé e per il bene del mondo.	Shrii Shrii Ánandamúrti | 21 October 1971 DMC, Ernakulam | 08 Unit Spirit and Cosmic Spirit | Subháśita Saḿgraha Part 21	Shrii Shrii Ánandamúrti | 1971年10月21日於Ernakulam大法會 | 14 個體靈魂與大宇宙靈魂 | 靈性科學集成 卷14，P.206~207	635	237
pair_1024_1966_000_231222	1024_1966_000_231222.txt	In the heart of a human being, karma [the path of action] is like plowing a field, jiṋána [the path of knowledge] is like sowing the field, and bhakti is like watering the growing plants.	在人類的心中，行動之道就像耕田，知識之道就像播種，而虔誠之道就像為生長的植物澆水。		Shrii Shrii Ánandamúrti | 24 October 1966 DMC, Calcutta | The Liberation of the Devotee | Subháśita Saḿgraha Part 21	Shrii Shrii Ánandamúrti | 1966年10月24日於加爾各答大法會 | 09 虔誠者的解脫 | 虔誠瑜伽的真諦，P.108	189	41
pair_1024_1966_106_250916	1024_1966_106_250916.txt	Humans do not fear to tread a known path, but they always hesitate and fear to travel unknown paths. The path of divine life is unknown to humans. As they have no previous experience of divine life, they lack courage to move along that path, but once they do gather courage to move forward, they realize the greatness of that path of eternal bliss.	人類並不害怕走一條已知的道路，但對於未知道路的旅程卻總是遲疑與畏懼。神性生命的道路對於人們來說是未知的，因為他們過去沒有神性生命的經驗。他們缺乏沿此道路前進的勇氣，但是一旦他們鼓足勇氣向前進時，他們將了解此永恆喜悅之道的偉大。		Shrii Shrii Ánandamúrti | 24 October 1966 DMC, Calcutta | 03 The Liberation of the Devotee | Subháśita Saḿgraha Part 21	Shrii Shrii Ánandamúrti | 1966年10月24日於加爾各答大法會 | 09 虔誠者的解脫 | 虔誠瑜伽的真諦，P.106	348	113
pair_1024_1966_108_250204	1024_1966_108_250204.txt	In the heart of a human being, karma [the path of action] is like plowing a field, jiṋána [the path of knowledge] is like sowing the field, and bhakti is like watering the growing plants. Hence one should always remember that there is no clash between devotees and liberation. Devotees are destined to get liberation whether they want it or not.	在人類的心中，行動之道就像耕田，知識之道就像播種，而虔誠之道就像為生長的植物澆水。因此，吾人當永遠記住，在虔誠者與解脫之間並無矛盾衝突，虔誠者不論他們想要與否，注定是要獲得解脫的。		Shrii Shrii Ánandamúrti | 24 October 1966 DMC, Calcutta | The Liberation of the Devotee | Subháśita Saḿgraha Part 21	Shrii Shrii Ánandamúrti | 1966年10月24日於加爾各答大法會 | 09 虔誠者的解脫 | 虔誠瑜伽的真諦，P.108	347	90
pair_1024_1971_102_240609	1024_1971_102_240609.txt	Actually, tiirtha means that stance from where if you go a step deeper, a step inner, you will be in the land of bliss, and if you go a step cruder you will be within the realm of crude materiality, the crude world. A man should always try to keep his mind, keep himself, in tiirtha. So as soon as he will sit in meditation, he will be in deep meditation; and as soon as he will start worldly work he will be starting worldly work. So tiirtha is something internal, not external.	事實上，聖地(tiirtha)意指一種境地，此處如果你往內在深處再走一步，你將置身喜悅之地；如果你往外在粗鈍再走一步，你就會回到粗鈍的物質世界。人應努力讓自己的心靈處在聖地中，如此，當你靜坐時便進入深層的靜坐；一旦你開始從事世俗工作，也可立即上手。所以，聖地在內，非外。		Shrii Shrii Ánandamúti | 24 October 1971, Vishakhapatnam | The Best Tiirtha | Ánanda Vacanámrtam Part 34	Shrii Shrii Ánandamúti | 1971年10月24日於Vishakhapatnam | 最佳之聖地，喜悅甘露集卷11，P.102 | 2024年6月9日05:57 Tapesha白泰澤導演中譯潤稿	479	135
pair_1024_1971_156_260503	1024_1971_156_260503.txt	The first essentiality of Bhágavata Dharma is vistára. To quench this thirst for vistára, one is to do sádhaná regularly, and this sádhaná will expand the personʼs mental arena. In this way a day is sure to come when the personʼs mind will become one with the Cosmic Mind. This is called vistára.	至上法性的第一要素是擴展。為了滿足擴展的渴望，人必須規律地從事靜坐修持，此靜坐修持將擴展一個人的心智領域。如此終有一天該人的心靈會與大宇宙心靈合而為一。此稱之為「擴展」。	La prima essenzialità del Bhāgavata Dharma è vistāra (espansione). Per placare questa sete di vistāra, si deve praticare regolarmente il sādhana, e questo sādhana espanderà l’ambito mentale della persona. In questo modo è certo che giungerà il giorno in cui la mente della persona diventerà una cosa sola con la Mente Cosmica. Questo è chiamato vistāra.	Shrii Shrii Ánandamúrti | 24 October 1971 DMC, Vishakhapatnam | 06 Jaeva Dharma and Bhágavata Dharma | Subháśita Saḿgraha Part 21	Shrii Shrii Ánandamúrti | 1971年10月24日於Vishakhapatnam大法會 | 12 生物法性和至上法性 | 靈性科學集成 卷14，P.156	304	85
pair_1024_1971_157_251014	1024_1971_157_251014.txt	In the Vedas it has been said, Rasa bae sah [“The Supreme Entity is the embodiment of the flow of bliss”]. What is His speciality? He is a flow, a rasa, and His devotees were able to dance according to the rhythm of that rasa. Devotees always dance, either physically or mentally, according to a certain rhythm, a certain chandá. So the devotees dance according to the rhythm of His flow. And Parama Puruśa, Krśńa – Ádishiva as the hub, as the Noumenal Subjectivity – is in the centre, and the devotees, all human beings of the entire universe, of Hariparimańd́ala, dance around Him according to those rhythms. In the centre or the hub Parama Puruśa exists, and His devotees are dancing around Him according to the rhythms of the waves emanated from His body. It is the rásaliilá of Parama Puruśa, it is the rásaliilá of Bhagaván Krśńa – the dancing in tune with the rasa, or Cosmic flow.	在吠陀經中有言道：「至上本體是喜悅波流的化身(Rasa baesah)」。其特質為何？祂是一股波流，祂的虔誠者會隨著祂波流的韻律而舞動。虔誠者永遠在舞動著，不管是他的身體還是心靈，會依照特定的節奏、韻律而舞動。虔誠者隨著祂波流之韻律而舞動著。做為核心，做為至上主體的至上意識──克里斯那──第一希瓦──祂在中心，所有在唱頌至上聖名的甜美情境(Hariparimańd́ala)中的虔誠者及宇宙中所有之人，依照祂的節奏而舞動。至上意識是此一核心，祂的虔誠者圍繞著祂，根據從祂放射出來的波流韻律而舞動。這是至上意識──薄伽梵克里斯那的波流遊戲(rásaliilá)，隨著宇宙波流的曲調而舞。		Shrii Shrii Ánandamúrti | 24 October 1971 DMC, Vishakhapatnam | 06 Jaeva Dharma and Bhágavata Dharma | Subháśita Saḿgraha Part 21	Shrii Shrii Ánandamúrti | 1971年10月24日於Vishakhapatnam大法會 | 12 生物法性和至上法性 | 靈性科學集成 卷14，P.157~158	903	293
pair_1026_1979_000_260427	1026_1979_000_260427.txt	If human beings take the Cosmic ideation, they will also become one with the Cosmic Entity. Now the question is, how can human beings take the ideation of Parama Puruśa? Jiṋániis [scholars] will analyse, “Parama Puruśa is like this or like that.” Karmiis [those engaged in actions] will think that Parama Puruśa is a master of action. (Now, what relation do bhaktas have to jiṋána? A devotee will think, “I may be a virtuous person, I may be poor, I may be learned or foolish, but, O Lord, I belong only to You.”) And devotees think of the Lord just as people think of their nearest and dearest ones. They think, “Parama Puruśa is mine;” and in this process of constant ideation, their minds gradually expand. From this sort of closeness, a person ultimately becomes one with Paramátmá. Such a person of devotion is called a bhakta.	如果人類觀想著大宇宙心靈，那麼他們將與宇宙本體合一。 現在問題在於人們應如何持念、觀想至上意識？知識分子總是分析「至上意識是像這樣或像那樣」，而行動家則認為至上意識是一位行動的大師。那麼，虔誠者與知識分子之間的關係如何呢？一個虔誠者心裡會這麼想著：「我可能是位有德行的人，我可能貧窮，我可能博學多聞或愚蠢無知，但是，喔！上主，我只屬於您。」虔誠者想起上主的時候就像人們想起他們最接近、最親愛的人。他心想「至上意識是我所有」，而在此種不斷持念、觀想的過程中，他的心靈逐漸擴展。從這種親密關係裡，一個人最後將與至上意識合而為一。梵文稱如此虔誠的人為bhakta（虔誠者）。		Shrii Shrii Ánandamúrti | 26 October 1979, Gaddopur, Bihar | 08 Yoga and Tantra | Yoga Sádhaná	Shrii Shrii Ánandamúrti | 1979年10月26日於Gaddopur, Bihar | 07 瑜伽與密宗 | 瑜伽修持科學觀	842	284
pair_1026_1979_101_241128	1026_1979_101_241128.txt	He does not reside anywhere except where His ardent devotees are singing kiirtana. Philosophically, Parama Puruśa is omnipresent, but His nucleus remains at a particular place. That particular place, where the nucleus resides, is not Vaekuńt́ha. That particular place is where His ardent devotees are singing His glories in kiirtana.	祂不住在任何沒有真摯的虔誠者唱頌上主聖名的地方。就哲學上來說，至上意識是無所不在的，但是祂的核心留在某一個特定的地方。那個核心所在之處並不在天堂，而在真摯的虔誠者唱頌祂的榮耀之處。		Shrii Shrii Ánandamúrti | 26 October 1979, Gaddopur, Bihar | 08 Yoga and Tantra | Yoga Sádhaná	Shrii Shrii Ánandamúrti | 1979年10月26日於Gaddopur, Bihar | 07 瑜伽與密宗 | 瑜伽修持科學觀，P.101	335	90
pair_1026_1979_237_260325	1026_1979_237_260325.txt	How can one attain siddhi through the practice of yoga? The jiivátmá will take the ideation of Paramátmá, and then the former will become one with the latter. How is it possible for the microcosm to become Macrocosm? The Macrocosm, or Parama Puruśa, has one unique characteristic, and that characteristic is, whoever ideates on Him becomes one with Him. The very nature of the mind is to become as it thinks... As one thinks, so one becomes... If human beings take the Cosmic ideation, they will also become one with the Cosmic Entity.	人如何經由修持瑜伽而達到圓滿的成就？個體意識持念、觀想至上意識，則個體意識將與至上意識合一。個體小宇宙怎麼可能變成大宇宙呢？大宇宙，或稱至上意識，有一個唯一的特徵，那就是無論誰持念、觀想祂，就會與祂合一。心靈的本質就是變成它所想的對象。…… 「你怎麼想就怎麼變」。……如果人類觀想著大宇宙心靈，那麼他們將與宇宙本體合一。	Come si può ottenere la siddhi attraverso la pratica dello yoga? Il jīvātman assumerà l’ideazione di Paramātman, e allora il primo diventerà uno con il secondo. Com’è possibile che il microcosmo diventi Macrocosmo? Il Macrocosmo, o Parama Puruśa, ha una caratteristica unica, ed è questa: chiunque mediti su di Lui diventa uno con Lui. La natura stessa della mente è quella di diventare ciò che pensa… Come si pensa, così si diventa… Se gli esseri umani assumono l’ideazione Cosmica, diventeranno anch’essi uno con l’Entità Cosmica.	Shrii Shrii Ánandamúrti | 26 October 1979, Gaddopur, Bihar | 32 Yoga and Tantra | Discourses on Tantra Volume Two	Shrii Shrii Ánandamúrti | 1979年10月26日於Gaddopur, Bihar | 29 瑜伽與密宗 | 密宗開示錄 卷2，P.237~238	540	160
pair_1029_1957_097_240125	1029_1957_097_240125.txt	To know Him you are to throw yourself into the introversive flow of the Macrocosmic imagination and bring about a union between the Entity which imagines and the entity which is imagined. To know Brahma means to become Brahma. As He is not your mental object, you cannot see Him.	為了了悟祂，你必須將自身投入於大宇宙想像的內在波流，讓想像的實體和被想像的實體合一。了悟至上意識就是成為至上意識，因為祂不是你的心智客體，所以你無法看見祂。		Agraháyańa Púrńimá 1957 DMC, Bettiah | The Supreme Question – 1, Subháśita Saḿgraha Part 6	1957年10月29日於貝蒂亞大法會 | 靈性層面的問題(一)，靈性科學集成卷六，P.97	279	78
pair_1100_1966_076_241005	1100_1966_076_241005.txt	Your progress in the realm of spirituality, in the realm of intuitionality, depends on His divine grace – just say His special divine grace. The Vedas say that it depends on divine grace, Guru krpá.	「唯有至上本體的恩典，將自身顯現于那些渴望的靈魂，他們方才可能獲得祂。」		Shrii Shrii Ánandamúrti | November 1966, Ernakulam | 03 Rádhiká Shakti | Ánanda Vacanámrtam Part 23		199	36
pair_1101_1978_143_250519	1101_1978_143_250519.txt	He is such a remarkable entity that whoever comes near Him becomes as great as Him and is made His own. Not only does He draw all other entities into His lap, but He also makes them lose their individual identities in Him – they become absorbed in Him. Thatʼs why He is also called “Vipula”. And as Heʼs Vipula, He is also called “Brahma”. Had He not possessed the quality of making others as great as Himself, we would have called Him Brhat, but certainly not Brahma.	祂如此非比尋常，誰靠近祂，誰就變得跟祂一樣偉大，而且成為祂所有。祂不僅吸引所有其他個體到祂的膝上，而且也使他們在祂裡面不再保有個別的自己──他們融入於祂，所以祂被稱為「偉大」(Vipula)，因為偉大，所以也被稱為「至上意識」(Brahma)。要不是祂擁有使別人變得跟祂自己一樣偉大的性質，我們將稱呼祂「無限大」(Brhat)，而絕非「至上意識」(Brahma)。		Shrii Shrii Ánandamúrti | 1 November 1978 morning, Kalikata | 06 The Endless Quest for Him | Ánanda Vacanámrtam Part 4	Shrii Shrii Ánandamúrti | 1978年11月1日晨於Kalikata | 85 對祂無盡的探索 | 喜悅甘露集 卷2，P.143	468	182
pair_1102_1978_149_240113	1102_1978_149_240113.txt	Some people think that Parama Puruśa is far away and, showing no mercy, has left them deserted in a corner. They believe He thinks about everyone except themselves. To such people my reply is, “He thinks about everyone. If Heʼs not thinking about you, He must be thinking about not thinking about you. If He thinks that He will think about everyone except you, He is also thinking about you.” So it logically follows that He thinks about everyone, excluding none.	有的人認為至上意識遙不可及，毫無慈憫悲心，把他遺棄在角落裡，只想到除了他之外的每一個人。對有這樣想法的人，我只有一個回答；「祂想到每一個人。如果祂沒有想到你，那麼祂必定正在想著祂沒有想到你這件事；如果祂想著祂將想除你之外的每一個人，那麼表示祂也還是想著你。」他想著每一個人，無一例外。		2 November 1978 morning, Kalikata | He Is Even Nearer Than You Think | Ánanda Vacanámrtam Part 4	1978年11月2日清晨於卡利卡塔 | 祂比你所想的更接近你 | 喜悅甘露集卷二，P.149	464	142
pair_1103_1978_152_250426	1103_1978_152_250426.txt	Whatever humans do in consistence with the dictates of dharma will ensure their well-being, their victory, their prosperity. And whoever goes against these ingrained human characteristics, against these dharma-orientated characteristics, will be doomed to destruction. For human beings, ideation on Parama Puruśa is a dharmic injunction. By divine decree everyone has the right to live in the world with dignity. If anyone creates any obstacle against this dharma-oriented system, if they oppose it, they are bound to be destroyed.	人類的作為若能符合法性，則其福祉、勝利與繁榮是必然的，任何違反人類本自具有以法性為導向的特性，必將招致毀滅。對人類來說，心中持念至上意識是法性的誡命，由於神聖的天意，每個人有權利尊嚴地活在這個世界上，如果有人製造障礙來阻撓以法性為導向的運作規律，必毀滅無疑。		Shrii Shrii Ánandamúrti | 3 November 1978 morning, Kalikátá | 08 Opposition to Dharma Will Certainly Invite Destruction | Ánanda Vacanámrtam Part 4	Shrii Shrii Ánandamúrti | 1978年11月3日晨於Kalikátá | 87 反對法性必招毀滅 | 喜悅甘露集 卷2，P.152	532	129
pair_1104_1979_111_250902	1104_1979_111_250902.txt	It is the duty of every person to perform dharma sádhaná. Human beings are marching along the path of aesthetic science. Parama Puruśa is described as “Truth, Consciousness and Beauty” (Satyam, Shivam, Sundaram). Human beings are fascinated by His grandeur, His non-attachment, and by His beauty too.	從事法性的靈性修持是每個人的責任。人類正沿著美學之道前進。至上意識被描述為「真理、意識以及美」(Satyam Shivam, Sundaram)，人類也為祂的莊嚴偉大、不執著以及美麗所著迷。		Shrii Shrii Ánandamúrti | 4 November 1979 DMC, Ahmedabad | 11 The Supreme Aesthetic Science and the Cult of Devotion | Subháśita Saḿgraha Part 19	Shrii Shrii Ánandamúrti | 1979年11月4日於Ahmedabad大法會 | 10 靈性美學與虔誠法門 | 虔誠瑜伽的真諦，P.111	303	95
pair_1104_1979_112_251021	1104_1979_112_251021.txt	Why do we move towards the Subtlest Entity? The reason is, we want to experience joy or pleasure. The stage when we lose ourselves in ecstatic bliss, we merge in the Supreme Entity, is called supra-aesthetic science (atinandana vijiṋána). It is also known as sammohana vijiṋána, that is, as long as we are enjoying that ecstasy, we feel it is very charming. The sport (liilá) of Parama Puruśa is very beautiful. We are moving towards Him. We do not mind the obstructions. We will go on moving. The stage of movement is the stage of aesthetic science. The stage of merger, when we have lost ourselves in the Supreme, when we have no desire for anything else, is the stage of supra-aesthetic science (mohana vijiṋána).	為什麼我們會朝向最精細的本體前進呢？原因就在於我們想要體驗喜悅或快樂。一旦當我們達到忘我的喜悅之境時，就會融入於至上本體，此即為「超美學」(Atinandana Vijiṋána)，也稱為Sammohana Vijiṋána，亦即只要我們沉浸在此種喜悅中，我們就會覺得它魅力無窮。至上意識的遊戲是非常美麗的。我們一心朝向祂前進，不在乎任何阻礙，會一直向前進。這種前進的行動就是美學；而當我們忘懷自身融入至上本體，當我們已無任何其他的慾望時，這就稱為超美學(Mohan Vijiṋána)。		Shrii Shrii Ánandamúrti | 4 November 1979 DMC, Ahmedabad | 11 The Supreme Aesthetic Science and the Cult of Devotion | Subháśita Saḿgraha Part 19	Shrii Shrii Ánandamúrti | 1979年11月4日於Ahmedabad大法會 | 10 靈性美學與虔誠法門 | 虔誠瑜伽的真諦，P.112	724	244
pair_1104_1979_113_260430	1104_1979_113_260430.txt	By taking the ideation of Paramátmá [Supreme Subjectivity], the human mind becomes as vast as Paramátmá Himself. It is the characteristic of the mind to take the form of the object of its ideation. It is one of the characteristics of Paramátmá also that whosoever takes His ideation becomes like Him. Everything, such as water, fire, oxygen, nitrogen, etc., has its own characteristic. So the characteristic of Parama Puruśa [Supreme Entity] is that whosoever takes His ideation, become as vast as Him by His Grace. Brhatvadá Brahma brḿhańatvád Brahma. The word Brahma means “very great.” Is He only great? No, He is great Himself, and can make others great; so He is called Brahma.	以至上意識為理念作用的目標，人類心靈就會變成如至上意識般浩瀚。這是心靈的特質，心靈會取得它理念作用的目標。這也是至上意識的特質之一，亦即任何人若以祂為理念作用的目標，就會變成和祂一樣。每個東西，例如水、火、氧、氮等等，它們都各有各的特性，所以至上意識的特性就是任何人若以祂為其理念作用的目標，則在祂的恩典下就會變得如祂一般偉大—Brhatvadá Brahma Brḿhańatvád Brahma,Brahma這個字意指非常偉大。祂僅僅只是偉大嗎？不，祂不但偉大，同時也能使其他人變得偉大，所以祂被稱為至上意識—Brahma。	Assumendo l’ideazione di Paramātmā [Soggettività Suprema], la mente umana diventa vasta quanto Paramātmā stesso. È caratteristica della mente assumere la forma dell’oggetto della propria ideazione. Ed è anche una delle caratteristiche di Paramātmā che chiunque assuma la Sua ideazione diventi come Lui. Ogni cosa – come l’acqua, il fuoco, l’ossigeno, l’azoto, ecc. – possiede una propria caratteristica. Così, la caratteristica di Parama Puruṣa [Entità Suprema] è che chiunque assuma la Sua ideazione diventa vasto quanto Lui, per Sua grazia. Bṛhatvād Brahma bṛṃhaṇatvād Brahma. La parola Brahma significa «molto grande». È soltanto grande? No, Egli è grande in sé e può rendere grandi gli altri; per questo è chiamato Brahma.	Shrii Shrii Ánandamúrti | 4 November 1979 DMC, Ahmedabad | 11 The Supreme Aesthetic Science and the Cult of Devotion | Subháśita Saḿgraha Part 19	Shrii Shrii Ánandamúrti | 1979年11月4日於Ahmedabad大法會 | 10 靈性美學與虔誠法門 | 虔誠瑜伽的真諦，P.113	693	264
pair_1104_1979_114_250702	1104_1979_114_250702.txt	If one, after transforming mind into a point, without making it vast, merges it into Parama Puruśa, surrenders it to Parama Puruśa, then, in that case, individual mind does not exist. Then what happens? Mind merges with Parama Puruśa; there remains only Paramátma [Supreme Subjectivity] and not the mind. This is called nirvikalpa samádhi. In savikalpa samádhi the mind enjoys bliss because of its greatness. That bliss is called liilánanda [bliss of the divine play]. When the mind is given to Parama Puruśa, it is surrendered unto Him, in that condition the bliss or supra-mundane ecstasy is called nityánanda [eternal, transcendental bliss]. So devotion is essential to get nityánanda or liilánanda (the bliss of His sport or liilá).	如果一個人將心靈專注於一點，而非擴展讓它變得浩瀚無比，以致融入於至上意識，臣服於至上意識裡，在此情況下，個體的心靈已不復存在，那麼將發生什麼事呢？心靈會融入至上意識裡，彼時只有至上意識的存在，而沒有個體心靈的存在。此稱為「無餘依三摩地」。在有餘依三摩地的境界中，心靈因為無比擴展而享受喜悅，那種喜悅稱為「遊戲三昧」(Liilánanda);當心靈完全交付給至上意識，完全臣服於祂時，那種喜悅或超世俗的喜悅則稱為「永恆三昧」(Nityánanda)。所以虔誠對永恆三昧或遊戲三昧而言都是不可或缺的。		Shrii Shrii Ánandamúrti | 4 November 1979 DMC, Ahmedabad | 11 The Supreme Aesthetic Science and the Cult of Devotion | Subháśita Saḿgraha Part 19	Shrii Shrii Ánandamúrti | 1979年11月4日於Ahmedabad大法會 | 10 靈性美學與虔誠法門 | 虔誠瑜伽的真諦，P.114~115	748	248
pair_1104_1979_114_251005	1104_1979_114_251005.txt	What is love? It is the expressed form of devotion. Only one who has love for Parama Puruśa can take His ideation. Love is the expressed form of devotion. When does this expressed form occur? When it has its root or seed, only then it can occur. When there is seed, only then it will sprout. That seed is devotion. So, only that one can make oneself great, only that one can take the correct ideation of Parama Puruśa, who has the seed of devotion within.	何謂愛？愛是虔誠的表達方式。唯有深愛至上意識的人，才可能觀想、持念祂，以祂為理念作用的目標。虔誠的表達就是愛，愛的表達於何時產生？於有種子或根的地方才會產生出來。有種子方才會發芽。那種子就是虔誠。所以只有努力成就自身偉大，只有正確觀想、持念至上意識者，其內在才會有虔誠的種子。		Shrii Shrii Ánandamúrti | 4 November 1979 DMC, Ahmedabad | 11 The Supreme Aesthetic Science and the Cult of Devotion | Subháśita Saḿgraha Part 19	Shrii Shrii Ánandamúrti | 1979年11月4日於Ahmedabad大法會 | 10 靈性美學與虔誠法門 | 虔誠瑜伽的真諦，P.114	457	138
pair_1104_1979_116_251225	1104_1979_116_251225.txt	Parents love their child very much. Do they love for the sake of their child? No they love their child because they get pleasure for themselves. If their child turns into a vagabond, if he or she becomes cruel, then he or she does not utter even the parents’ names, then they do not get pleasure. A person likes everything of this world but not for the sake of these things. One loves the world, one lives with this world because one gets pleasure, that is why one loves it. You see, if one gets great trouble in this world even for a single moment one says, “O Yamarája (God of Death), where are you? Come on, now, I don’t want to live.” After that if one gets attracted towards this world after two or three minutes, one says, “No Yamarája, no, you don’t come now.” So this is the first phase of aesthetic science. After that what happens? By taking the ideation of Parama Puruśa, when the quantity of pleasure increases, a person loses the self first. What happens when he or she is lost? He or she feels “I take the ideation of Parama Puruśa not for my sake, not for me. I love Parama Puruśa so that he may get pleasure because of my love, I wish to give Him pleasure. I may or may not get it.” When this stage is attained, this is called rágátmiká bhakti. In this stage one feels, “I love Parama Puruśa, I do not care whether He loves me or lot, He likes me or not, but I like Him”. This is rágátmiká bhakti. When this rágátmiká bhakti is attained, in that stage one is also called gopa” as described in scriptures (shástras).	父母摯愛其子女，他們難道會因為是自己的小孩所以愛他們嗎？不是的，他們愛子女乃因他們從愛小孩之中得到快樂。如果他們的小孩變成懶惰鬼或變成冷酷無情之人，連父母之名都不稱呼，那麼當父母的就不會覺得快樂了。一個人喜愛這世間的東西並非因為喜愛而喜愛，一個人愛這世界，活在這世界，乃因為他從中獲得快樂，所以他才會愛這世界、活在這世界。你們看，如果一個人遇到天大的麻煩，即使短短一刻，他都會覺得：「哦，死神啊！你在哪裡？快現身來取走我的性命吧！我一刻都不想再活了！」兩、三分鐘之後，若他又被世間某物所吸引，他就又會說：「哦，死神啊！求求你現在別來！」這就是美學的第一個階段。 然後會發生什麼事呢？藉由對至上意識的理念作用，當喜悅的感受越來越強時，首先他會忘懷自身。而後又會怎麼樣呢？他會覺得：「我觀想、持念至上意識不是為了自己的緣故，不是為了我自己。我愛至上意識因為祂可以從我對祂的愛中得到快樂，不管我自己能不能得到快樂，但我想要讓祂得到快樂。」當達到這種境界時，就稱為「拉嘎密卡虔誠」(Rágátmiká Bhakti)。在此階段，一個人會感覺到「我不在乎至上意識是否愛我，但我愛祂。祂喜不喜歡我無所謂，然而我喜歡祂。」此即為「拉嘎密卡虔誠」。達到這種虔誠之境的人，在經典上也稱為「勾帕」(Gopa)。	I genitori amano moltissimo il proprio figlio. Ma lo amano davvero per il bene del figlio? No. Lo amano perché ne traggono piacere per sé stessi. Se il figlio diventa un vagabondo, se diventa crudele, se non pronuncia neppure il nome dei genitori, allora quel piacere non c’è più. L’essere umano apprezza le cose di questo mondo, ma non per il loro bene: le ama perché ne ricava piacere. Si ama il mondo e si vive nel mondo perché il mondo dà piacere — ed è per questo che lo si ama. Osservate: se anche solo per un attimo questo mondo diventa fonte di grande sofferenza, l’uomo esclama: «O Yamarāja, Dio della morte, dove sei? Vieni pure, non voglio più vivere». Ma se dopo due o tre minuti torna ad essere attratto dal mondo, subito dice: «No, Yamarāja, no… non venire ora». Questa è la prima fase della scienza estetica. Poi che cosa accade? Quando, prendendo come ideazione Parama Purusa, la quantità di piacere aumenta, l’individuo perde per prima cosa il proprio io. E che cosa succede quando l’io si perde? Si sente: «Io prendo come ideazione Parama Purusa non per me, non per il mio tornaconto. Io amo Parama Purusa affinché Egli possa ricevere piacere dal mio amore. Che io ne riceva o no, non è importante». Quando si raggiunge questo stadio, esso è chiamato rāgātmikā bhakti. In questa condizione si sente: «Io amo Parama Purusa; non mi importa se Egli mi ama molto o poco, se Gli piaccio o no. Io Lo amo». Questa è la rāgātmikā bhakti. E quando questa forma di devozione è raggiunta, colui che la vive viene chiamato anche gopa, così come è descritto nelle scritture (śāstra).	Shrii Shrii Ánandamúrti | 4 November 1979 DMC, Ahmedabad | 11 The Supreme Aesthetic Science and the Cult of Devotion | Subháśita Saḿgraha Part 19	Shrii Shrii Ánandamúrti | 1979年11月4日於Ahmedabad大法會 | 10 靈性美學與虔誠法門 | 虔誠瑜伽的真諦，P.116~117	1547	545
pair_1104_1979_118_260405	1104_1979_118_260405.txt	What happens when they are established in supra-aesthetic science (atinandan vijiṋána)? All their worldly music is finished. All the rágas and rágińiis and the art of dancing, whatever they be, they come to an end. In that condition, there remains only an ecstatic state (bhávibhora). The music of that state is called kiirtana. Therefore, it is the scriptural direction not to sing any song after kiirtana, because other music is within the scope of aesthetic science and kiirtana comes within the scope of mohana vijiṋána.	當他們立足於超美學(Ati Nandan Vijiṋána)之境時將會是如何呢？所有世俗音樂均皆止息，不管是什麼曲調以及舞蹈藝術等等，不論是什麼全部都終止了，在那個情況下，只有法喜充滿(Bhávibhora)，那時候的音樂稱為「對至上聖名的唱頌」(Kiirtana)。 因此，經典上指示我們在唱頌至上聖名之後不應再唱其他任何歌曲，因為其他的音樂皆屬美學領域之物，而至上聖名之唱頌則來自於超美學的範疇。	Che cosa accade quando si è stabiliti nella scienza supra-estetica (atinandana vijñāna)? tutta la musica legata all’esperienza estetica perde significato. Tutti i rāga e le rāginī, e l’arte della danza, qualunque esse siano, cessano. In quello stato rimane soltanto una condizione estatica (bhāvibhora). La musica di quello stato è chiamata kīrtana. Perciò, la tradizione spirituale raccomanda di non cantare alcun altro canto dopo il kīrtana, perché le altre forme musicali rientrano nell’ambito della scienza estetica, mentre il kīrtana appartiene alla sfera del mohana vijñāna.	Shrii Shrii Ánandamúrti | 4 November 1979 DMC, Ahmedabad | 11 The Supreme Aesthetic Science and the Cult of Devotion | Subháśita Saḿgraha Part 19	Shrii Shrii Ánandamúrti | 1979年11月4日於Ahmedabad大法會 | 10 靈性美學與虔誠法門 | 虔誠瑜伽的真諦，P.118	532	200
pair_1105_1971_173_231129	1105_1971_173_231129.txt	Your every action should be with Parama Puruśa. Without Him, your actions are as nothing, no matter how great they may seem. Yet if you do even a little with Him, you will have done a lot. He is like the number one, your actions are like zeros. If you take the One (1) first and to that One perform your actions, it is like adding zeros to the 1.	你的每一個行動都應有至上意識，沒有祂，你的行動無論看起來多麼偉大，事實上一無是處。即使你只做了一點小事，但如果那個行動有祂，那麼這就是件大事。祂像數字一，你的行動像數字零，如果把一放在前頭，然後再行動，就好比在一之後加上許多零。		5 November 1971 evening, Patna | One and Zero, Ánanda Vacanámrtam Part 30	1971年11月5日傍晚於帕特那 | 一與零，喜悅甘露集卷八 P.173	347	114
pair_1105_1971_173_251208	1105_1971_173_251208.txt	Your every action should be with Parama Puruśa. Without Him, your actions are as nothing, no matter how great they may seem. Yet if you do even a little with Him, you will have done a lot. He is like the number one, your actions are like zeros. If you take the One (1) first and to that One perform your actions, it is like adding zeros to the 1, it is like multiplying by ten with each action. But if that One is not there, your zeros are added to each other and the net result can only be zero. So go on multiplying; let not all be zero. You have taken a human form to realize Him, let not your life be wasted.	你的每一個行動都應有至上意識，沒有祂，你的行動無論看起來多麼偉大，事實上一無是處。即使你只做了一點小事，但如果那個行動有祂，那麼這就是件大事。祂像數字一，你的行動像數字零，如果把一放在前頭，然後再行動，就好比在一之後加上許多零，如此你每加一個行動，就如同乘以十。反之如果沒有將一放在前頭，你加再多的零，結果仍是零。 所以不要讓你的行動變成都是零，你應讓它不斷相乘。你已取得人的肉身來了悟祂，不要白白浪費了生命。	Ogni vostra azione dovrebbe essere compiuta con Parama Puruśa. Senza di Lui, le vostre azioni non valgono nulla, per quanto grandi possano sembrare. Ma se fate anche una sola cosa insieme a Lui, avrete già fatto moltissimo. Lui è come il numero uno; le vostre azioni sono come degli zeri. Se mettete l’Uno (Parama Puruśa) davanti a tutto e lasciate che sia Lui a compiere le vostre azioni, allora ogni cosa che fate è come aggiungere uno zero dopo l’uno: il valore cresce sempre, si moltiplica per dieci a ogni nuova azione. Ma se quell’Uno non c’è, i vostri zeri si sommano tra loro e il risultato non può che essere zero. Dunque continuate a “moltiplicare”: non lasciate che tutto sia zero. Avete preso una forma umana per realizzarlo: non permettete che la vostra vita venga sprecata.	Shrii Shrii Ánandamúrti | 5 November 1971 evening, Patna | 25 One and Zero | Ánanda Vacanámrtam Part 30	Shrii Shrii Ánandamúrti | 1971年11月5日傍晚於Patna | 24 一與零 | 喜悅甘露集 卷8，P.173	613	205
pair_1105_1978_168_250818	1105_1978_168_250818.txt	In each and every human being there is a sense of existence in the innermost cavity of the mind. All the worldly clashes and struggles, all the subtle ideas and thoughts centre around this existential “I” feeling. “Because he has insulted me I seek revenge.” Everything centres around this “I” feeling. “I am good, but heʼs bad.” It is all the result of that small “I”. If the small “I” is good, the world is automatically good. The part of the mind in which the “I” resides is called “guhá”. Here “guhá” does not mean a mountain cave but that innermost cavity within the human mind where the seer “I” lies hidden. And this seeing or witnessing entity of the small “I” is the very root of dharma. Who lies hidden in that innermost cavity of the existential “I” feeling? Parama Puruśa, of course. All the entities of this world are sheltered in Him.	每個人心靈深處皆有一種「我存在著」的感覺。從一切世俗的衝突、掙扎到所有精細的思想觀念都圍繞著這個存在的「我覺」。「他侮辱我，我要報復」等等一切的一切都環繞著此「我覺」。「我是好人，他是壞人」，全都是那個「小我」作用的結果。假使每個「小我」都是好的，那麼世界自然都是好的。心靈中，「我」存在的那部分稱為guhá，在此，guhá非指山洞，而是意指人類心靈的最深處，即「見證之我」所隱藏之處。而此小我的「目證本體」是法性的根源。隱藏於存在的「我覺」中最深處者為誰？當然是至上意識。世上萬事萬物均以祂為庇護。		Shrii Shrii Ánandamúrti | 5 November 1978 morning, Kalikata | 11 Which Is the Right Path? | Ánanda Vacanámrtam Part 4	Shrii Shrii Ánandamúrti | 1978年11月5日晨於Kalikata | 90 正確的道路 11 Which Is the Right Path | 喜悅甘露集 卷2，P.168	851	250
pair_1106_1955_000_250724	1106_1955_000_250724.txt	As everything is within His psychic body so He is the real Supreme Controller of everything. He is Consciousness – Bliss Absolute. All mental feelings are either pleasant or painful. When the mind remains associated with any object for a long time we call that state “happiness” and when it is repulsed by any absent (while is characteristically inimical) for long, we call such a state sorrow. When the mind is neither concerned with the feeling of happiness nor with that of sorrow, it ceases to exist. In such a state here remains only an objectless soul, when the soul revels in the happiness of the soul. That is why He is the self-same Consciousness – the Bliss Absolute – the ever-blissful Spirit.	一切事物都在祂的心智體內，所以祂是一切事物真正的至上控制者。祂是意識──純然的喜悅。所有心理上的感受不是快樂就是痛苦。當心靈長時間盤踞在某些東西上，我們稱此種狀態為快樂，當它長時間排拒某些事物（當它具有敵對不友好的特性時）我們稱這種狀態為悲傷。當心靈既無痛苦也無快樂的覺受，它就停止存在。這種狀態只剩下空無一物的靈魂，那時，靈魂沈浸在它的喜悅裡。這就是為何祂與意識──神性的喜悅──永恆喜悅的靈魂是同一的。		Shrii Shrii Ánandamúrti | Kárttikii Púrńimá 1955 DMC | 04 The Intuitional Science of the Vedas – 4 | Subháśita Saḿgraha Part 2	Shrii Shrii Ánandamúrti | 於1955年11月6日Kárttikii滿月日大法會 | 04 融入無物無象的祂 | 靈性修持與三摩地	704	203
pair_1106_1956_006_240426_Kárttik	1106_1956_006_240426_Kárttik.txt	This endeavour to liberate the unit consciousness from the unit mind, the base of all relativities, is what is termed sádhaná. The propensity through which one expresses oneʼs psychic power depends in most cases (except in the case of original actions) on the influence of physical constitution, education and the environment. Hence, to maintain purity of the psychic propensities, the purity of the body, the reactive momenta and the environment is crucial.	個體心靈是所有相對因素產生的根基，將個體意識從個體心靈中解脫出來的努力，就是『靜坐修持』。表達個體心智情緒傾向的習性，絕大部分受到身體、教育以及環境的影響。因此，要維持心理習性的純淨，身體、業力和環境的淨化非常重要。		Kárttik Púrńimá 1956 DMC, Supaul | The Only Way to Salvation, Subháśita Saḿgraha Part 5	1956年11月6日Kárttik滿月日於Supaul大法會 | 解脫的唯一方法，靈性科學集成卷5，P.6	460	108
pair_1106_1956_009_231030	1106_1956_009_231030.txt	Nobody is born low, nobody is born a bráhmiń. Human beings are considered low only because of their bad actions. But when they see Brahma in each and every finite entity, and act accordingly, they attain the rank of bráhmiń, they become established in integral knowledge.	沒有人生來就是卑賤的，也沒有人生而為了悟的婆羅門。只有行為卑劣之人才是卑賤的。如果能在一切有限的事物中看見無限的本體，並循此而行，必成了悟之人，他們將立足於圓滿的知識裡。		Kárttik Púrńimá 1956 DMC, Supaul | 01 The Only Way to Salvation | Subháśita Saḿgraha Part 5	1956年11月6日Kárttik滿月日於Supaul大法會 | 01 解脫的唯一方法 | 靈性科學集成 卷五 P.9	275	85
pair_1106_1956_015_231213	1106_1956_015_231213.txt	The one who knows Him, who has understood His original stance, remains undifferentiated from Him and gets ensconced in that Puruśottama, the ocean of divine nectar. One who knows the secrets of magic will easily see through the magical techniques and dexterity of the magician, if He accepts him as one of His intimate team.	了悟祂的人或知曉至上本源的人則與祂無異，安住於神聖甘露之洋的至上核心裡。如果他願意加入至上魔術師親密的團隊，知道了這幻化魔術的技巧，便很容易看穿魔術師的手法。		Kárttik Púrńimá 1956 DMC, Supaul | The Only Way to Salvation, Subháśita Saḿgraha Part 5	1956年11月6日Kárttik滿月日於Supaul大法會 | 解脫的唯一方法，靈性科學集成卷五，P.15	325	79
pair_1106_1956_023_231227	1106_1956_023_231227.txt	Only when one has embraced the Supreme Cognitive Force with utmost reverence, single-minded devotion, and extreme sincerity, can one hope to be established in immortality, the permanent cessation of the triple afflictions.	唯有以最崇敬的態度、心境專一的虔誠和真誠擁抱至上認知力量的人，方能期望達到永恆不朽之境，永遠解除身、心、靈三重的痛苦。		Kárttik Púrńimá 1956 DMC, Supaul | The Only Way to Salvation | Subháśita Saḿgraha Part 5	1956年11月6日Kárttik 滿月日於Supaul大法會 | 解脫的唯一方法，靈性科學集成卷五，P.23	222	59
pair_1106_1956_023_240220_Kárttik	1106_1956_023_240220_Kárttik.txt	That which removes human afflictions is called artha. As the pangs of hunger are removed by food, the means of procuring food is called artha. The pain of disease is alleviated by medicine, hence the means of procuring medicine is called artha. Artha, however, cannot bring permanent relief to pain and miseries. Hunger removed today will return tomorrow; a disease cured today may strike again tomorrow. Artha cannot guarantee permanent security or lasting happiness. But in Brahma, the Entity who liberates one from all mundane ailments and the cycle of rebirth, lies the total cessation of all afflictions, the freedom from all ailments. He is the only dependable panacea for microcosmic distortions and imperfections; there is none other than Him – Nányah panthá vidyate ayanáya.	能解除人類痛苦者謂之為『阿塔』(artha)。食物可以解除飢餓的痛苦，因此得到食物的方法就被稱為『阿塔』;藥物可以解除疾病的痛苦，所以同樣的，得到藥物的方法即是『阿塔』。然而『阿塔』不能為你的痛苦帶來永遠的解脫，今天你吃飽不餓了，明天飢餓仍將降臨；今天你痊癒了，明天可能又遭受相同疾病的攻擊。『阿塔』無法保證永恆的快樂和安全。但至上意識能夠解脫眾生於無邊的世俗苦難中，祂能夠讓你不再生死輪迴，因為祂能停止所有的苦難，讓你免於所有的病痛。祂是扭曲的小宇宙個體唯一可依賴的萬應靈藥，除祂之外別無其他實體(Nányah panthá vidyate ayanáya)。		Kárttik Púrńimá 1956 DMC, Supaul | The Only Way to Salvation, Subháśita Saḿgraha Part 5	1956年11月6日Kárttik滿月日於舒帕爾大法會 | 解脫的唯一方法，靈性科學集成卷5，P.23	786	281
pair_1106_1956_041_231106	1106_1956_041_231106.txt	On attaining Brahma there remains nothing to be attained, no further peace to be sought, no further knowledge to be acquired.	達到至上之境，就沒有再要達到的境界、沒有再要追尋的詳和寧靜、沒有再要得到的知識了。		Shrii Shrii Ánandamúrti | Márgashiirśa Púrńimá, 1956 DMC, Monghyr | 02 Microcosm and Macrocosm | Subháśita Saḿgraha Part 5	Shrii Shrii Ánandamúrti | 1956年11月6日Kárttik滿月日於Supaul大法會 | 01 解脫的唯一方法 | 靈性科學集成卷 5，P.41	125	41
pair_1110_1978_162_250120	1110_1978_162_250120.txt	Renunciation does not mean giving up everything and going into seclusion. It is not an escapist tendency. Fundamentally it means not to be influenced by any colour. It can be compared with certain fishes who live in the muddy depths of ponds and yet never get smeared with mud. This psychic attitude is called vaerágya. When is one established in such a psychic feeling? When one realizes that those objects whose colours have so far influenced you, are not at all permanent. Visible today, they will disappear tomorrow. One realizes, “If I allow them to influence my mind today, I will feel acute pain when they disappear in future. So, in no stage of my life should I allow the colours of those objects to influence my mind.”	不執著並非棄絕一切離群索居，不是遁世的傾向，基本上指的是：不為任何顏色所影響，有種居於水塘污泥而不為泥巴所染污的魚類差可比擬，此種心態稱為不執著。這種心理覺受何時產生呢？當人了悟到那些深深影響他的顏色客體是如此無常而非永恆，今天得見，明日或許消失，了悟到「如果今天讓這些東西來影響我的心靈，那麼將來它們消失時我必承受那種無比錐心之痛。所以，在生命中不論身處何境，我都不會讓那些顏色客體來影響我的心靈。」		Shrii Shrii Ánandamúrti | 10 November 1978 morning, Kalikata | 18 Treading the Broad Path of Spirituality | Ánanda Vacanámrtam Part 4	Shrii Shrii Ánandamúrti | 1978年11月10日晨於Kalikata | 04 臍輪(Mańipura cakra) | 生命的奧秘‧脈輪科學觀，P.162	728	201
pair_1110_1978_213_250526	1110_1978_213_250526.txt	The only way to progress is to take shelter in satya (supreme truth) – there is no other way. Nothing can be built on the weak foundation of falsehood. And the life of one who has resorted to falsehood, however learned or wealthy he or she might be, will definitely be fruitless. However, the one who follows the broad path of truth, the path already followed by the practitioners of áptakáma, will be entitled to take shelter in the supreme truth, will surely attain the Supreme rank and become one with the Supreme Entity.	進步唯一的途徑是以至上真理為庇護所，此外別無他途。沒有任何東西可建立在虛幻脆弱的基礎上，生命若藉助虛幻，不論多有學問或多富有，必不會有所成就。順應天意(áptakáma)的修持者遵循真理大道，擁有得到至上真理庇護的權利，必然達到至上之境，而與至上本體合而為一。		Shrii Shrii Ánandamúrti | 10 November 1978 morning, Kalikata | 18 Treading the Broad Path of Spirituality | Ánanda Vacanámrtam Part 4	Shrii Shrii Ánandamúrti | 1978年11月10日晨於Kalikata | 97 踏上靈性大道 | 喜悅甘露集 卷2，P.213	526	130
pair_1110_1979_305_231224	1110_1979_305_231224.txt	The most appropriate meanings of diikśá are:  1. That by which you obtain the siddha mantra which has been duly energized by purashcarańa, and by which you move towards the goal by the refulgence of that light. 2. That which exhausts your accumulated sins, or prárabdha. Diikśá is absolutely essential for spiritual progress. 3. Diikśa is associated with the appropriate mantra.	靈性啟蒙最正確的意義如下： 1。藉此你得到一個完美梵咒，此梵咒已被賦予力量能夠喚醒你內在潛藏的神性能量。在靈性光輝的照耀下，你將朝向生命的目標前進。 2。靈性啟蒙消除累世的業力，對靈性進步而言，是不可或缺的。 3。靈性啟蒙配合正確的梵咒。			1979年11月10日於海卓巴德 | 靈性啟蒙、梵咒和瑜伽修持 | 瑜伽修持科學觀  P.305	385	119
pair_1111_1978_226_250328	1111_1978_226_250328.txt	What should we ask from Parama Puruśa? Let us pray to Him that we never forget Him, that we always remain united with that Supreme Benevolence. Let Him arouse unwavering ideation in us. “Smrti” means “memory” or “recollection” and “dhruvásmrti” means “constant recollection” of Him. One should always remember one thing constantly: Parama Puruśa. This will result in the intellect being constantly full of benevolent thoughts, forever linked with the spirit of benevolence. This and this alone should be the one prayer of human beings.	我們應向至上意識要求什麼呢？讓我們向祂祈求永遠不會忘記祂，如此我們將永遠與至上的慈悲結合，祈請祂喚起我們堅定的理念。Smrti意指「記憶」或「回憶」，而dhruvásmrti意指「持續不斷憶念著祂」。人應永遠不斷地記得至上意識，這樣聰明才智將充滿源源不絕的慈悲心，才能永遠與至上慈悲大愛連結，此是人類唯一應祈求的。		Shrii Shrii Ánandamúrti | 11 November 1978 evening, Kalikata | 20 Remain United with the Supreme Benevolence | Ánanda Vacanámrtam Part 4	Shrii Shrii Ánandamúrti | 1978年11月11日於Kalikata | 99 與至上慈悲結合 | 靈性科學集成 卷2，P.226~227	538	157
pair_1112_1978_014_231226	1112_1978_014_231226.txt	Usually worldly people remember constantly their earthly joys and comforts, or dwell on the names of their enemies. But that is all useless. Only the name of Parama Puruśa should be remembered and chanted, for ultimately one will have to reach Him, to merge in Him.	通常世俗之人最常記住其世俗之快樂和安適，或老記著敵人之名。但那都是沒有用的。該記住和唱頌的只有至上意識之名，因為，人終將達到祂，並與祂合一。		12 November 1978 DMC, Kolkata | The Intuitional Science of Tantra | Subháśita Saḿgraha Part 11	1978年11月12日於加爾各答大法會 | 密宗之靈性直覺科學 | 靈性科學集成卷11，P.14	266	70
pair_1113_1978_005_240405	1113_1978_005_240405.txt	The theory of Tantra has been evolved on the basis of practical experience on the path. And as the theory is formulated on the basis of efficacy in the field of application, it always leads to success. It is infallible in applied life.	密宗的另一特點就是：其理論的形成是根據靈性上的實際體驗所發展而成的，故理論的構成是以實證為基礎，因此必定導向成功，若應用在我們的生命中，則永遠不會失敗。		13 November 1978 morning, Calcutta | The Fundamental Difference between Veda and Tantra | Ánanda Vacanámrtam Part 5	1978年11月13日晨於加爾各答 | 吠陀與密宗的根本差別，喜悅甘露集卷3，P.5	235	76
pair_1117_1967_027_260619	1117_1967_027_260619.txt	In the realm of intuitionalism you should have 10 internal weapons, Yama and Niyama. Your progress in Sádhaná depends on Jiṋána, Karma and Bhakti. Your actual progress is being affected by Jiṋána and Karma. But the final union with the Supreme, with the Mahádeva, will be possible you when develop Bhakti within you. In Sádhaná you should remember that you have to develop Bhakti in your mind and this Bhakti and you can get by regular Sádhaná, and by rendering selfless service.	在直覺鍛鍊的領域裡，你要有十種內在的武器：即內、外在行為控制。你靈性修持的進步取決於知識、行動和虔誠。知識和行動會為你帶來實際的進步，但最後與至上意識的融合，則唯有當你內在發展出虔誠方才可能。在靈性修持中你應牢牢記住，你必須發展出虔誠之心，而此虔誠情懷可經由規律的靈性修持以及無私的服務來獲得。	Sul sentiero dell'intuizione spirituale dovresti disporre di dieci armi interiori: Yama e Niyama. Il tuo progresso nel sadhana dipende da jinána, karma e bhakti. Il progresso effettivo è influenzato da jinána e karma. Ma l’unione finale con il Supremo, con il Mahādeva, sarà possibile solo quando svilupperai bhakti dentro di te. Nel sadhana dovresti ricordare che è necessario sviluppare bhakti nella mente. E questa bhakti può essere acquisita attraverso un sadhana regolare e attraverso il servizio disinteressato.	Shrii Shrii Ánandamúrti | 17 November 1967 DMC | 03 Triangle of Forces and the Supreme Entity | Subháśita Saḿgraha Part 19	Shrii Shrii Ánandamúrti | 1967年11月17日大法會 | 02 力量的三角形與至上本體 | 靈性科學集成 卷14，P.27	490	147
pair_1117_1971_104_251204	1117_1971_104_251204.txt	Let us analyse the qualities that are present in both Parama Puruśa and His created entities. The Saḿskrta word Iishvara is derived from the root verb lish + suffix varac. The root verb iish means “to control.” Hence the word Iishvara literally means “controller”. In this universe each and every object whether big or small or middle has a controller. This rule applies universally to all objects, from the tiniest molecule to the universe. However, Parama Puruśa is the Supreme Controller, and His created microcosms are the controlled entities. In the mundane world, human beings can never control their own activities because human capacity is extremely limited. For instance, even a second before oneʼs death one cannot know of the impending death. But Iishvara, the Controlling Entity, has absolute power of control: there is none to oversee or supervise His activities. Just as the owners of a house can remove the tenant if they so desire, according to necessity they may issue a notice for the tenant to vacate the house. Of course the tenant may go to the court for help, but Iishvara, if He so desires, may snatch away this human body, whose true owner is not the human being but Iishvara Himself. Human beings can at the very most utilize their bodies; but if Iishvara takes away this body, human beings have nothing to say about it, for as they are controlled entities, they have no alternative but to surrender to the Supreme Controller Iishvara. Therefore it is logical that when Iishvara controls everything Himself, in that case His created microcosms have no freedom. Of course in the kingdom of Parama Puruśa, a certain amount of freedom is granted to the microcosm. For instance, if any human being sitting in the kingdom of the Lord criticizes Parama Puruśa, He does not become angry, nor does He admonish His critic. This much freedom is granted to the microcosms. But at the same time it should be remembered that the capacity, the strength of the microcosm to criticize Parama Puruśa comes from none other than Parama Puruśa Himself. The microcosms criticize Parama Puruśa with the energy allotted to them by Him. Now what sort of attitude should the microcosms adopt towards the Supreme Controller, Parama Puruśa?... The controlling power of Parama Puruśa is truly a unique force, a magic power. When an expert magician creates a living pigeon out of a clod of earth, the spectators become wonderstruck to see it. In reality that earth is not actually transformed into a pigeon, but the spectators seem to see with their eyes that the soil is being transformed into a living, flying pigeon. What is the secret behind this phenomenon? And who knows this secret, whether the clod of earth really became a pigeon at all? In fact this secret is known only to the magician and his inveterate followers and no one else. With a similar kind of magic power, Parama Puruśa has been continuing His creation. Now if anyone desires to know the inner secrets of that magic power, what should be done? The answer is to establish a relationship of love with the magician Himself. One will have to enlist oneself in the inner circle of His followers. Then the Controller of this universe, because of His intimate relationship with that person, will disclose the secret of His controlling power. So one can know the secret from Parama Puruśa only through the closest proximity to Him, and not through any struggle with Him.	讓我們來分析至上意識和祂的創造物間同時都存在的特質。Iishvara這個梵文字是由動詞字根lish加上字尾varac所組成。Iish意為「控制」，因此Iishvara在字面上指的就是「控制者」。在這世上的每一個大大小小的物體都有一個控制者，此一原則適用於一切物體，從最微小的原子以至最大的宇宙皆然。而至上意識是最高的控制者，祂所創造的萬有都是受到祂控制的實體。在此塵世，人類其實沒有控制自身活動的任何能力，因為他們的能力非常有限。比方說人在死前一秒可能都還不知道自己即將死亡。但至上的控制主擁有絕對的控制能力，沒有任何人可以監控祂。 就像房東，只要他想要，他可以隨時讓房客走人，若有需要，他可以通知房客搬家而空出房子。當然，房客或許會求助於法院，但對至上控制主而言，只要祂願意，祂可以隨時取走這個人的肉身，因為此一肉身真正的所有人是至上控制主，而非此一個人。人類頂多就只有善用這個肉身，但萬一至上控制主要取走它，人類是沒有置喙的餘地，因為他們是受控制的實體，他們別無選擇只能臣服於至上的控制主。 因此，當至上的控制主掌控一切時，祂的創造物，即個體小宇宙，是沒有自由可言的。當然在至上意識的國度裡，祂會惠予個體小宇宙些許自由。例如，有人坐在至上意識的國度裡，卻恣意批評至上意識，但祂不會因此而生氣，也不會抹除個體小宇宙對祂的批評。像這樣的自由，個體小宇宙是被允許的。但你要記得，個體小宇宙所擁有的批評能力和力量，也正是從祂而來。是祂給予個體小宇宙批評至上意識的能量。 那麼個體小宇宙對至上的控制主應該抱有什麼樣的態度？…… 至上意識的控制力量的確是不可思議的神奇力量。當專業的魔術師從土塊變出一隻活生生的鴿子時，觀眾個個目瞪口呆，直呼驚訝。事實上，並非真的是土塊變成了鴿子，而是觀眾的眼睛好像看見了這種情形。此一現象背後的秘密何在？誰知曉這個秘密？到底土塊有沒有真的變成了鴿子呢？這個秘密只有魔術師自己和參與演出的伙伴知道，其他人都不知道。 至上意識有類似的魔術技巧，祂以其神奇的力量繼續維持祂整個造化遊戲。如果有人想要知道其中的奧秘，他應該怎麼做呢？他應該與這位偉大的魔術師建立一種愛的聯結。他必須讓自己成為祂的伙伴，進入祂的伙伴圈內。那麼由於和宇宙的控制主有親密的關係，祂將讓該人知道祂控制的奧秘。所以，一個人唯有與至上意識保持親密的關係，才會知道祂的秘密，若與祂一直是鬥爭的關係，則無由得知。	Analizziamo le qualità che sono presenti sia in Parama Puruśa sia nelle entità da Lui create. La parola sanscrita Iishvara deriva dalla radice verbale iish + il suffisso varac. La radice verbale iish significa “controllare”. Perciò la parola Iishvara significa letteralmente “controllore”. In questo universo ogni singolo oggetto, grande, piccolo o medio, ha un controllore. Questa regola si applica universalmente a tutti gli oggetti, dalla più piccola molecola all’universo intero. Ma Parama Puruśa è il Controllore Supremo e i microcosmi da Lui creati sono le entità controllate. Nel mondo materiale gli esseri umani non possono mai controllare le proprie attività, perché la capacità umana è estremamente limitata. Per esempio, neppure un secondo prima della propria morte un individuo può sapere che sta per morire. Ma Iishvara, l’Entità che controlla, possiede un potere di controllo assoluto: non c’è nessuno che sovrintenda o supervisioni le Sue attività. Così come i proprietari di una casa possono decidere di mandar via l’inquilino — che comunque ha il diritto di rivolgersi al tribunale per chiedere aiuto — allo stesso modo Iishvara, se così desidera, può strappare via questo corpo umano, di cui è il vero proprietario. Ma, a differenza dell’inquilino, l’essere umano non ha alcun tribunale a cui appellarsi: in quanto entità controllata, non può far altro che arrendersi al Controllore Supremo. Di conseguenza, dal momento che tutto è controllato da Ishvara, i microcosmi da Lui creati non hanno libertà. Ma, nel regno di Parama Puruśa, al microcosmo è concessa una certa libertà. Per esempio, un essere umano che sta nel regno del Signore, può criticare Parama Puruśa, senza che questi si arrabbi né lo rimproveri. Questa misura di libertà è concessa ai microcosmi. Allo stesso tempo bisogna ricordarsi che la capacità, la forza del microcosmo di criticare Parama Puruśa proviene da Parama Puruśa stesso e non da altri. I microcosmi possono criticare Parama Puruśa con l’energia che Lui stesso concede. Ora, quale tipo di atteggiamento dovrebbero adottare i microcosmi verso il Controllore Supremo, Parama Puruśa? Il potere di controllo di Parama Puruśa è davvero una forza unica, un potere magico. Quando un mago esperto fa comparire un piccione vivo da un grumo di terra, gli spettatori restano stupefatti. Anche se si sa che c’è un trucco, agli occhi degli spettatori sembra che il mucchietto di terra si sia trasformato in un piccione vivo e capace di volare. Qual è il segreto dietro questo trucco? Chi conosce questo arcano? Il mucchietto di terra è davvero diventato un piccione? Ma queste risposte sono conosciute solo dal mago e dai suoi seguaci più intimi; da nessun altro. Con un potere magico simile, Parama Puruśa continua la Sua creazione. Chi volesse conoscere gli intimi segreti di quel magico potere cosa dovrebbe fare? La risposta consiste nello stabilire una relazione d’amore con il mago stesso. Bisogna entrare a far parte del suo intimo circolo di seguaci. Solo allora il Controllore di questo universo, grazie alla Sua relazione profonda con quella persona, rivelerà il segreto del Suo potere di controllo. Pertanto solo attraverso questa intima e profonda relazione con Lui - non certo lottando con Lui - è possibile conoscere  il Suo segreto.	Shrii Shrii Ánandamúrti | 17 November 1971 DMC, Nagpur | 06 Parama Puruśa and His Creation | Subháśita Saḿgraha Part 10	Shrii Shrii Ánandamúrti | 1971年11月17日於Nagpur大法會 | 06 至上意識和祂的創造 | 靈性科學集成 卷10，P.104~106	3443	998
pair_1117_1971_117_250423	1117_1971_117_250423.txt	Superimposing cosmic ideation on all their actions. Only thus can they avoid undergoing afflictions. If people become more and more regular in the application of their guru mantra, then on one hand they will be able to perform more and more physical activities, and at the same time they will be able to avoid creating new saḿskáras (reactive momenta). Regarding vipáka it can also be said that human beings must treat all the objects of this universe in the proper perspective as the various expressions of Parama Puruśa, and learn how to apply madhuvidyá even while discharging their mundane duties.	將宇宙的理念作用置於所有行動之前。唯有如此，人類方才可能擺脫痛苦。如果人們可以更加多多運用他們的古魯梵咒，一方面，他們可以身體力行更多行為，同時也不會因此而造出許多新的業力。關於「反作用行為」也可以這麼解釋，人類必須以正確的方式看待宇宙間所有的事物，亦即視萬有為至上意識的顯現，並學習如何運用「大圓滿咒」於履行世俗的責任上。		Shrii Shrii Ánandamúrti | 17 November 1971 DMC, Nagpur | 06 Parama Puruśa and His Creation | Subháśita Saḿgraha Part 10	Shrii Shrii Ánandamúrti | 1971年11月17日於Nagpur大法會 | 06 至上意識和祂的創造 | 靈性科學集成 卷10，P.117~118	606	162
pair_1117_1978_021_231202	1117_1978_021_231202.txt	17 November 1978, Delhi The Omniscience of the Causal Matrix, Ánanda Vacanámrtam Part 5	至上意識無所不知，這同時有其利亦有其不利者；不利之處是在任何情況下你們不能偷偷地做任何事，因為祂知曉一切；有利之處是在任何情況下你們都不會孤單。不要害怕任何力量，因為至上意識與你們同在，你們並不脆弱，這是最大益處。			1978年11月17日於德里 | 致因之母無所不知，喜悅甘露集卷三 P.21	89	107
pair_1117_1979_000_251104	1117_1979_000_251104.txt	The highest kind of kevalá bhakti, the highest kind of non-attributional devotion. Here the devotee says, “I serve Him, I worship Him, because I want Him to get bliss from my devotion or service or worship. I donʼt want anything for myself. I want Him to enjoy the bliss.” This type of devotion is called rágátmiká bhakti, and the type of devotee having this sort of non-attributional devotion is called a gopa. There are people who have a mistaken idea that gopa means “cowherd”. Actually, Gopáyate yah sa gopah – in Sanskrit, the word gopáyate means to give pleasure – “A gopa is one who gives pleasure to Parama Puruśa, one whose very nature is to give pleasure to Parama Puruśa.”	最高境界的絕對虔誠(kevalá bhakti)。此處虔誠者會說：「我為祂服務，我禮敬祂，因為我想祂能從我的虔誠或服務中得到喜悅。我不為自己要求任何東西。我希望祂能享受喜悅。」這種虔誠稱為拉嘎密卡虔誠(rágátmiká bhakti)，具有這種絕對虔誠的虔誠者稱為「勾帕」(gopa)。 有些人有錯誤的觀念認為「勾帕」意指「牧牛者」。事實上，Gopáyate yah sa gopah──在梵文裡gopáyate這個字意指「給予快樂」──「勾帕」是一個將快樂給予至上意識的人；一個人想要「把快樂給予至上意識」，具有這種特質之人即稱為「勾帕」。		Shrii Shrii Ánandamúrti | 17 November 1979 DMC, Etah | 01 Yoga, Tantra, and Kevalá Bhakti | Subháśita Saḿgraha Part 14	Shrii Shrii Ánandamúrti | 1979年11月17日於Etah大法會 | 01 瑜伽、密宗和絕對的虔誠 | 虔誠瑜伽的真諦，P.10	691	272
pair_1117_1979_006_240723	1117_1979_006_240723.txt	Bhakti is service to God; bhakti is the form taken by divine love; bhakti is the embodiment of bliss; bhakti is the life of the devotee.	虔誠是為上主服務，虔誠是神性之愛的形式；虔誠是喜悅的化身；虔誠是虔誠者的生命。		Shrii Shrii Ánandamúrti | 17 November 1979 DMC, Etah | 01 Yoga, Tantra, and Kevalá Bhakti | Subháśita Saḿgraha Part 14	Shrii Shrii Ánandamúrti | 1979年11月17日於Etah大法會 | 01 瑜伽、密宗和絕對的虔誠 | 虔誠瑜伽的真諦，P.6	136	39
pair_1118_1965_074_240531	1118_1965_074_240531.txt	Each and every mantra has its own acoustic rhythm. So the entitative rhythm of the spiritual aspirant must be in constant touch with the incantative rhythm of his Iśt́a mantra. That is, a sádhaka, a spiritual aspirant, should always try to make an adjustment between his entitative rhythm and incantative rhythm. And when that adjustment is established he attains the supreme trance of qualified absorption. And this is his goal.	生命理念目標梵咒有其殊勝的音根節奏，每一個梵咒都有其特有的音根節奏，靈性修持者個體的波流韻律，必須時時與生命理念目標梵咒的音根節奏保持接觸，也就是說，修行之人應努力保持個體的波流與梵咒的波流一致，當他已立足於此時，即達到了有屬性之至上合一境界。		Shrii Shrii Ánandamúti | 18 November 1965, Ernakulam | One Will Have to Know Oneself | Ánanda Vacanámrtam Part 34	Shrii Shrii Ánandamúti | 1965年11月18日於Ernakulam | 自我了悟，喜悅甘露集卷11，P.74	431	122
pair_1118_1966_049_251004	1118_1966_049_251004.txt	When your mind will develop the knowledge that Paramátmá is watching us all the time, you will be in dhruvá smrti. Here psycho-spiritual knowledge will be converted into spiritual knowledge. At this stage, object, subject and objectivization will merge in one. Here there will be no blending of relativity. Here human progress would come to its end.	當你的心靈發展出「至上意識隨時都看著我」的知識時，你就會有永恆的記憶。在此，心理趨向靈性的知識將會轉化成為靈性的知識。在這個階段，客體、主體和客體化均皆融合為一，沒有相對性的混合，人類的進步於此達到了終點。		Shrii Shrii Ánandamúrti | 18 November 1966 DMC, Delhi | 13 Knowledge and Human Progress | Subháśita Saḿgraha Part 18	Shrii Shrii Ánandamúrti | 1966年11月18日於Delhi大法會 | 04 知識與人類進步 | 靈性科學集成 卷13，P.49	352	103
pair_1118_1978_285_260130	1118_1978_285_260130.txt	I will say something regarding the necessity of devotion (bhakti) in the path of spiritual cult. Everybody knows that jiṋána (knowledge), karma (action) and bhakti (devotion) are the three aides for progress along the path of spirituality. A jiṋánii (person of knowledge) reaches near the goal but yet a little distance remains in between. A karmii (person of action) reaches nearer the goal but even then a little gap remains. A bhakta (person of devotion) reaches right to the goal. The jiṋánii has to repent ultimately that he or she wasted a long life on dry discourses of knowledge and could not fulfil their mission. Karmiis too, repent likewise. They think that they worked and reached nearer to the goal but could not achieve the same. There is no repentance in the minds of the bhaktas, however, because their minds are always full of bliss. They neither feel exalted nor humiliated. There is nothing else in their minds except bliss, the unbroken flow of happiness (ánanda), and therefore they remain unaffected by pain and pleasure.	說到虔誠在靈性修持法門上的必要性，每個人都知道知識、行動與虔誠是靈性道路上進步的三個助力。知識份子藉由知識接近其目標，但他與目標之間仍有些許距離；行動家雖以行動與目標更接近，但與目標之間還是有些許隔閡；而虔誠者直接達到目標。知識份子終究要後悔自己浪費了漫長的生命在知識的枯燥說教上，卻無法完成使命；行動家也將同樣的悔恨，雖自己認為因行動而更接近目標，但仍舊不能達到目標；然而，在虔誠者的心中了無遺憾悔恨，因為他們總是喜悅洋溢，既不覺得尊貴優越，也不覺得自卑屈辱，心中除了永不間斷的喜悅波流外，沒有其他東西，絲毫不為痛苦與快樂所影響。	Dirò ora qualcosa sulla necessità della devozione (bhakti) nel cammino della pratica spirituale. Tutti sanno che jiṋána (conoscenza), karma (azione) e bhakti (devozione) sono i tre strumenti per progredire sul sentiero della spiritualità. Un jiṋánii (chi segue la via della conoscenza) giunge vicino alla meta, ma resta ancora una piccola distanza. Un karmii (chi segue la strada dell’azione) arriva ancora più vicino alla meta, ma anche in questo caso rimane un lieve scarto. Un bhakta (chi pratica la devozione), invece, giunge direttamente alla meta. Il jiṋánii, alla fine, deve pentirsi di aver sprecato una lunga vita in aridi discorsi di conoscenza senza riuscire a compiere la propria missione. Anche i karmiis si pentono allo stesso modo: pensano di aver lavorato e di essersi avvicinati alla meta, ma di non essere riusciti a raggiungerla. Nella mente dei bhaktas, invece, non c’è pentimento, perché la loro mente è sempre colma di beatitudine. Essi non si sentono né esaltati né umiliati. Nella loro mente non vi è altro che beatitudine, il flusso ininterrotto della felicità (ánanda), e per questo restano imperturbati di fronte al dolore e al piacere.	Shrii Shrii Ánandamúrti | 18 November 1978, Patna | 05 Devotion – the Only Path | Ánanda Vacanámrtam Part 5	Shrii Shrii Ánandamúrti | 1978年11月18日於Patna | 25 虔誠是唯一之路 | 虔誠瑜伽的真諦，P.285	1050	266
pair_1118_1978_287_260129	1118_1978_287_260129.txt	Devotees feel alike whether in heaven or in hell. In heaven they are with Viśńu, Náŕayańa, Parama Puruśa and are happy. If perchance they go to hell, the Cosmic Entity is also there. There is no place in this universe where He is not present. If they go to hell, Náráyańa cannot live alone in heaven. He will also have to be in hell to entertain His devotees. So if devotees go to hell they are also with Paramátmá and dance, sing and do kiirtana. Their minds remains full of bliss. They are completely apathetic and indifferent towards pleasure and pain, good name and bad name in the external world. Only the devotees can say that these carry no value. Those who are devoid of devotion, even if they work conscientiously, shall remain aloof from Parama Puruśa and ultimately they will have abhorrence for work. While doing hard penance the minds of such people will not be with Parama Puruśa. Instead, their minds will be thinking about the hardship faced during the penance.	虔誠者不論在天堂或地獄其感覺是相同的。他們在天堂裡與唯識努、那拉衍那、至上意識同處而覺得快樂，如果不巧他們下了地獄，那麼宇宙本體也在那兒。宇宙中沒有任何地方是沒有祂的，如果他們下了地獄，那拉衍那不能獨自住在天堂裡，祂也必須留在地獄來使其虔誠者快樂，所以如果虔誠者下了地獄，亦與至上意識同在，他們一起唱歌、跳舞，從事對上主聖名的唱頌，心靈中仍然充滿著喜悅，只有虔誠者能說外在世界的痛苦與快樂、美名與惡名毫無價值，因為他們完全無動於衷。缺乏虔誠的人，縱然老實地努力付出行動，仍將遠離至上意識，最後對所從事的行動產生厭惡之心。當他們在從事艱難的苦行時，他們的心靈並未與至上意識同在，反之卻只想著苦行時所面對的艱辛。	I devoti provano lo stesso sentimento sia in cielo sia all’inferno. In cielo sono con Viṣṇu, Nārāyaṇa, Parama Puruṣa e sono felici. Se per caso vanno all’inferno, anche lì è presente l’Entità Cosmica. Non esiste alcun luogo in questo universo in cui Egli non sia presente. Se i devoti vanno all’inferno, Nārāyaṇa non può restare da solo in cielo: anche Lui dovrà essere all’inferno per stare con i Suoi devoti. Così, se i devoti vanno all’inferno, sono comunque con Paramātmā e danzano, cantano e fanno kīrtana. Le loro menti restano colme di beatitudine. Essi sono completamente distaccati e indifferenti al piacere e al dolore, alla buona fama e alla cattiva fama nel mondo esterno. Solo i devoti possono dire che queste cose non hanno alcun valore. Coloro che sono privi di devozione, anche se lavorano coscienziosamente, rimarranno lontani da Parama Puruṣa e, alla fine, proveranno avversione per il lavoro. Durante una pratica particolarmente austera, la mente di tali persone non sarà con Parama Puruṣa; al contrario, sarà assorbita dalle difficoltà affrontate nel corso della pratica.	Shrii Shrii Ánandamúrti | 18 November 1978, Patna | 05 Devotion – the Only Path | Ánanda Vacanámrtam Part 5	Shrii Shrii Ánandamúrti | 1978年11月18日於Patna | 25 虔誠是唯一之路 | 虔誠瑜伽的真諦，P.287~288	990	304
pair_1118_1978_289_250113	1118_1978_289_250113.txt	To serve Him with the purpose of making Him happy. The devotee feels happiness in His happiness. The greater devotees, however, think in a different way. They follow the path of devotion and serve Parama Puruśa only to give Him pleasure, to make Him happy and never aspire to derive pleasure, or happiness for themselves. This is the highest peak of devotion.	服務祂的唯一目的是使祂快樂，因為虔誠者在祂的快樂中感覺到自己的快樂。 然而更偉大的虔誠者想法又不同，他們遵循虔誠之路，服務至上意識只為了給祂快樂、讓祂快樂，而從不渴求自己的快樂，此乃虔誠的極致。為了至上意識的快樂而行動工作的人稱為勾帕(gopa)。此為虔誠的極致，除此之外別無其他道路。		Shrii Shrii Ánandamúrti | 18 November 1978, Patna | 05 Devotion – the Only Path | Ánanda Vacanámrtam Part 5	Shrii Shrii Ánandamúrti | 1978年11月18日於Patna | 25 虔誠是唯一之路 | 虔誠瑜伽的真諦，P.289	360	143
pair_1119_1978_017_241210	1119_1978_017_241210.txt	Whenever Dharma declines, whenever people feel helpless, at that stage it becomes imperative for Táraka Brahma to come to the world with the help of the five fundamental factors, to inspire the depressed people, to encourage them to move forward, to make them realize that they are not forlorn or helpless, that Parama Puruśa or Táraka Brahma is always with them and will continue to help them.	不論何時當法性衰微、人們覺得無助時，解脫眾生的至上意識就會藉助五大原素取得肉身來到這個世界，以激勵沮喪的人們，鼓舞他們向前邁進，使其了解他們並不孤單亦不無助，至上意識永遠與他們同在，也會繼續幫助他們。		Shrii Shrii Ánandamúrti | 19 November 1978 DMC, New Delhi | 02 A Devoteeʼs Object of Ideation | Subháśita Saḿgraha Part 11	Shrii Shrii Ánandamúrti | 1978年11月19日於新德里大法會 | 02 虔誠者理念的目標 | 虔誠瑜伽的真諦，P.17	397	100
pair_1119_1978_025_231121	1119_1978_025_231121.txt	Whenever Dharma declines, whenever people feel helpless, at that stage it becomes imperative for Táraka Brahma to come to the world with the help of the five fundamental factors, to inspire the depressed people, to encourage them to move forward, to make them realize that they are not forlorn or helpless, that Parama Puruśa or Táraka Brahma is always with them and will continue to help them.	當法性衰微、人們覺得無助時，解脫眾生的至上意識就會藉助五大原素取得肉身來到這個世界，以激勵沮喪的人們，鼓舞他們向前邁進，使其了解他們並不孤單亦不無助，至上意識永遠與他們同在，也會繼續幫助他們。		Shrii Shrii Ánandamúrti | 19 November 1978 DMC, New Delhi | 02 A Devotee's Object of Ideation | Subháśita Saḿgraha Part 11	Shrii Shrii Ánandamúrti | 1978年11月19日於新德里大法會 | 02 虔誠者理念的目標 | 靈性科學集成 卷11，P.25	397	96
pair_1120_1966_175_241014	1120_1966_175_241014.txt	Physical knowledge is like the leaf of a shala tree [a tall evergreen with large leaves] on which people take meals. As long as you have not eaten, there is a value in the leaf, but the moment you have finished your meal, the leaf goes into the dust bin to be licked by the street dogs. When you come to realize that this physical knowledge of yours is only worth licking by a dog, then devotion will arise in you. Then you will acquire true knowledge.	物質的知識好比盛食物的大葉子，在食物尚未食用前，這葉子還有些許用處，一旦你吃完了，這葉子就沒有價值，只有丟進垃圾堆給狗去舔了。當你明白你所得的這些物質知識只有被狗舔的價值時，你心中才會升起虔誠的情懷。那時你才可能獲得真正的知識。		Shrii Shrii Ánandamúrti | 20 November 1966 DMC, Patna | 07 Knowledge and Progress | Subháśita Saḿgraha Part 19	Shrii Shrii Ánandamúrti | 1966年11月20日於Patna大法會 | 25 知識與進步 | 喜悅甘露集 卷7，P.175	452	114
pair_1120_1978_036_260406	1120_1978_036_260406.txt	Maintaining a balanced mind is one of the greatest virtues. There are no complexes in a balanced mind. One neither feels inferior nor superior to others; one never fears anybody nor ever gets perturbed. One maintains a mental balance.	保持心靈的平衡是最偉大的美德之一：平衡的心靈沒有任何情結，既不覺得比別人拙劣，也不覺得比他人優越；不畏懼任何人，也不會煩擾不安。一直保持著精神的平衡。		Shrii Shrii Ánandamúrti | 20 November 1978, Delhi | 07 The Social Order and Superiority and Inferiority Complexes | Ánanda Vacanámrtam Part 5	Shrii Shrii Ánandamúrti | 1978年11月20日於德里 | 108 社會秩序與優越自卑情結 | 喜悅甘露集 卷3，P.36	234	75
pair_1120_1978_037_241129	1120_1978_037_241129.txt	In the field of spirituality there cannot be any complex, but there are complexes due to social defects. It is our spiritual duty to rectify the social order. If we fail, there may not be good spiritualists. Even those who have the potentiality to become good spiritualists may not progress. They may be like a flower that dies before it blossoms. I cannot allow this to happen. For this reason the theory of Prout has been given so that every person can progress speedily in the field of spirituality without any complex.	在靈性的領域裡不可能有任何情結，但由於社會的不健全而產生了情結，因此，匡正社會的秩序是我們靈性上的責任。如果我們未盡職責，則可能無法造就好的靈修者，甚至有潛力成為好的靈修者的人也可能不會進步，像一朵尚未綻放就枯萎的花朵。 我不能允許此事發生。為此之故，我提出進步利用論(PROUT)的學說，以便每個人都能在靈性的領域裡快速進步而沒有任何情結。		Shrii Shrii Ánandamúrti | 20 November 1978, Delhi | 07 The Social Order and Superiority and Inferiority Complexes | Ánanda Vacanámrtam Part 5	Shrii Shrii Ánandamúrti | 1978年11月20日於德里 | 108 社會秩序與優越自卑情結 | 喜悅甘露集 卷3，P.37~38	522	171
pair_1121_1978_041_250419	1121_1978_041_250419.txt	It is futile to engage in non-cardinal prayers. The cardinal human principles are acceptable to all. They touch the Infinite with the finite or rather they have a close relationship or a close link with mysticism; which is the never-ending endeavour to find a link between the finite and the Infinite. So in the case of cardinal prayer to some extent it is acceptable, but non-cardinal prayer is a mere waste of time. To say, “Oh God, give me this or that” is meaningless because your actual requirements are better known to Him.	從事於一般的祈禱徒勞無益。基本的人類法則為所有人所接受，人們以「有限」去接觸「無限」，甚至永無休止的努力去發現「有限」與「無限」之間的連結，也就是說與神秘主義有親密的連結。因此就祈禱而言，在某種程度上是可以被接受的，然而一般的祈禱就只是徒然浪費時間而已，一個人祈求道：「哦！上帝，給我這個或那個」是無意義的，祂比你更了解你真正的需要。		Shrii Shrii Ánandamúrti | 21 November 1978, Bombay | 08 The Futility of Non-Cardinal Prayers | Ánanda Vacanámrtam Part 5	Shrii Shrii Ánandamúrti | 1978年11月21日於孟買 | 109 一般祈禱徒勞無益 | 喜悅甘露集 卷3，P.41~42	529	167
pair_1122_1978_044_240707	1122_1978_044_240707.txt	Microcosmic advancement requires some urge and it gets its food from the Macrocosmic Cause. So peopleʼs request or prayers should be on that issue only. For example, “Oh Parama Puruśa, guide my intellect unto the path of bliss.” In our Savitr Rk, which is commonly known as Gáyatrii Mantra, the prayers are for the development of the intellect or rather for the proper movement of the intellect.	個體小宇宙的前進需要某些驅策，並且從大宇宙致因之母處獲得食糧，所以人們的請求或祈禱亦應以此為主，例如：「哦！至上意識，請引導我的智力走上喜悅之路。」在吠陀的詩句裡，通常稱之為嘎雅翠禱頌(Gáyatrii Mantra)，該祈禱是為了智力的發展，更確切地說是為了智力的適當行進。		Shrii Shrii Ánandamúrti | 22 November 1978, Bombay | 09 Prayers – Cardinal and Non-cardinal | Ánanda Vacanámrtam Part 5	Shrii Shrii Ánandamúrti | 1978年11月22日於孟買 | 110 一般與正確的祈禱 | 喜悅甘露集卷3，P.44	397	138
pair_1122_1979_046_240721	1122_1979_046_240721.txt	I told you that your requirements are better known to Him. You do not know what you actual requirements are. He knows. In several portions of the Yajurveda also, prayers are like this “guide our intellect unto the path of blessedness.”	我告訴過你們，祂比你們自己更加了解你們的需求，你們並不知道你們真正的需要為何，而祂了解。在夜柔吠陀中亦曾有如下的祈禱文：「請引導我的智力走上喜悅之路。」		Shrii Shrii Ánandamúrti | 22 November 1978, Bombay | 09 Prayers – Cardinal and Non-cardinal | Ánanda Vacanámrtam Part 5	Shrii Shrii Ánandamúrti | 1979年11月22日於Bombay | 110 一般與正確的祈禱 | 喜悅甘露集卷3，P.46	235	76
pair_1123_1970_000_240814	1123_1970_000_240814.txt	Emancipation means liberation from these three bondages. There are mainly three approaches: jiṋána, karma and bhakti (Forms of spiritual practice which emphasize, respectively, discrimination, selfless action, and devotion. –Eds.).	解脫是指從各種束縛中得到自由。主要的法門有三：知識法門、行動法門和虔誠法門（編註：分別強調明辨、無私的行動以及虔誠心。）。		Shrii Shrii Ánandamúrti | 23 November 1970 DMC, Hyderabad | 09 Bhakti, Mukti and Parama Puruśa | Subháśita Saḿgraha Part 24	Shrii Shrii Ánandamúrti | 1970年11月23日於Hyderabad大法會 | 05 虔誠、解脫與至上意識 | 虔誠瑜伽的真諦	233	61
pair_1123_1970_066_250823	1123_1970_066_250823.txt	Now, when one is in closest contact with Parama Puruśa, one becomes Parama Puruśa. Brahmavid Brahmaeva bhavati [“The knower of Brahma will become Brahma”]. So under such circumstances mukti has got no meaning, no importance. And with the help of Parama Puruśa, it will be a very easy job for one to liberate oneself from the binding influence, from the binding faculties of Paramá Prakrti.	當一個人與至上意識最親近時，他變成了至上意識本身。「了悟至上意識者成就自身為至上意識」(Brahmavid Brahmaeva bhavati)。所以在這種情況下，解脫就不再有意義了，也不再重要了。在至上意識的幫助下，要從造化勢能的束縛力量解脫出來即輕而易舉。		Shrii Shrii Ánandamúrti | 23 November 1970 DMC, Hyderabad | 09 Bhakti, Mukti and Parama Puruśa | Subháśita Saḿgraha Part 24	Shrii Shrii Ánandamúrti | 1970年11月23日於Hyderabad大法會 | 05 虔誠、解脫與至上意識 | 虔誠瑜伽的真諦，P.66	393	130
pair_1123_1971_048_240611	1123_1971_048_240611.txt	All powers come from God; whether it is physical, mental or spiritual. He is the owner; He is the master. This energy is the power of the Lord. The Lord grants these powers to those who are engaged in working for the welfare of others and are performing benevolent deeds. You will not have to ask for powers. You should leave this to the Lord.	不論是身、心、靈哪一方面的力量，一切皆來自於上主。祂是力量的主人、力量的擁有者。我們所擁有的能量都是屬於上主的力量，那些認真為其他人福祉而工作、從事善行之人，上主會將這些力量賜給他們。你們不必向祂要求，把一切交託給祂吧！		Shrii Shrii Ánandamúti | 23 November 1971 DMC, Purnea | 08 Ideology, Goal and Devotion | Supreme Expression Volume 1	Shrii Shrii Ánandamúti | 1971年11月23日於Purnea大法會 | 08 理念、目標與虔誠 | 完美生命的實踐，P.48	343	110
pair_1123_1971_049_240625	1123_1971_049_240625.txt	If you want to become powerful, you need not only ideology but also “Iśt́a”. Even for courage and efforts, you need the help of the Lord. You cannot say that it is not necessary to make more efforts because God will give according to oneʼs needs. This is correct, but we have to follow our ideology with effort and courage.	如果你想要變得強而有力，你不只要有理念，而且還要有「生命理念目標」(Iśt́a)。即使是勇氣和努力，你都需要有上主之助。你不可以藉口說上主會根據個人的需要給予力量就不更加努力。雖然說的確上主會根據個人的需要而給力量，但我們自己必須付出努力，並以十足的勇氣，來遵循我們的理念。		Shrii Shrii Ánandamúrti | 23 November 1971 DMC, Purnea | 28 Ideology, Goal and Devotion | Supreme Expression Volume 1	Shrii Shrii Ánandamúrti | 1971年11月23日於Purnea大法會 | 08 理念、目標與虔誠 | 完美生命的實踐，P.49	324	137
pair_1123_1971_055_240702	1123_1971_055_240702.txt	23 November 1971 DMC, Purnea 28 Ideology, Goal and Devotion Supreme Expression Volume 1	上主的恩典遍施予每一個人。然而為什麼有人無法被恩典的甘霖雨露所滋潤，即因他們頭上撐了一把叫作自我感的傘。除非將自我感的遮障去除，否則無法接受到恩典的滋潤。唯有在自我感消除後，他們才會享受到上主的祝福。			Shrii Shrii Ánandamúrti | 1971年11月23日於Purnea大法會 | 08 理念、目標與虔誠 | 完美生命的實踐，P.55	87	100
pair_1123_1971_056_240704	1123_1971_056_240704.txt	Devotees never complain because they know that the Lord is with them always protecting them. You should remember that if you always sing “Bábá Náma Kevalam” , you have a family relationship with Him. More than that, you have a relationship of Love with Him.	虔誠者知道上主永遠與他們同在，一直在旁保護著他們，所以他們從不抱怨。你們要牢牢記住，只要永遠唱頌著Bábá Náma Kevalam，你們跟祂會一直保有家人的關係。更重要的是，你與祂會是一種愛的聯繫。		Shrii Shrii Ánandamúrti | 23 November 1971 DMC, Purnea | 28 Ideology, Goal and Devotion | Supreme Expression Volume 1	Shrii Shrii Ánandamúrti | 1971年11月23日於Purnea大法會 | 08 理念、目標與虔誠 | 完美生命的實踐，P.56	257	100
pair_1123_1971_056_240820	1123_1971_056_240820.txt	The Lord is the owner of everything. He has created all the wealth in the universe.	上主是所有一切的主人。祂創造了宇宙間所有的財富。		Shrii Shrii Ánandamúrti | 23 November 1971 DMC, Purnea | 28 Ideology, Goal and Devotion | Supreme Expression Volume 1	Shrii Shrii Ánandamúrti | 1971年11月23日於Purnea大法會 | 08 理念、目標與虔誠 | 完美生命的實踐，P.56	83	24
pair_1123_1971_066_240106	1123_1971_066_240106.txt	There are many meanings of this word “Iśt́a.” One is the fulfilment of the goal. In other words, by ideating on Him, all sorrows of the mind and bad thoughts go away.	Iśt́a這個字有多重含義。其中一個意義是「目標的實現」。換言之，藉著觀想持念祂，心中所有的悲傷和歹念皆一掃而空。		Shrii Shrii Ánandamúrti | 23 November 1971 DMC, Purnea | Ideology, Goal and Devotion | Subháśita Saḿgraha Part 20	Shrii Shrii Ánandamúrti | 1971年11月23日於普內亞大法會 | 理念、目標與虔誠 | 靈性科學集成 卷14，P.66	167	57
pair_1123_1971_073_231229	1123_1971_073_231229.txt	Devotees never complain because they know that the Lord is with them always protecting them. You should remember that if you always sing “Bábá Nam Kevalam”, you have a family relationship with Him. More than that, you have a relationship of Love with Him.	虔誠者知道上主永遠與他們同在，一直在旁保護著他們，所以他們從不抱怨。你們要牢牢記住，只要永遠唱頌著Bábá Nam Kevalam，你們跟祂會一直保有家人的關係。更重要是，你與祂會是一種愛的聯繫。		Shrii Shrii Ánandamúrti | 23 November 1971 DMC, Purnea | 01 Ideology, Goal and Devotion | Subháśita Saḿgraha Part 20	Shrii Shrii Ánandamúrti | 1971年11月23日於Purnea大法會 | 07 理念、目標與虔誠 | 靈性科學集成卷 14，P.73	257	98
pair_1123_1978_056_240818	1123_1978_056_240818.txt	You have encountered hundreds of thousands of people who are non-Sádhakas – they will have to live thousands of lives. Those who are Sádhakas will live in eternity after this life. Parama Puruśa will always be with you. That means, neither were you alone in the past nor will you be alone in the future. Always remember that you are not helpless. He who is guiding the stars of the skies, is with you, you are not alone. Under no circumstances should you ever be afraid. Never think that you are alone. Whatever has to happen, will happen, and the One who causes this happening is with you.	你們曾經遇見成千上萬沒有從事靈性修持的人們，他們將再出生千百次，而那些從事靈性修持者在這一世過後就可以活在永恆裡。至上意識永遠與你們同在，意思就是說過去你們不孤單，而將來你們也不會孤單，永遠要記得你們不是無助的，祂所引導著的星辰正與你們同在，你們不會孤立無援，所以不論在任何情況，你們都不應感到害怕，永遠不要認為自己是孤單的，該發生的事就會發生，而使得這一切發生的那個人正與你們同在。		Shrii Shrii Ánandamúrti | 23 November 1978, Bombay | 10 Bandhu, Suhrd, Mitram and Sakhá  | Ánanda Vacanámrtam Part 5	Shrii Shrii Ánandamúrti | 1978年11月23日於孟買 | 111 各種親密夥伴 | 喜悅甘露集卷3，P.56~57	593	192
pair_1123_1978_056_250614	1123_1978_056_250614.txt	If people are to know anything they should only know the One who never leaves them. What is to be gained from knowing those other things which will finally drift away and be lost? “Yah ágacchati sah gacchati”. That which comes also goes away. If today something painful has entered in your life, do not be perturbed. This is the nature of the world. “Yah ágacchati sah gacchati.” What has come, will go. The pain which has come to you today, will leave you after some time. Similarly, if pleasure comes to you, do not lose your control over it, do not be egoistic, since whatever has come must go. The pleasures that come will not remain. Once, Emperor Akbar asked Birbal, his courtier, to say something which would make a happy man sorrowful, and a sorrowful man happy. Birbal replied, “This day shall not remain.” Whatever comes in this world, goes away. He alone, who neither comes nor goes, lives with you eternally.	如果人們想要了解任何東西，應該只了解那唯一永遠不會離開他們的，去了解那些終將漂走而失落的東西又能得到什麼呢？Yah ágacchati sah gacchati——已來者終將離去。如果今天某件事在你們的生命中造成錐心泣血的痛，不要被干擾，這是這個世界的本質，Yah ágacchati sah gacchati——已來者終將離去。今日來到你們身上的痛苦，過一些時候將離你們而去。同樣的，如果快樂找上門來，也不要失去控制的力量，不要自大，因為不管什麼東西，已來的必將離去，快樂不會長留。 以前阿卡巴(Akbar)皇帝要求他的朝臣波伯(Birbal)說出一件能使快樂的人悲傷，使悲傷的人快樂的事情來，波伯回答說：「不會永遠保有這種日子的。」來到此世界的任何東西終將離去，只有祂，無來亦無去，永遠與你們同在。		Shrii Shrii Ánandamúrti | 23 November 1978, Bombay | 10 Bandhu, Suhrd, Mitram and Sakhá | Ánanda Vacanámrtam Part 5	Shrii Shrii Ánandamúrti | 1978年11月23日於孟買 | 111 各種親密夥伴 | 喜悅甘露集 卷3，P.56	922	351
pair_1124_1965_101_240129	1124_1965_101_240129.txt	Dhiiras understand well that behind all anityas lies the nitya, the Transcendental Entity beyond the scope of time, space, and person. So they never run after anityas. This keeps their mind in a balanced state.	那些將外向性行動轉向內在追尋之人，知道在所有無常事物的背後存在的是永恆。在超越時間、空間、人物因素之上的是此一超覺之本體。是故他們不會追逐於短暫、無常之事物，這使得他們的心一直都處在平衡的狀態。		24 November 1965 DMC, Delhi | Nityánitya Viveka, Subháśita Saḿgraha Part 21	1965年11月24日於德里大法會 | 分別明辨的能力，靈性科學集成卷14，P.101	210	97
pair_1124_1965_105_240518	1124_1965_105_240518.txt	Devotion means to merge all the rivulets of sentiment into one. The purpose of sádhaná is to arouse devotion. Remember always that all your efforts should be aimed at arousing devotion. Devotion aroused, nothing remains. If even the most degraded person succeeds in awakening the agryábuddhi, that person becomes able to realize Him. Donʼt be disheartened. Remove the mist of doubt and be fearless.	虔誠意指將所有的情感融合為一。靈性修持的目的即是喚起你的虔誠心，你要永遠記住，你所有的努力就是為了要喚起內心的虔誠。只要虔誠心被喚起，就夠了。即使最墮落的人如果能成功地喚醒他內在「無上的覺知」(agryábuddhi)，他也能夠了悟至上意識。切勿氣餒，要勇敢撥開疑惑的迷霧，應無所畏懼！		Shrii Shrii Ánandamúti | 24 November 1965 DMC, Delhi | Nityánitya Viveka | Subháśita Saḿgraha Part 21	Shrii Shrii Ánandamúti | 1965年11月24日於Delhi大法會 | 分別明辨的能力 | 靈性科學集成卷14，P.105	401	143
pair_1124_1965_105_240615	1124_1965_105_240615.txt	Proper knowledge means to know what is what, which is which, how to do and why to do. But this alone is not enough; you will have to act according to the knowledge you have acquired. And last but not least, you will have to arouse the sentiment of devotion within you.	正確的知識意指懂得分別明辨、知道如何去做以及為何要做的原因。但是僅只如此是不夠的，你還必須要根據你所獲得的正確知識採取行動。最後也是同樣重要的一點，就是你必須喚起你內在的虔誠情懷。		Shrii Shrii Ánandamúti | 24 November 1965 DMC, Delhi | Nityánitya Viveka | Subháśita Saḿgraha Part 21	Shrii Shrii Ánandamúti | 1965年11月24日於Delhi大法會 | 分別明辨的能力 | 靈性科學集成卷14，P.105	268	90
pair_1124_1965_105_251126	1124_1965_105_251126.txt	The formal differences among objects are external. Internally the objects are the same. The wise run after the One and not the many. That Singular Entity can be attained only through proper knowledge, action, and devotion.	各種客體之間形象上的差異都是外在的，其內在本質是一樣的。聰明之人只會追求這唯一的「一」，而不會追逐其他許多。那唯一的本體只能透過正確的知識、行動和虔誠來獲得。		Shrii Shrii Ánandamúrti | 24 November 1965 DMC, Delhi | 02 Nityánitya Viveka | Subháśita Saḿgraha Part 21	Shrii Shrii Ánandamúrti | 1965年11月24日於德里大法會 | 09 分別明辨的能力 | 靈性科學集成 卷14，P.105	222	79
pair_1124_1978_080_241127	1124_1978_080_241127.txt	The ideation before surrendering to Paramátmá is “Nivedayámicátmanam tvaḿ gati Parameshvara.” When the entity is in bondage it is jiiva, and when it is liberated from the bondage it is Shiva.	臣服於至上意識就是了悟自性、己身即至上意識。當一實體處於束縛時，稱為個體生命(jiiva);當從束縛中解脫時，稱為至上意識(Shiva)。		Shrii Shrii Ánandamúrti | 24 November 1978 evening, Bombay | 12 Donʼt Be Misguided | Ánanda Vacanámrtam Part 5	Shrii Shrii Ánandamúrti | 1978年11月24日傍晚於孟買 | 113 不要被誤導 | 喜悅甘露集 卷3，P.80	196	69
pair_1124_1978_312_250611	1124_1978_312_250611.txt	Those people are great who harbour no biases and who behave rationally both with those who abuse them give them pain and with those who give them happiness. Such people donʼt harbour any feelings of enmity towards anybody and take no-one as their enemy. They remain the same in pleasure or pain whether they have a positive reputation or negative reputation. They are unaffected and unassailed in all circumstances of praise or criticism, pain or pleasure. They attach no importance whatsoever to any of these things. They are meaningless for such people.	不懷成見並以理性、平等對待曾經侮辱他們或讓他們痛苦、快樂的人才是偉大的。這種人對誰都不具敵意，不把任何人當成敵人看待，不論在快樂或痛苦中，不管聲名之好壞均保持著平衡的心境。不受讚美、批評、痛苦或快樂的影響，心性不為所動，遇到任何事情皆不執著。讚美、批評、痛苦或快樂這一切對他們來說都是毫無意義的。		Shrii Shrii Ánandamúrti | 24 November 1978 morning, Bombay | 11 Devotion and the Realm of Intellectuality | Ánanda Vacanámrtam Part 5	Shrii Shrii Ánandamúrti | 1978年11月24日晨於孟買 | 28 虔誠與智力 | 虔誠瑜伽的真諦，P.312~313	555	148
pair_1125_1978_054_241115	1125_1978_054_241115.txt	Everybody wants success; but they do not know what the secrets of success are. So Párvatii asked Shiva, “O Lord, what are the secrets of success?” Shivaʼs reply was, Phaliśyatiiti vishvásah siddherprathama lakśańam; Dvitiiyaḿ shraddhayá yuktaḿ trtiiyaḿ gurupújanam. Caturtho samatábhávo paiṋcamendriyanigrahah; Śaśt́haiṋca pramitáháro saptamaḿ naeva vidyate. –Shiva Saḿhitá [There are seven requirements for success in any mission.] The first is firm determination: “I must succeed.” The second is reverence. The third is guru pújá, or constant remembrance of oneʼs spiritual master. The fourth is equanimity of mind. The fifth is control of the senses. The sixth is a balanced diet. The seventh There is no seventh requirement.	每一個人都想要成功，但是你們卻不知道要怎麼樣才會成功。所以帕瓦蒂問希瓦這個問題：「哦，主啊！什麼是成功的秘訣？」 希瓦的答覆如下：Phaliśyatiiti vishvásah siddherprathama lakśańam; Dvitiiyaḿ shraddhayá yuktaḿ trtiiyaḿ gurupújanam. Caturtho samatábhávo paiṋcamendriyanigrahah; Śaśt́haiṋca pramitáháro saptamaḿ naeva vidyate. –Shiva Saḿhitá 「任何使命要能獲致成功，有七個要素。第一是堅定的決心：我一定要成功。第二是對生命的目標懷有無比的崇敬之心。第三是對古魯的禮敬，或者是對靈性上師永誌不忘。第四是平衡的心靈。第五是感官的控制。第六是營養均衡的飲食。第七是沒有第七個要素。」		Shrii Shrii Ánandamúrti | 25 November 1978, Bombay | 10 Haraʼs Seven Secrets | Ánanda Vacanámrtam Part 30	Shrii Shrii Ánandamúrti | 1978年11月25日於孟買 | 10 上主哈拉的七個秘訣 | 喜悅甘露集 卷8，P.54~55	751	390
pair_1126_1966_174_250325	1126_1966_174_250325.txt	In the psychic world Parama Puruśa has infinite power. All longings and thoughts are reflected on His mental mirror. Any action one performs, any thought one is trying to materialize, is immediately reflected on the vast mental mirror. One cannot keep anything secret from Him. If a small piece of stone is thrown into the vast ocean it creates tiny ripples on its smooth surface. This event, although trivial, does not remain unknown to the ocean. Even the least vibration created within the unit mind is immediately known to the Macrocosmic Mind, for the unit mind is within the vast Macrocosmic Mind.	在心智的世界至上意識擁有無限的權力。所有的渴望和思想都反映在祂心智的明鏡中。一個人一言一行都反映在祂浩瀚的心智明鏡中，沒有人可以秘密地從事任何事而不讓祂知道。在廣大的湖中投下一顆小石頭會在平靜的湖面產生漣漪，即使極其微小，但是湖水仍然知道。所以即使個體小宇宙所製造出來的波動非常微小，大宇宙心靈仍然立刻得知，因為個體心靈是在廣大的大宇宙心靈之中。		Shrii Shrii Ánandamúrti | 26 November 1966 DMC, Midnapur | 07 Vaedhii Bhakti and Shuddhá Bhakti | Subháśita Saḿgraha Part 8	Shrii Shrii Ánandamúrti | 1966年11月26日於Midnapur大法會 | 15 形式上的虔誠和純淨的虔誠 | 虔誠瑜伽的真諦，P.173~174	604	173
pair_1126_1966_182_260504	1126_1966_182_260504.txt	Innumerable waves are constantly emerging from the ocean only to merge back into the ocean itself. This universe is like an ocean of waves of bliss. Parama Puruśa is the nucleus of all these countless rhythmic waves. Innumerable microcosms are constantly rotating around this nucleus, and will continue their orbits until they finally become one with Him. Every movement has a rhythm, and every rhythm has a sound. The countless waves of this vast universe also have their respective sounds. The devotees say that Parama Puruśa is an embodiment of love. They say that out of His infinite love for the microcosms He eternally plays His sweet flute, vibrating this vast universe with its divine sound. When spiritual aspirants attain a certain degree of spiritual progress, they are able to hear that divine sound. This divine sound is called oṋḿkára. All the sound waves of this universe have their source in Him. They emanate from the point of beginninglessness to the point of endlessness, and will continue to emanate eternally.	海中湧現無盡的波浪只為回到海洋本身。此宇宙正如同喜悅波流之海，至上意識是所有這些充滿節奏的無盡波流之核心，無數的個體小宇宙繞著此一核心運轉不息，並將持續運行直到與祂合一為止。 每一個行動都有其節奏韻律，而每一節奏韻律都有其音聲，這浩瀚宇宙的無盡波流也都各有其音聲。虔誠者說至上意識是愛的化身，他們說因為祂對個體小宇宙有著無限的愛，所以祂不斷吹奏其甜美之笛音，以此神聖的音聲撼動這廣大無垠的宇宙。當靈性修持者達到靈性進展的某種特定程度時，他們就聽得見此一神聖音聲。此神聖的音聲即稱為「唵聲」(oṋḿkára)。宇宙間所有的音聲皆源自於祂，自無始之始到無終之終永恆持續不斷地散發著。	Innumerevoli onde emergono continuamente dall’oceano solo per ritornare a fondersi nell’oceano stesso. Questo universo è come un oceano di onde di beatitudine. Parama Puruṣa è il nucleo di tutte queste innumerevoli onde ritmiche. Innumerevoli microcosmi ruotano costantemente attorno a questo nucleo, e continueranno le loro orbite finché alla fine non diverranno una cosa sola con Lui. Ogni movimento ha un ritmo, e ogni ritmo ha un suono. Anche le innumerevoli onde di questo vasto universo possiedono i loro rispettivi suoni. I devoti dicono che Parama Puruṣa è un’incarnazione dell’amore. Dicono che, per il Suo infinito amore verso i microcosmi, Egli suona eternamente il Suo dolce flauto, facendo vibrare questo vasto universo con il suo suono divino. Quando gli aspiranti spirituali raggiungono un certo grado di progresso spirituale, diventano capaci di udire quel suono divino. Questo suono divino è chiamato oḿkára. Tutte le onde sonore di questo universo hanno la loro origine in Lui. Esse emanano dal punto della non-origine fino al punto della non-fine, e continueranno a emanare eternamente.	Shrii Shrii Ánandamúrti | 26 November 1966 DMC, Midnapur | 07 Vaedhii Bhakti and Shuddhá Bhakti | Subháśita Saḿgraha Part 8	Shrii Shrii Ánandamúrti | 1966年11月26日於Midnapur大法會 | 15 形式上的虔誠和純淨的虔誠 | 虔誠瑜伽的真諦，P.182~183	1035	289
pair_1126_1966_184_251212	1126_1966_184_251212.txt	Any action that leads to oneʼs physical, psychic and spiritual well-being is called punya or a virtuous deed; and any action which leads to oneʼs physical, psychic and spiritual degeneration is called pápa or sin.	任何會為個人帶來身、心、靈全面性福祉的行為稱為「善行」(punya);而相反的會導致身、心、靈墮落的行為即稱為「惡行」、「罪業」(pápa)。	Ogni azione che conduce al benessere fisico, psichico e spirituale di una persona è chiamata punya, ossia azione virtuosa. Ogni azione che conduce alla degenerazione fisica, psichica e spirituale è chiamata pápa, ossia peccato.	Shrii Shrii Ánandamúrti | 26 November 1966 DMC, Midnapur | 07 Vaedhii Bhakti and Shuddhá Bhakti | Subháśita Saḿgraha Part 8	Shrii Shrii Ánandamúrti | 1966年11月26日於Midnapur大法會 | 15 形式上的虔誠和純淨的虔誠 | 虔誠瑜伽的真諦，P.184	214	71
pair_1126_1966_187_250401	1126_1966_187_250401.txt	You are following the path of sádhaná. Always remember that you must establish yourself in pure devotion and not formal devotion. And to become established in pure devotion you must perform virtuous deeds, practise spiritual sádhaná regularly, render selfless service to the world, and wage a relentless fight against wrongs and injustice. There is no room for cowardice. May you be victorious.	你們在靈性修持的道上前進，永遠要記得將自身立足在純淨的虔誠上，而非形式上的虔誠。要立足於純淨的虔誠，吾人必須從事美德善行、規律地靈性修持鍛鍊、為這世界付出無私的服務，並且與邪惡不公奮戰到底。你們沒有膽小懦弱的餘地！期盼你們的勝利！		Shrii Shrii Ánandamúrti | 26 November 1966 DMC, Midnapur | 07 Vaedhii Bhakti and Shuddhá Bhakti | Subháśita Saḿgraha Part 8	Shrii Shrii Ánandamúrti | 1966年11月26日於Midnapur大法會 | 15 形式上的虔誠和純淨的虔誠 | 虔誠瑜伽的真諦，P.187	398	115
pair_1126_1978_031_260401	1126_1978_031_260401.txt	Prakrti exercises Her influence on the human mind in fourteen ways. Some of these bondages are related to the external world, and the rest are related to the internal world, to the psychic world. There are six enemies (śad́aripu): attachment (káma), anger (krodha), avarice (lobha), infatuation (moha), vanity (mada), and jealousy (mátsarya). And the bondages related to the external world are eight in number (Aśt́apásha): hatred, doubt, fear, shyness, hypocrisy, pride of lineage, pride of culture, and inflated ego: Ghrńá shauńká bhayam lajjá jugupsá ceti paiṋcamii Kulaḿ shiilaiṋca mánaḿca Aśt́apásháh Prakiirttitáh. Because of these bondages, the microcosms are called jiiva. The Entity who has no such bondages is called Shiva. One who has attained that Entity is said to have attained the culminating point of existence: Páshabaddho bhavejjiivah páshamukto bhavecchivah.	造化勢能以十四種方式來影響人類的心靈。其中一些與外在世界有關，另外一些則與內在心靈世界有關。如內在六大敵人(śad́aripu):執著、憤怒、貪婪、癡迷、傲慢和妒忌；與外在世界相關的束縛共有八項(Aśt́apásha)，它們是：憎恨、懷疑、恐懼、害羞、虛偽、家系門第的虛榮、文化的虛榮和自我優越感。 Ghrńá shauńká bhayam lajjá jugupsá ceti paiṋcamii Kulaḿ shiilaiṋca mánaḿca Aśt́apásháh Prakiirttitáh。由於這些束縛，所以小宇宙被稱為「個體生命」(jiiva)。大宇宙本體沒有這些束縛，所以是宇宙意識(Shiva)。達到至上本體的人即意味著該個體已達到其存在的極致(Páshabaddho bhavejjiivah páshamukto bhavecchivah)。		Shrii Shrii Ánandamúrti | 26 November 1978 DMC, Bombay | 03 The Supreme Desideratum of the Microcosms | Subháśita Saḿgraha Part 11	Shrii Shrii Ánandamúrti | 1978年11月26日於孟買大法會 | 03 個體小宇宙之至上目標 | 靈性科學集成 卷11，P.31	899	382
pair_1126_1978_033_260228	1126_1978_033_260228.txt	Each and every human being and each and every living microcosm is moving around the nucleus of creation: the difference between them is that human beings are moving consciously and the non-human creatures are moving unconsciously. Just as human beige have a certain advantage because of their independent minds they have a disadvantage also. The disadvantage is that if they do not move towards Parama Puruśa consciously, then their movement may be towards crude physicality, towards animality. And the advantage they enjoy because of their independent will is that if they so desire, they can move towards their Goal with greater momentum. To make the best use of this advantage is an act of wisdom on the part of human beings. Thus human beings, who have such developed minds, should properly utilize their mental potentialities and moving with accelerated speed, reach closer to Parama Puruśa.	每個人、每個生命個體都繞著創造的核心在移動：其不同在於，人類是有自覺意識地行動，而生物是沒有自覺意識地行動。人類擁有一個獨立自主的心靈，這是他們的優點，同時也是一個缺點，那就是如果他們不努力朝向至上意識自覺地前進，就會導向於粗鈍的物質、朝向獸性。但優點是，因為他們享有獨立的自主意志，所以只要他們願意，便可以更大的動力朝向至上目標邁進。善用此優點是人類智慧的表現。因此，具有開展心靈的人類應好好地善用他們的潛能，以加速度前進，更接近至上意識。	Gli esseri umani, proprio in virtù della loro mente indipendente, dispongono di un certo vantaggio, ma portano con sé anche un limite: se non si dirigono consapevolmente verso Parama Puruśa, il loro movimento può orientarsi verso la grossolanità materiale, verso l’animalità. Il vantaggio di cui dispongono, grazie al libero arbitrio, è che, se lo desiderano, possono avanzare verso la loro Meta con maggiore slancio. Saper fare il miglior uso di questo vantaggio è segno di saggezza da parte dell’essere umano. Pertanto, gli esseri umani, dotati di una mente così sviluppata, dovrebbero utilizzare correttamente le proprie potenzialità mentali e, procedendo con velocità accelerata, avvicinarsi sempre più a Parama Puruśa.	Shrii Shrii Ánandamúrti | 26 November 1978 DMC, Bombay | 03 The Supreme Desideratum of the Microcosms | Subháśita Saḿgraha Part 11	Shrii Shrii Ánandamúrti | 1978年11月26日於孟買大法會 | 03 個體小宇宙之至上目標 | 靈性科學集成 卷11，P.33~34	898	221
pair_1126_1978_034_240418	1126_1978_034_240418.txt	People according to their respective physical and psychic pabula, are provided in their next life with the requisite physical bodies. Those who want to eat and drink beyond all proportion may be provided with pigsʼ bodies; in that case, they can eat as much as they like. Those who are very angry by disposition may be provided with buffaloesʼ bodies, so they can be as angry as they like. And those who long for the close proximity to Parama Puruśa, will attain a developed human frame, a sentient human body.	人們根據各自物質和心理的資糧而獲得下一世相應的肉身。那些吃喝無度的人或許會得到豬的身體；這樣他們就可以盡情地吃喝。個性易怒之人可能會得到野牛的身體，這樣就可以讓他盡情地發怒。而那些渴望與至上意識親近的人，則會得到開展的人身，一個悅性的身體。		Shrii Shrii Ánandamúrti | 26 November 1978 DMC, Bombay | 03 The Supreme Desideratum of the Microcosms | Subháśita Saḿgraha Part 11	Shrii Shrii Ánandamúrti | 1978年11月26日於孟買大法會 | 03 個體小宇宙之至上目標 | 靈性科學集成 卷11，P.34	511	120
pair_1126_1978_097_241220	1126_1978_097_241220.txt	Along with spiritual discussions, people should discuss psychic subjects and science as well. With more development of science a biological change shall occur, and with this biological change progress in Sádhaná shall be faster. So you should always encourage science and never discourage it.	人們在從事靈性討論的同時，也應該討論以心理與科學為主的問題。科學更加發展，生理上的改變亦隨之產生，而生理的變化發生後，人類在靈性修持上的進步將更加快速，所以你們不但不該阻絕科學的發展，更應不斷鼓勵科學的進步。		Shrii Shrii Ánandamúrti | 26 November 1978, Bombay | 14 The Psycho-Spiritual Evolution of Humans | Ánanda Vacanámrtam Part 5	Shrii Shrii Ánandamúrti | 1978年11月26日於孟買 | 115 人類心理導向靈性的進化 | 喜悅甘露集 卷3，P.97	294	104
pair_1128_1978_067_250810	1128_1978_067_250810.txt	We say that human life is an ideological flow. Life should have an ideal, and when the movement is towards that ideal, we call it human. Where there is no ideal, nor any movement towards an ideal, we cannot call a life human in spite of any human appearance it may have. So appearance is not the criterion for recognizing humans. In fact we find some persons having more bestiality than the beasts themselves. Beasts do not wage world war. They do not inflict injury on the innocent. So where there is no ideology one becomes worse than a beast. Hence human life is an ideological flow.	我們認為人類的生命乃為一理念的波流。生命應有理想，當一個人的行動是朝著生命的理想前進，那麼他就可被稱為是個「人」。然而儘管擁有人的樣貌，但是生命沒有理想，也沒有朝向理想前進的行動，這個人就不能被稱為是個「人」。所以形貌不是評斷一個人是否為「人」的標準。有時候我們發現某些人甚至比動物本身還更具獸性。野獸還不至引發世界大戰，也不會傷及無辜。所以在沒有理念之處，人比野獸更野蠻。因此人類的生命是一理念的波流。		Shrii Shrii Ánandamúrti | 28 November 1978 morning, Nagpur | 01 Self-Realization and Service to Humanity | Ánanda Vacanámrtam Part 25	Shrii Shrii Ánandamúrti | 1978年11月28日晨於Nagpur | 11 自我了悟與服務眾生 | 喜悅甘露集 卷8，P.67	586	202
pair_1129_1970_061_240323	1129_1970_061_240323.txt	The first and foremost attribute for liberation or salvation is the irresistible urge for God-realization. Exclusive devotion to Parama Puruśa is all that is needed.	解脫的第一要件是對了悟至上有無法抑制的強烈渴望，我們唯一所需要的就是對至上意識專一的虔誠。		29 November 1970 DMC, Agartala | Ideation on Brahma, Subháśita Saḿgraha Part 9	1970年11月29日於Agartala大法會 | 以至上意識為理念目標，靈性科學集成卷9，P.61	166	45
pair_1129_1970_061_250629	1129_1970_061_250629.txt	The proper way to attain salvation is to ideate on Brahma. In the absence of deep love and longing for Parama Puruśa one cannot attain salvation. The first and foremost attribute for liberation or salvation is the irresistible urge for God-realization. Exclusive devotion to Parama Puruśa is all that is needed; no external ritual has anything to do with liberation or salvation.	要獲得解脫最正確的方法就是「以至上意識為持念觀想的目標」，缺乏對至上意識深深的愛和渴望，人是無法得到解脫的。 解脫的第一要件是對了悟至上有無法抑制的強烈渴望。我們唯一所需要的就是對至上意識專一的虔誠，任何外在的儀式和解脫無絲毫關係。		Shrii Shrii Ánandamúrti | 29 November 1970 DMC, Agartala | 04 Ideation on Brahma | Subháśita Saḿgraha Part 9	Shrii Shrii Ánandamúrti | 1970年11月29日於Agartala大法會 | 04 以至上意識為理念目標 | 靈性科學集成 卷9，P.61	381	116
pair_1129_1970_066_260627	1129_1970_066_260627.txt	Fire lies hidden in firewood. To produce fire you have to rub two pieces of wood together to create friction. Similarly the Supreme Cognitive Faculty lies covert in you. If you create friction in your mind by adhering to truth and performing penance, the fire of meditation will ignite within. This will make it easier for you to realize the dormant Cognitive Faculty.	火含藏在木柴中，你必須用力摩擦兩塊木柴才能取火。相同的，至上認知能力隱藏在你的內在裡，如果你能固守真理並努力修行讓心靈產生摩擦衝擊，禪定的火焰將於內在燃起，這會使你更容易了悟那潛藏的至上認知力。	Il fuoco rimane nascosto nella legna. Per produrlo, bisogna sfregare tra loro due pezzi di legno, generando attrito. Allo stesso modo, la Facoltà Cognitiva Suprema rimane nascosta dentro di te. Se crei attrito nella mente aderendo alla verità e praticando la disciplina spirituale, il fuoco della meditazione si accenderà dentro di te. Ciò renderà più facile realizzare la Facoltà Cognitiva che dimora latente in te.	Shrii Shrii Ánandamúrti | 29 November 1970 DMC, Agartala | 04 Ideation on Brahma | Subháśita Saḿgraha Part 9	Shrii Shrii Ánandamúrti | 1970年11月29日於Agartala大法會 | 04 以至上意識為理念目標 | 靈性科學集成 卷9，P.66	368	97
pair_1129_1970_078_240208	1129_1970_078_240208.txt	Overcome anger by patience,  overcome dishonesty by honesty,  overcome greed by generosity,  overcome falsehood by truth.	1970年11月29日於加爾各答大法會於奮戰中採取反向對抗，靈性科學集成卷10,P.78		25 May 1979, Rotterdam | Social Animals and Friends, Ánanda Vacanámrtam Part 12		121	44
pair_1129_1970_087_240921	1129_1970_087_240921.txt	I deliberately used the word parábhakti because there is another type of devotion called aparábhakti. When people beseech the Lord to fulfil all their selfish desires, this is called aparábhakti. “Oh Lord, I am your devotee, help me to pass my examination… Oh Lord, my daughter has attained marriageable age – help me to find a worthy suitor… Let the bridegroom be ideal, let me not spend much on the wedding…” This type of showy devotion that simply asks for mundane objects, is no devotion at all, because it demands everything except Parama Puruśa. Such devotees never say, “Oh Lord, be mine… I want You and only You.” They always say, “I want this, I want that.” In fact this is no devotion at all. When one asks only for Parama Puruśa, this is the true devotion, parábhakti.	我特意使用「至上虔誠」(parábhakti)這個字，因為有另一種虔誠稱為世俗的虔誠(aparábhakti)。他們向上主要求滿足他們的私慾，他們說道：「哦，主啊！我是您的虔誠者，請幫助我通過這次考試……;哦，主啊！我的女兒已屆適婚年齡，請幫我找到一個合適、理想的新郎，婚禮不要讓我花太多錢……。」等等，這種表面的虔誠，只不過是為了要求世俗之物，根本不是虔誠，因為他們想要除了至上意識之外的所有一切。這種虔誠者永遠不會說：「哦，主啊！請您為我所有，我只想要得到您，我只要您！」他們只會要這個要那個，其實這毫無虔誠可言。當一個人所渴望的就只是至上意識時，才能說具有真正的虔誠──「至上虔誠」。		Shrii Shrii Ánandamúrti | 29 November 1970 DMC, Calcutta | 05 Taking the Opposite Stance in Battle | Subháśita Saḿgraha Part 10	Shrii Shrii Ánandamúrti | 1970年11月29日於Calcutta大法會 | 05 於奮戰中採取反向對抗 | 靈性科學集成 卷10，P.87~88	785	295
pair_1129_1970_096_250219	1129_1970_096_250219.txt	You should think within that you are ever pure and enlightened – you are a child of Parama Puruśa. You should think that you are like a newborn baby who remains untouched or unaffected by the dirt and dross of sin.	你應該在內在這樣想：你是純淨無瑕的了悟者，你是至上意識的孩子。你應該想著自己就像是一個新生兒，未受到塵埃和罪惡的污染。		Shrii Shrii Ánandamúrti | 29 November 1970 DMC, Calcutta | 05 Taking the Opposite Stance in Battle | Subháśita Saḿgraha Part 10	Shrii Shrii Ánandamúrti | 1970年11月29日於Calcutta大法會 | 05 於奮戰中採取反向對抗 | 靈性科學集成 卷10，P.96	215	59
pair_1129_1971_023_250430	1129_1971_023_250430.txt	These bondages are of three types: physical, psychic and spiritual. The first category comprises all those bondages which concern time, space and person in this quinquelemental world. There are also psychic bondages, the various types of mental limitations and afflictions that arise due to our saḿskáras; and finally, there are the spiritual bondages. Human beings, through the cultivation of knowledge, become convinced that their nearest and dearest one is Parama Puruśa, that He is the soul of their souls. Yet even after this understanding, when we do not actually attain him within the scope of our realsation, then this painful sense of separation is spiritual bondage. That which brings about the permanent cessation of these three types of bondages is called Paramártha, the Supreme Good.	束縛有身、心、靈三種類型。各種在時、空、人物因素限制下的五大原素世界之諸多束縛即屬於身體層面的束縛。 心理層面亦存在著束縛，因為業力也會使我們心中產生各種心靈的侷限和痛苦。最後還有靈性層面的束縛。人類透過知識培養，了知到與他們最親近和最親密的是至上意識，祂是他們靈魂的靈魂。 可是儘管了解，但我們沒有實際了悟這項真理，沒有真正達到祂，這種與祂分離的痛苦就是靈性層面的痛苦。能夠帶來永遠停止身、心、靈三層面痛苦的就稱為「永恆的解脫」(Paramártha)，它就是至上福祉。		Shrii Shrii Ánandamúrti | 29 November 1971 DMC, Calcutta | 03 Relativity and the Supreme Entity | Subháśita Saḿgraha Part 10	Shrii Shrii Ánandamúrti | 1971年11月29日於Calcutta大法會 | 03 相對和絕對的實體 | 靈性科學集成 卷10，P.23~24	801	236
pair_1129_1971_041_250212	1129_1971_041_250212.txt	Those reflected faces in the mirror are the unit consciousnesses, and the real face is Parama Puruśa. When this reflection is stopped, the unit consciousness will also cease to exist, and the existential “I”-feeling of the microcosm will also cease to exist. But how to do this? The task of all the images in the mirrors is to rush headlong and merge themselves in the Supreme Entity. That is, the devotees must channelize their minds towards Parama Puruśa and stop all reflections forever.	鏡子中反映的臉龐是個體意識，那張真正的臉才是至上意識。當此種反映一旦停止，個體意識也就不復存在，個體小宇宙的存在我覺也將不復存在。如何做到這樣呢？鏡中的影像必須不斷前進，將自身融入於至上的本體裡。也就是說，虔誠的修持者必須將他們的心靈導向至上意識，永遠停止所有的反映。		Shrii Shrii Ánandamúrti | 29 November 1971 DMC, Calcutta | 03 Relativity and the Supreme Entity | Subháśita Saḿgraha Part 10	Shrii Shrii Ánandamúrti | 1971年11月29日於Calcutta大法會 | 03 相對和絕對的實體 | 靈性科學集成卷10，P.41	492	134
pair_1129_1971_042_250416	1129_1971_042_250416.txt	Whatever might be the obstacles, the devotee must move on like a flying bird. True spiritual aspirants will never be frightened by any circumstances, for they are born warriors, ready to move on amidst all struggles. They will smash all obstacles relentlessly. This is the creed of their lives.	虔誠者不論遭遇到什麼樣的困難，他們都應該像飛鳥般不斷地前進。靈性的修持者面對任何情況永遠都不會被嚇到，因為他們是天生的勇士，早已準備好要在奮鬥中勇往直前。他們會毫不留情地粉碎所有障礙，這是他們對生命的信念。		Shrii Shrii Ánandamúrti | 29 November 1971 DMC, Calcutta | 03 Relativity and the Supreme Entity | Subháśita Saḿgraha Part 10	Shrii Shrii Ánandamúrti | 1971年11月29日於Calcutta大法會 | 03 相對和絕對的實體 | 靈性科學集成 卷10，P.42~43	294	103
pair_1129_1971_050_250502	1129_1971_050_250502.txt	What He will ask you for, you will hesitate to give; for He will ask for nothing less than your whole existence. Those who are prepared to give their all, even though they may be the most degraded sinners, become the full responsibility of Parama Puruśa, because they have surrendered themselves completely to Him. They have not given away fifteen annas, keeping one anna for themselves (there are sixteen annas in one rupee). Hence it is the moral responsibility of Parama Puruśa to care for such people.	祂所要的東西，你卻遲遲猶豫不想給，因為祂要的是你整個存在。那些已準備好將一切交給祂的人，就算他們可能是最惡劣的壞人，也會是至上意識的責任，因為他們已經將自身完全向祂臣服。不會要給15塊安那，卻偷偷留1塊安那給自己(1盧比=16安那)。因此，照顧這些人是至上意識的道德責任。		Shrii Shrii Ánandamúrti | 29 November 1971 DMC, Calcutta | 03 Relativity and the Supreme Entity | Subháśita Saḿgraha Part 10	Shrii Shrii Ánandamúrti | 03 相對和絕對的實體 | 1971年11月29日於加爾各答大法會 | 靈性科學集成 卷10，P.50	507	136
pair_1130_1978_120_260305	1130_1978_120_260305.txt	Now we should remember two things here. Whatever you see, whatever you do, whatever you perceive or conceive in this world, both in the world of inferences and also in the arena of quinquelementality, comes from the Nucleus; everything comes from Parama Puruśa. But some of those physical entities and inferential values we receive through certain media, and some we receive directly. What we receive through some medium is known as “prápta vastu” and what we receive directly from the Nucleus of the universe, what we receive from the Parama Puruśa is called “ápta vastu”. Now in this realm of spirituality, whatever we receive, we receive directly from Him, and not through any medium, and that is why the secrets of his spirituality are known as “ápta vákyam” and not “prápta vákyam”. Prápta vákyas come through different media, through different physical media, and that is why they may vary, or undergo metamorphosis. After their metamorphosis, they may come within the scope of relativity and undergo distortion. That is why these prápta vákyas or prápta vastus are not infinite, and therefore can never be, must never be the desiderata of human beings. The only thing that an aspirant wants from Him is ápta vákya and this ápta vákya is guru vákya, and this guru vákya is the mantramúlaḿ. It is the rudimental faculty behind all mantras.	我們應該記住兩件事情：不論你看見或做了什麼，亦不論你於形而上的世界及五大原素架構的物質世界上認知或理解了什麼，這所有的一切均來自於至上核心，一切均來自於至上意識，只是有些物質實體和精神價值是經由某些媒介而得到，而有些則是直接得自至上；透過媒介而得到的稱為prápta vastu，而直接來自宇宙核心──至上意識的稱為ápta vastu。在靈性上不管我們得到什麼，都是直接得自於祂，而非經由任何媒介，那就是為何靈性的秘密被稱為至上的話語(ápta vákyam)──內在自性真知，而非透過媒介之世俗知識(prápta vákyam)的原因。世俗的知識經由不同的媒介，不同的物質媒介而來，因此可能變形，而在相對的範疇裡更加扭曲，因此這些世俗知識或世俗之物並非無限，故永遠不可能也必須永遠不可以成為人類的目標。靈性渴望者唯一渴望的即是來自於祂的至上話語，而至上話語即古魯的話語，古魯的話語即梵咒，這才是隱藏在所有梵咒背後的原動力。	Dobbiamo ricordare due aspetti fondamentali. Tutto ciò che vediamo, facciamo, percepiamo o concepiamo – sia nel mondo mentale sia nel campo dei cinque elementi – trae origine dal Nucleo Cosmico, da Parama Puruśa. Tuttavia ciò che riceviamo da questa Fonte non giunge sempre allo stesso modo: alcune realtà le riceviamo attraverso dei mezzi intermedi, altre invece provengono direttamente dal Nucleo Cosmico. Ciò che riceviamo tramite un mezzo è chiamato 'prápta vastu'; ciò che riceviamo direttamente dal Nucleo Cosmico è chiamato 'ápta vastu'. Nel campo della spiritualità ciò che riceviamo proviene direttamente da Lui, non attraverso intermediari. Per questo i segreti della spiritualità sono chiamati 'ápta vákya' e non 'prápta vákya'. I prápta vákya arrivano attraverso diversi mezzi e quindi possono cambiare, trasformarsi o deformarsi. Per questo non sono infiniti e non possono essere l’obiettivo ultimo dell’essere umano. L’unica cosa che l’aspirante spirituale desidera veramente è l’ápta vákya – la parola ricevuta direttamente. E questo ápta vákya è Guru Vákya; questo Guru Vákya è la radice del mantra, la facoltà fondamentale dietro tutti i mantra.	Shrii Shrii Ánandamúrti | 30 November 1978, Madras | 01 Ápta Vákya and Prápta Vákya | Ánanda Vacanámrtam Part 6	Shrii Shrii Ánandamúrti | 1978年11月30日於Madras | 119 靈性的秘密 | 喜悅甘露集 卷3，P.120~121	1365	413
pair_1202_1978_134_240223	1202_1978_134_240223.txt	Each and every mantra has the support of an acoustic root: and when that acoustic root strikes at the root of the coiled serpentine, it is aroused. This is called mantrágháta. After that this roused coiled serpentine moves with the force, or the stamina, it gets from the mantra. It moves towards the supreme positivity, and this movement is called mantra caetanya.	每一梵咒皆有其音根，當該音根撞擊盤繞的靈蛇時，它就被喚醒了，此即稱mantrágháta（神性潛能）。而此被喚醒的靈蛇藉著梵咒的力量向前移動，向著至高的正性前進，此前進的過程即稱為mantra caetanya（梵咒的覺醒）。		2 December 1978 Evening, Madras | Diikśá and Initiation, Ánanda Vacanámrtam Part 6	1978年12月2日傍晚於Madras | 靈性的啟蒙─Diikśá | 喜悅甘露集卷3，P.134	367	113
pair_1202_1978_134_250906	1202_1978_134_250906.txt	Now this process of freeing a person from the fetters of pápa is divided into two sub-phases: mantrágháta and mantra caetanya. Mantrágháta means, as I have already told you, that each and every mantra has the support of an acoustic root: and when that acoustic root strikes at the root of the coiled serpentine, it is aroused. This is called mantrágháta. After that this roused coiled serpentine moves with the force, or the stamina, it gets from the mantra. It moves towards the supreme positivity, and this movement is called mantra caetanya. With the help of this mantrágháta and mantra caetanya, a spiritual aspirant is freed from all the mundane bondages, bondages both on the physical and on the psychic plane.	使人從負性反作用力的桎梏中解脫之過程可分為兩個階段：以梵咒喚醒沈睡的神性潛能(mantrágháta)及梵咒的覺醒(mantra caetanya)。我曾說過，以梵咒喚醒沈睡的神性潛能的意思為：每一梵咒皆有其音根，當該音根撞擊盤繞的靈蛇時，它就被喚醒了，此即稱為mantrágháta。而此被喚醒的靈蛇藉著梵咒的力量向前移動，向著至高的正性前進，此前進的過程即稱為mantra caetanya。藉著以梵咒喚醒沈睡的神性潛能及梵咒的覺醒，靈修者得以從所有世俗的束縛，身體和心理層面的束縛中解脫。		Shrii Shrii Ánandamúrti | 2 December 1978 Evening, Madras | 121 Diikśá and Initiation | Ánanda Vacanámrtam Part 6	Shrii Shrii Ánandamúrti | 1978年12月2日傍晚於Madras | 121 靈性的啟蒙—diikśá(迪克夏) | 喜悅甘露集 卷3，P.134	725	247
pair_1202_1978_294_260209	1202_1978_294_260209.txt	"Everything lies coverted within the self. The Supreme Entity is also within your ""I"" feeling. [He] is with you, but you do not know Him. That is, the Supreme Entity is with you, but You cannot see Him. You cannot realize Him. Why? Because you are covered by, you are surrounded by, Máyá, the cimmerian darkness of Máyá. This diikśá, Tántrikii diikśá, is just like a torch. And by focusing the torch, you see your route through the darkness. That is why the first sub-phase is diipanii – diipanii means “showing the torchlight”. But no such thing is there in the term “initiation”. Diikśá gives the aspirant the route, the way, or rather the path, of bliss. It shows the path of bliss. And to show the path of bliss, light is required; and that light is also supplied by diikśá. This light is diipanii."	每件事物均隱含在其自我之中。至上本體也是在你的「我覺」裡。「祂」與你同在，而你並不知道。亦即，至上本體與你同在，但是你無法看到祂、無法了悟祂，為什麼呢？因為你被宇宙幻網(Máyá)的漆黑所覆蓋籠罩。而密宗靈性的啟蒙就像一把火炬，藉著火炬之光，使你在黑暗中看到了道路。這就是第一階段稱為diipanii的原因──diipanii的意思為展現火炬之光。但在英文裡的啟蒙initiation這個字裡就沒有這樣的意義。 靈性啟蒙給予靈修者喜悅的道路，然而要有光源才能指引出喜悅之路！而此光源亦來自於靈性啟蒙，此光源即為diipanii。	L’Entità Suprema non è lontana dall’essere umano, ma rimane non realizzata. Tutto è coperto all’interno del sé. Anche l’Entità Suprema è all’interno del tuo sentimento dell’“io”. Egli è con te, ma tu non Lo conosci. Vale a dire: l’Entità Suprema è con te, ma tu non riesci a vederlo. Non riesci a realizzarlo. Perché? Perché sei coperto, sei circondato da māyā, dall’oscurità profonda di māyā. Questa diikśā, il processo di iniziazione tantrica, è proprio come una torcia. E, orientando la torcia, vedi il tuo percorso attraverso l’oscurità. Ecco perché la prima sottofase è dīpanī: dīpanī significa “mostrare la luce della torcia”. Ma nulla di tutto ciò è contenuto nel termine “iniziazione”. La diikśā offre all’aspirante il percorso, la via, o meglio il sentiero della beatitudine. Essa mostra il sentiero della beatitudine. E per mostrare il sentiero della beatitudine è necessaria la luce, e questa luce è anch’essa fornita dalla diikśā. Questa luce è dīpanī.	Shrii Shrii Ánandamúrti | 2 December 1978 evening, Madras | 21 Diikśá, Mantra and Yoga Sádhaná | Yoga Sádhaná	Shrii Shrii Ánandamúrti | 1978年12月2日傍晚於 Madras | 19 靈性啟蒙、梵咒和瑜伽修持 | 瑜伽修持科學觀，P.294	814	264
pair_1202_1978_302_250403	1202_1978_302_250403.txt	Human life, you know, is a measured one. Human beings come here for a very short span. If during this short span one tries to go through all the scriptures it will take more than one thousand years? And one is only here for approximately one hundred years. So, going along the path of jiṋána is a mere waste of existence. And karma is infinite and the human structure is a finite one, with limited stamina and limited capacity. So the path of bhakti is not only harmless, but the wisest one and is the approach of the most cunning people. So my advice to you all is to move along the path of bhakti. It is the best route.	你們知道，人類的生命非常有限，人們來到世上只是短暫停留，如果一個人想在這段短短的時間裡博覽所有的經典，恐將花上一千年的時間！而一個人在世上約莫百年光陰，所以選擇知識之路只是徒然浪費生命而已。而相對於行動的無限，人身是如此有限，精力與能力均處處受限。所以只有虔誠之路不僅無害，並且是最聰明的途徑，它是明智者的選擇。沿著虔誠之路前進吧！它是最佳之途徑。		Shrii Shrii Ánandamúrti | 2 December 1978, Madras | 04 Bhakti Is the Best | Ánanda Vacanámrtam Part 6	Shrii Shrii Ánandamúrti | 1978年12月2日於Madras | 27 虔誠最為殊勝 | 虔誠瑜伽的真諦，P.302~303	623	174
pair_1202_1978_302_250525	1202_1978_302_250525.txt	To the karmii, god is neither personal nor impersonal, but maintains a link between the two. So in the life of a karmii the frustration is less than in that of a jiṋánii. But in the life of a bhakta, god is a personal one, his or her own Father, the Soul of oneʼs own soul. So one is linked with oneʼs own goal and this link with oneʼs personal god is maintained forever and never gets distorted. That is why everybody will have to admit the fact that “Mokśa kárańasamagryaḿ bhaktireva gariyasii.”	對於行動家而言，神既不是個人的，也不是非個人的，而是在兩者間保持著某種連結，所以行動家的生命裡，其挫折比知識分子來得少。然而在虔誠者的生命裡，神是屬於個人的，是他自己的父親，是自己靈魂的靈魂，所以一個人與自己的目標連結在一起，這種與個人之神之間的連繫會永遠存在且不會扭曲，因此每個人都必須承認虔誠是通往究竟解脫的最佳途徑這個事實。		Shrii Shrii Ánandamúrti | 2 December 1978, Madras | 04 Bhakti Is the Best | Ánanda Vacanámrtam Part 6	Shrii Shrii Ánandamúrti | 1978年12月2日於Madras | 27 虔誠最為殊勝 | 虔誠瑜伽的真諦，P.302	503	165
pair_1203_1980_146_250725	1203_1980_146_250725.txt	It is the characteristic of the mind to remain attached to one object at a time. It cannot remain attached to one object for a long period of time, nor can it remain objectless. As the mind has to select an object to maintain its existence, it would be wise to select the biggest, the best, the most lasting, and the most loving object. Parama Puruśa is the only such object.	心靈一次只能有一個目標，這是它的特性，它既不能沒有目標，也無法長期維持在一個目標上。既然心靈一定要有一個目標以維持其存在，那麼選擇最偉大、最好、最持久且最親愛的目標將是最明智的。唯有至上意識是符合上述條件的最佳對象。		Shrii Shrii Ánandamúrti | 3 December 1980, Calcutta | 01 Vyatireka – 1 | Mánasádhyátmik Sádhanár Staravinyás	Shrii Shrii Ánandamúrti | 1980年12月3日於加爾各答 | 09 靈性修持第二階段—維雅提瑞卡(一) | 禪定與靈性修持四階段	376	108
pair_1204_1978_263_250819	1204_1978_263_250819.txt	Whenever you think that you are knowing some thing, in that very moment you should also remember that you are known by Him. That is, whatever you are seeing, He knows. Nothing remains secret or coverted for Him. What you have done, He knows. What you have thought, He knows, and what you will think, He knows. “Paramaḿ parastád vidám devam bhuvaneshamiid́yam.” So, if you are to know anything, you should know Him. Know one, know all. He knows all. So if you are in love with Him, by His grace, you will also know all.	無論何時當你認為你了解某事時，就在那一刻你也應記得你是被祂所了解的，亦即，你所看到的任何東西祂都知道，沒有任何東西對祂而言是秘密的或是可以隱瞞的，你所做的事情祂都知道，你所想的，祂知道，而且你將想的，祂也知道。Paramaḿ parastád vidám devam bhuvaneshamiid́yam。 所以如果你想了解任何事情，你應該先了解祂。了解「一」就了解一切。祂了解一切。所以如果你愛祂，由於祂的恩典，你亦將了解一切。		Shrii Shrii Ánandamúrti | 4 December 1978, Madras | 06 The Devotee and the Object of Adoration | Ánanda Vacanámrtam Part 6	Shrii Shrii Ánandamúrti | 1978年12月4日於Madras | 22 虔誠者及其禮敬的目標 | 虔誠瑜伽的真諦，P.263	521	215
pair_1204_1978_263_250822	1204_1978_263_250822.txt	The entity that vibrates the entire cosmos, that creates different expressions through different pulsations is a deva. Wherever there is movement there is creation. Wherever there is movement there are light waves, sound waves, and so many waves of inferences. And those expressions of inferences are devas, and Parama Puruśa is the controller of all those vibrations, all those manifestations, all those devas. Hence He is Mahádeva.	使整個宇宙振動，經由不同的脈動，而產生不同顯現的實體即為deva。任何有活動之處即有創造。任何有活動之處就有光波、音波以及許多微波元素的波動。那些微波元素的顯現為神(devas)，而至上意識為所有波動、所有顯現、所有神之主宰。因此祂是大神(Mahádeva)。		Shrii Shrii Ánandamúrti | 4 December 1978, Madras | 06 The Devotee and the Object of Adoration | Ánanda Vacanámrtam Part 6	Shrii Shrii Ánandamúrti | 1978年12月4日於Madras | 22 虔誠者及其禮敬的目標 | 虔誠瑜伽的真諦，P.263	435	130
pair_1204_1978_263_250826	1204_1978_263_250826.txt	During meditation you should remember that the Supreme Entity looks on you, sees you as His object. He is not your object, you are His object. Do you follow? “Vidáma Devaḿ bhuvaneshamiid́yam” – that Deva, that Supreme Subjectivity, is to be adored by all, is to be loved by all, is to be accepted by all as the final culminating point of the different approaches of human life.	靜坐時，你應該記得至上本體注視著你，把你當成祂的客體看著你。祂不是你的客體，你才是祂的客體。你們了解我的意思嗎？Vidáma Devaḿ bhuvaneshamiid́yam──那個神，那個至上主體，是為一切人所禮敬的，是為一切人所摯愛的，是被所有的人做為生命中各種不同途徑的極致目標。		Shrii Shrii Ánandamúrti | 4 December 1978, Madras | 06 The Devotee and the Object of Adoration | Ánanda Vacanámrtam Part 6	Shrii Shrii Ánandamúrti | 1978年12月4日於Madras | 22 虔誠者及其禮敬的目標 | 虔誠瑜伽的真諦，P.263	379	143
pair_1206_1957_101_240215_Agraháyańa滿月日	1206_1957_101_240215_Agraháyańa滿月日.txt	Life is a constant effort to restore an unstable equilibrium. Human beings endowed with enormous thinking power want to attain all-round development. To that end, along with the development of subtle thinking power, they will have to practice nivrttimúlaka sádhaná; they will have to strike a balance between the relative and subjective worlds. In the absence of such a balance, the process of thinking becomes disturbed again and again.	生命是持續恢復平衡的努力。具有無比思考能力的人類渴望得到全面性的開展，他們必須從事向內追尋的靈性修持以發展精細的思考能力和達到全面性的開展，必須在相對和絕對世界中獲得平衡。缺乏此種平衡，思想將不斷受到干擾。		Agraháyańa Púrńimá 1957 DMC, Bettiah | The Supreme Question – 1, Subháśita Saḿgraha Part 6	1957年12月6日Agraháyańa滿月日於貝提亞大法會 | 靈性層面的問題──（一），靈性科學集成卷6，P.101	440	103
pair_1206_1957_115_240429_Agraháyańa滿月日	1206_1957_115_240429_Agraháyańa滿月日.txt	To such an entity knowing the entire Cosmic stance, all knowledge is spirituo-intuitional knowledge. When the perceiver, perceivable, and perception; or the knower, knowable, and knowledge become one; or when the deed and the “doable” become one with the doer; one attains non-dualistic self-knowledge, or becomes the embodiment of knowledge. Only this is real knowledge.	對一個了知全宇宙之境的人而言，所有的知識都是靈性直覺知識。當知者、知與可知者融合成為一體時，或者是當行為和行為者合一時，他即獲得非二元相對的自我了悟知識，或是他自身成為知識的具體化現。唯有這個才是真正的知識。		Shrii Shrii Ánandamúti | Agraháyańa Púrńimá 1957 DMC, Bettiah | The Supreme Question – 1 | Subháśita Saḿgraha Part 6	Shrii Shrii Ánandamúti | 1957年12月6日Agraháyańa滿月日於Bettiah大法會 | 靈性層面的問題一(一) | 靈性科學集成 卷6，P.115	371	104
pair_1206_1957_119_231212	1206_1957_119_231212.txt	That Entity alone we remember. We repeat His holy name, we salute Him as the Witness of the entire universe. We take shelter in Him, who is the ship in the vast ocean of bhava (bundle of saḿskáras responsible for rebirth). You, the Supreme Lord, the one without shelter, are the Supreme Culminating Point of all the created beings in the universe.	我們只記得那個本體，我們持誦祂的聖名，我們向那全宇宙的見證者致敬，我們以祂為庇護，祂是保護我們通過無盡業力海洋的大船。至上之主啊！您無須任何庇護，您是宇宙萬有至高的終點。		"Agraháyańa Púrńimá 1957 DMC, Bettiah | 'The Supreme Question – 1', ""Subháśita Saḿgraha Part 6"""	1957年12月6日Agraháyańa滿月日於Bettiah大法會 | 靈性層面的問題一(一)，靈性科學集成卷六，P.119	349	85
pair_1207_1964_054_250817	1207_1964_054_250817.txt	Spiritual aspirants are called Brahma sádhaka… Although the Cognitive Principle is the object of ideation, a spiritual aspirant cannot keep himself away from, aloof from, worldly business, because his physical structure is a part of this quinquelemental world. He cannot remain away from this observable universe. His mental structure is also an expression of the Macropsychic conation. So he will have to come in contact with physicality. But while coming in contact with physicality, certainly for some time he will have to accept physical objects as his object of ideation; and if any physical object is taken as an object of ideation, what will happen? He will dart himself away from the nave of the universe. This darting away from the nave of the universe means negative introversion. A sádhaka, a spiritual aspirant, cannot do this. So while coming in contact with any object of this quinquelemental world, he will have to ascribe Brahma-hood to those objects. This ascription of Brahma-hood saves him from downfall.	修行者被稱為「宇宙本體的修行者」。……雖然宇宙認知力是其觀想持念的目標，修行者亦不可忽略或遠離世俗之事，因為他的身體仍然屬於五大原素世界，他無法離開這可見的世界。他的心理結構也是大宇宙心靈體的一種表達。所以他依然必須與物質世界接觸。在與此物質世界接觸的同時，他有時會以物質為目標，如果他選擇了物質為其觀想持念的目標，那麼會發生什麼事呢？他將遠離宇宙核心，此為反向心力。靈性修持者必不可如此。所以當與此五大原素的世界接觸時，他必須心懷宇宙本體，將一切歸之於宇宙本體，如此方才能夠使他免於墮落。		Shrii Shrii Ánandamúrti | 7 December 1964, Salem | 08 Names of the Supreme | Ánanda Vacanámrtam Part 34	Shrii Shrii Ánandamúrti | 1964年12月7日於Salem | 08 上主的名字—一 | 喜悅甘露集 卷11，P.54~55	1025	245
pair_1209_1958_130_251108	1209_1958_130_251108.txt	How should one take Cosmic ideation? Human beings make the mistake of mostly thinking about material objects (viśaya), subtle or crude. Parama Puruśa, to Whom you are an object, is your subject. How can you take Him as your object? To accept Parama Puruśa as your object means to surrender your microcosmic identity to His Macrocosmic identity. You must take yourself back to your original stance – an act of total surrender at the altar of Parama Puruśa.	該如何從事對宇宙理念的持念觀想呢？人類常犯一個錯誤就是多半都是想著精細或粗鈍的物質客體(viśaya)。對至上意識而言，你才是客體，而祂是你的主體。如何方能把祂當成你的目標呢？接受至上意識為你的目標意指將你個體小宇宙的存在臣服於祂。你必須將自身帶回你的源頭──此為完全臣服在至上意識的聖壇前。		Shrii Shrii Ánandamúrti | 19 December 1958 DMC, Jamalpur | 08 Shakti and Its Proper Application | Subháśita Saḿgraha Part 7	Shrii Shrii Ánandamúrti | 1958年12月19日於Jamalpur大法會 | 08 宇宙力量及其正確的運用 | 靈性科學集成 卷7，P.130~131	459	146
pair_1209_1978_036_260606	1209_1978_036_260606.txt	What is this future? What should be the future? You should become one with Parama Puruśa by merging into Him. Then everything will be known and revealed to you. Unite with Him and enjoy the bliss of spiritual ambrosia. The meaning of unification with Parama Puruśa is to enjoy Parama Puruśa. What is the use of knowing the history of your previous births? Such knowledge will never help your spiritual advancement.	未來是什麼？未來應該如何呢？你應藉著融入祂而與至上意識合而為一，到那時候，每件事都會呈現在你面前，並為你所知。與祂合而為一並享受靈性佳餚的喜悅，與至上意識合一的意思就是享受至上意識。知道你生生世世的歷史又有何用呢？這樣的知識對你靈性的進步絕無助益。	Che cos'è questo futuro? Quale dovrebbe essere il futuro? Dovreste diventare una cosa sola con Parama Purusa, fondendovi in Lui. Allora tutto vi sarà conosciuto e rivelato. Unitevi a Lui e godete della beatitudine del nettare spirituale. Il significato dell'unione con Parama Purusa è godere di Parama Purusa. A che serve conoscere la storia delle vostre vite precedenti? Una tale conoscenza non aiuterà mai il vostro progresso spirituale.	Shrii Shrii Ánandamúrti | 9 December 1978, Calcutta | 05 Extra-Cerebral Memory | Yoga Psychology	Shrii Shrii Ánandamúrti | 1978年12月9日於加爾各答 | 05 超腦記憶 | 生命科學觀：瑜伽心理學，P.36	417	124
pair_1213_1981_000_231125	1213_1981_000_231125.txt	13 December 1981, Calcutta Vashiikára – 2, Ananda Marga Philosophy in a Nutshell Part 6	我已介紹過「清晨五時晨光靜坐」(páiṋcajanya)的方法幫助你們從這個階段中獲得喜悅。在「早上五點鐘」從事靜坐，心靈自然而然充滿喜悅的波流，它無需任何外在的事物，只要一個人內在的自性。具足此一自性的每一個人皆能透過「清晨五時晨光靜坐」而達到了悟的境界，它將為你帶來成功，為人類生命帶來嶄新的精神。其生命將閃耀著至上意識的神性光輝。  願降生於此世界的你們在各方面都成功。我希望你們的存在發出閃耀的光芒，因活著的喜悅而無比燦爛。這就是為什麼我提出「清晨五時晨光靜坐」和「對大眾從事慈善布施」的原因，因為這會為你們的生命帶來至上的圓滿。不論是個體生命或集體生命，願你們在此地球的生命是圓滿成功的。				88	299
pair_1214_1967_037_240911	1214_1967_037_240911.txt	For a unit mind the wisest course of action is to ideate on the Supreme Entity, for by doing this it will become increasingly elevated. The nature of mind is to become as it thinks. Thus when a mind constantly ideates on the Supreme Entity, it gradually expands and eventually becomes one with the Cosmic Mind and it automatically becomes composed.	對個體心靈而言，最聰明的行動就是持念、觀想至上本體，因為這麼做將使得心靈快速地提升。心靈的特質就是它會變成它所想的，因此當心靈不斷持念、觀想至上本體時，它就會慢慢的擴展，最後與大宇宙心靈合一，自然也就達到平靜了。		14 December 1967 DMC, Calcutta | 02 Cognitive Faculty and the Supreme Desideratum | Subháśita Saḿgraha Part 9	Shrii Shrii Ánandamúrti | 1967年12月14日於加爾各答大法會 | 02 至上認知力與至上目標 | 靈性科學集成 卷9，P.37	348	106
pair_1214_1971_033_240622	1214_1971_033_240622.txt	"""Salutations to the ancestors, salutations to the god-like rśis. The act of offering is Brahma; that which is offered is Brahma; the one to whom the offering is made is Brahma; and the person making the offering is Brahma. One will merge in Brahma after completing the duty assigned to him/her by Brahma."""	「我向列祖列宗致敬，我向古聖先賢致敬；奉獻的舉動是至上意識，奉獻之物是至上意識；奉獻的對象是至上意識，奉獻的人也是至上意識；奉獻者的目標是至上意識，當完成世上工作後，他將與至上意識合而為一。」 你們應該知道這梵咒的意義，它與「至上圓滿法」最接近，亦即它將所有世上的工作都視為至上意識的顯現。			Shrii Shrii A’nandamu’rti | 1971年12月14日晨於Patna | 06 視萬有一切為至上意識的顯現 | 喜悅甘露集卷8，P.33	306	145
pair_1214_1978_197_240819	1214_1978_197_240819.txt	That is, when the jiivas come nearer to Parama Puruśa it of course causes immense bliss to Him – which is called liilánanda. But the volume of bliss of the jiiva is a billion times greater than what Parama Puruśa enjoys out of that liilánanda. That is why people should devote themselves to sádhaná. As long as one remains a sádhaka one enjoys and stays in liilánanda. And when he or she has become successful and merges with God, he or she stays in nityánanda. So one always gains never loses.	當個體更接近至上意識時，當然會帶給祂無比的喜悅，此稱之為「遊戲三昧的喜悅」，但是個體所得到的喜悅比起至上意識從遊戲中享受到的大了十億倍之多。所以，人們應投身於靈性修持，只要他還在靈修，他就享有並處於遊戲三昧的喜悅中，當他有所成就並融入於至上時，他便置身於永恆的喜悅裡。所以一個人永遠是贏家。		Shrii Shrii Ánandamúrti | 14 December 1978, Kolkata | 12 Nityánanda and Liilánanda | Ánanda Vacanámrtam Part 6	Shrii Shrii Ánandamúrti | 1978年12月14日於加爾各答 | 130 永恆的喜悅與遊戲三昧的喜悅 | 喜悅甘露集卷3，P.197	503	145
pair_1216_1957_079_241031	1216_1957_079_241031.txt	As religions are dependent upon various changing factors, they differ widely from one another. They criticize and mock each other, exaggerating the otherʼs defects and refusing to acknowledge the otherʼs positive qualities. As they have no eternal entity as their goal, they are influenced more by allegiance to their own sect than by any love for humanity... The entire universe is everyoneʼs homeland, and all the animate and inanimate entities are the various expressions of one and the same Supreme being.	由於宗教是建立在許多變動的因素上，所以彼此間的差異也相當大。他們互相批評和嘲笑，誇大對方的缺點，並拒絕承認其他教派好的特質。因為他們沒有以永恆的本體作為目標，故他們受到對教派忠誠的影響勝於對人類的愛。……所有一切生命體或非生命體都是來自同一且唯一的至上本體，是祂多采多姿的顯現。		Shrii Shrii Ánandamúrti | 16 December 1957 DMC, Begusarai | 04 The Five Kinds of Conscience (Viveka) | Subháśita Saḿgraha Part 6	Shrii Shrii Ánandamúrti | 1957年12月16日於Begusarai大法會 | 04 五種分別明辨的良知作用 | 靈性科學集成 卷6，P.79	509	139
pair_1216_1957_086_241114	1216_1957_086_241114.txt	The people of medieval times fought among the clans and communities, and the people of today are fighting over their isms. Just as religions did in the past, the isms are criticizing each other today, betraying their spirit of intolerance as they try to gag each otherʼs voices. It seems that they have no other goal than carping, criticizing, and slandering each other. They are befooling the ignorant masses by painting rosy pictures of service, peace and happiness. On the other hand they themselves are going far away from the path of selfless service and welfare. To emancipate the masses from the unhealthy influence of isms, there is no other way than universalism. Only universalism is free from the defects of any narrowisms because everything of this entire universe comes within its vast periphery.	中世紀的人在不同族群、部落間相互爭戰，而現在的人則為他們各自所擁護的主義而戰。如同過去宗教的作為，現在不同的主義間也互相批評並盡力箝制、打壓別人的言論，完全背離了寬容的精神。他們的目標似乎只是互揭瘡疤、批評和中傷。他們以服務、和平和快樂所畫出的明亮願景來欺瞞無知的大眾，在同時他們也讓自己愈來愈遠離無私服務和福祉的道路。要讓群眾自不健康的主義影響中脫離出來，除了推廣『宇宙一體』的觀念外，沒有別的方法。只有宇宙一體觀能避免所有狹隘主義的缺點，因為宇宙萬有都是來自於這無限的本體。		Shrii Shrii Ánandamúrti | 16 December 1957 DMC, Begusarai | 04 The Five Kinds of Conscience (Viveka) | Subháśita Saḿgraha Part 6	Shrii Shrii Ánandamúrti | 1957年12月16日於Begusarai大法會 | 04 五種分別明辨的良知作用 | 靈性科學集成 卷6，P.86~87	809	239
pair_1216_1957_087_260601	1216_1957_087_260601.txt	It is only with the help of átmánátma viveka that the human beings can emerge from the mire of the present century and move towards universalism with firm steps. By virtue of átmánátma viveka people can realize that Brahma is the Eternal Singular Entity, pure Consciousness.	只有藉助明辨何者為意識何者為非意識的能力，人類才能從現今世紀的泥沼中掙脫出來，並以堅定穩健的腳步朝向宇宙一體前進。具足此種分別明辨能力的人將了悟到至上本體是永恆唯一的純淨意識。	Shrii Shrii Ánandamúrti 16 dicembre 1957 DMC, Begusarai 04 I cinque tipi di discernimento spirituale (Viveka) Subháśita Saḿgraha Part 6	Shrii Shrii Ánandamúrti | 16 December 1957 DMC, Begusarai | 04 The Five Kinds of Conscience (Viveka) | Subháśita Saḿgraha Part 6	Shrii Shrii Ánandamúrti | 1957年12月16日於Begusarai大法會 | 04 五種分別明辨的良知作用 | 靈性科學集成 卷6，P.87	280	88
pair_1216_1957_206_240722	1216_1957_206_240722.txt	Everything in this universe is a metamorphosed form of Consciousness. This metamorphosis takes place due to the influence of the static principle. The creation of the world of forms by the static principle continues as a result of the changes in the flow of endless waves. Forms are the expressions of the formless due to the influence of the static Prakrti. So Consciousness, in the process of crudification, is turned into solid matter and takes the form of a perceptible object, relinquishing its original quality of witness-ship. That is, Consciousness (Átmabháva) becomes metamorphosed into non-consciousness (anátmabháva). From mind to solid matter there is the domination of non-consciousness and hence the existence of the three factors: knower, knowledge, and knowable.	宇宙中的萬事萬物都是意識的變形，這是由於受到惰性法則的影響，在此法則下所產生的有形世界是無盡波流不斷變化的結果。無形無相的本體受到造化勢能惰性法則的影響所展現出來的就是有形的世界。因此意識在粗鈍化的過程中，變成固體物質，取得可被感知的物體形象，失去了它原有見證的特質。也就是說意識(Átmabháva)變形成為非意識(anátmabháva)。自心靈以至固體物質，皆以非意識佔優勢，所以才有能知者、知與可知者三者的存在。		Shrii Shrii Ánandamúrti | 16 December 1957 DMC, Begusarai | 04 The Five Kinds of Conscience (Viveka) | Subháśita Saḿgraha Part 6	Shrii Shrii Ánandamúrti | 1957年12月16日於Begusarai大法會 | 05 心輪(Anáhata Cakra) | 生命的奧秘‧脈輪科學觀，P.206	782	210
pair_1216_1971_039_260413	1216_1971_039_260413.txt	In the beginning, there was sound, and the sound was with God, and the sound was God. You know, amongst different expressions, the expression of sound is the subtlest, subtler even than light, and that is why the karńendriya, the ear, is treated as the subtlest organ. Now, these acoustic expressions are of two kinds: one is divine, or spiritual, acoustic expression, and the other is physical acoustic expression. The sound you hear is physical acoustic expression, and similarly there is spiritual acoustic expression in the divine realm, in the spiritual campus. But in the case of the Non-Attributional Entity, in the case of Nirguńa Brahma, there is no expression, because Nirguńa means “where there has been no expression”. But in the case of Saguńa [Saguńa Brahma, the Attributional Entity] and even starting from Puruśottama [the Nucleus Consciousness], there is expression. And that expression, till it reaches the physical sphere, is spiritual acoustic expression, spiritual sound.	太初有音，音與上帝同在，音就是上帝。你們知道，在所有的表達中，音聲的表達最為精細，比光波還精細，因此耳朵(karńendriya)被視為最精細的器官。音聲的表達有兩種：一種是神聖的或靈性的音聲表達；另一種是物質的音聲表達。你們耳朵所能聽見的音聲表達是物質界的音聲表達，同樣的在神性的領域裡存在著靈性的音聲表達。但是在無屬性至上本體(Nirguńa Brahma)的狀態，就沒有任何表達存在，因為無屬性(Nirguńa)意指「沒有任何表達展現之處」;但在俱屬性至上本體(Saguńa Brahma)裡，甚至是從至上核心意識(Puruśottama)而來正要開始之處，就有了表達，在未來到物質層面前的音聲表達，是為靈性的音聲展現，也就是靈性的音聲。	In principio era il suono, e il suono era con Dio, e il suono era Dio. Tra le diverse forme di espressione, quella del suono è la più sottile, più sottile persino della luce; ed è per questo che il karnendriya, l’organo dell’udito, è considerato il più sottile. Ora, queste espressioni acustiche sono di due tipi: una è l’espressione acustica divina, o spirituale, e l’altra è l’espressione acustica fisica. Il suono che percepite con i sensi è espressione acustica fisica; allo stesso modo esiste un’espressione acustica spirituale nel dominio divino, nel piano spirituale. Ma nel caso dell’Entità Non-Attributiva, nel caso di Nirguṇa Brahma, non vi è alcuna espressione, perché “nirguṇa” significa “dove non c’è stata alcuna manifestazione”. Nel caso di Saguṇa Brahma – l’Entità con attributi – e già a partire da Puruṣottama, la Coscienza Nucleare, invece, vi è espressione. E tale espressione, fino a quando non raggiunge la sfera fisica, è espressione acustica spirituale, suono spirituale.	Shrii Shrii Ánandamúrti | 16 December 1971 morning, Patna | 07 The Sound of God | Ánanda Vacanámrtam Part 30	Shrii Shrii Ánandamúrti | 1971年12月16日晨於Patna | 07 上帝的聲音 | 喜悅甘露集 卷8，P.39	998	322
pair_1216_1971_040_241027	1216_1971_040_241027.txt	Now, one may catch this physical sound according to the capacity of oneʼs acoustic organs, oneʼs ears. You cannot catch very short or very long sounds. Similarly, in the inner sphere there are several stages, several strata, several phases; and when the inner senses develop by dint of sádhaná, one will hear that divine sound, that inner sound. It is known as the sound of silence. The what? The sound of silence. And it is what is known as oṋḿkára in Sanskrit – prańava or oṋḿkára.	一個人根據其耳朵的聽力，或許能聽得見物質層面的聲波，但你們無法聽見極長或極短的聲波。同樣的，在內在的領域裡，也有許多階段、層面，當一個人透過靈性的修持將內在的感官能力發展時，他將聽見那神性的音聲，那內在的音聲。此音聲稱之為「寂靜之音」，就是梵文中所謂的「唵聲」(oṋḿkára或prańava)。		Shrii Shrii Ánandamúrti | 16 December 1971 morning, Patna | 07 The Sound of God | Ánanda Vacanámrtam Part 30	Shrii Shrii Ánandamúrti | 1971年12月16日晨於Patna | 07 上帝的聲音 | 喜悅甘露集 卷8，P.40	492	148
pair_1217_1978_217_241213	1217_1978_217_241213.txt	"Photorealism, overhead shot, close-up: a ""transparent head"" which shows the eyes above only. There are colorful and flowing cosmic stars and light in the head. About one forehead height away from the top of the head, there is a universe swirl leading to another world."	何謂頂輪(sahasrára cakra)?頂輪為意識(Átma)與至上意識(Paramátma)兩者所在之處，位於腦下垂體以上十指之處。被稱為安住於眉心輪十指之上的原因即在此。換言之，祂出現於腦下垂體以上十指之處──祂有祂自己的住所，祂存在於至上本體與意識的世界，沒有人是在祂之外的。			Shrii Shrii Ánandamúrti | 1978年12月17日於加爾各答 | 133 千頭意識 | 喜悅甘露集 卷3，P.217	268	143
pair_1218_1971_052_241214	1218_1971_052_241214.txt	Whatever you are to do, you are to do for your own liberation – átmamokśárthaḿ. Then, jagaddhitáya ca – “for the hita of the jagat.” Hita includes all the four sevás – shúdrocita, kśatriyocita, vaeshyocita, and viprocita. But you should remember that viprocita sevá is of permanent nature. So a good person should follow this principle: that his or her life is for self-realization and the welfare of the universe: átmamokśárthaḿ and jagaddhitáya ca.	你的所作所為都應是為了自我的了悟(átmamokśárthaḿ)，以及為了世界的福祉(jagaddhitáya ca)。造福眾生的福祉包含四種類型的服務(shúdrocita勞動、kśatriyocita武士、vaeshyocita商人、viprocita智士)，然而你必須記住，其中以智力的服務最具永恆的特質，所以一個好人應該依此原則修持，也就是他的生命應該是為了自我的了悟，以及為了宇宙眾生的福祉。		Shrii Shrii Ánandamúrti | 18 December 1971 morning, Patna | 09 The Four Kinds of Service | Ánanda Vacanámrtam Part 30	Shrii Shrii Ánandamúrti | 1971年12月18日晨於Patna | 09 四種型態的服務 | 喜悅甘露集 卷8，P.52	464	201
pair_1219_1958_124_250307	1219_1958_124_250307.txt	After worldly death the disembodied soul will have to breathe in from the state of pause of the Cosmic-I to perpetuate its I-feeling, or course through the medium of a different body. That is why the unit mind should exhale with Cosmic ideation, for this leads to parallelism between the Macrocosmic waves and the microcosmic waves. At this stage there remains only one unbroken Cosmic flow which means liberation for the microcosm.	世俗肉身死亡後，離開的靈魂必須從宇宙大我的暫停狀態來行呼吸，或透過另一個肉身為媒介以維持其我覺。此即何以個體心靈呼氣時應懷有宇宙理念作用的原因，因為這麼做將可使個體小宇宙的波流與大宇宙波流平行，此時唯有一永恆不斷的宇宙波流存在，這也就是個體小宇宙的解脫。		Shrii Shrii Ánandamúrti | 19 December 1958 DMC, Jamalpur | 08 Shakti and Its Proper Application | Subháśita Saḿgraha Part 7	Shrii Shrii Ánandamúrti | 1958年12月19日於Jamalpur大法會 | 08 宇宙力量及其正確的運用 | 靈性科學集成 卷7，P.124	432	127
pair_1219_1958_125_250901	1219_1958_125_250901.txt	The resultant flow created due to clash between the waves of the Cognitive Faculty, and those of the three principles of Prakrti, is called the spiritual flow. And the special resultant created in microcosms by this spiritual flow is called spiritual inspiration. Inspiration and the thought of universal welfare are inseparable. The spiritually inspired mind should apply its power on the material world so that matter can be used benevolently for human progress. Trees, stones and earth are not easily moved by spiritual inspiration; nor are people of static nature. The difference between human beings and inanimate objects is that the former possess minds. If crude people fail to imbibe spiritual vibrations, highly evolved sádhakas, using the powerful thought of human welfare, should create spiritual vibrations in their minds. This endeavour is called proper application of spiritual energy.	認知能力之波流間的摩擦衝擊而產生之波流，以及造化勢能三種法則所產生的波流，稱之為靈性波流。此靈性波流為個體小宇宙中所帶來的特殊結果就稱為「靈性鼓舞」。 靈性鼓舞與為眾生謀求福利是不可分的。受到靈性鼓舞的心靈應運用其力量於物質世界，如此物質方可有益於人類進步。樹木、石頭和泥土不容易受到靈性的鼓舞，惰性本質之人亦然。人類和無生命之物間最大的不同就是人類具有心靈。如果粗鈍之人不能接受靈性的波動，高度進化的靈修者應利用造福人類的強大慈悲胸懷，在他們心裡製造靈性的波動。此一努力稱為靈性能量的正確運用。		Shrii Shrii Ánandamúrti | 19 December 1958 DMC, Jamalpur | 08 Shakti and Its Proper Application | Subháśita Saḿgraha Part 7	Shrii Shrii Ánandamúrti | 1958年12月19日於Jamalpur大法會 | 08 宇宙力量及其正確的運用 | 靈性科學集成 卷7，P.125	900	248
pair_1219_1958_127_240115	1219_1958_127_240115.txt	When the application of energy is internal it is called ádhyátmik saldhaná or spiritual practice. Spiritual practice is a constant process of purification of body and mind. It causes the physical and psychic waves to attain greater parallelism with the Cosmic wave.	內在能量的運用稱為「靈性鍛鍊」(ádhyátmik saldhaná)。靈性鍛鍊是一種持續潔淨身心的過程，它使身體和心智的波流到達一種與大宇宙波流平行的境界。		19 December 1958 DMC, Jamalpur | Shakti and Its Proper Application | Subháśita Saḿgraha Part 7	1958年12月19日於加滿坡大法會 | 宇宙力量及其正確的運用 | 靈性科學集成卷七，P.127	268	79
pair_1223_1978_179_250428	1223_1978_179_250428.txt	What is the meaning of mamatá? Mama + tá = mamatá. Mama means “mine” and thus mamatá is the inner idea of being mine, the feeling that something is my own. One does not think of anything as being oneʼs own except Parama Puruśa (Viśńu) This spiritual outlook can also be called “prema”. One who has thus taken Parama Puruśa as his or her own gets everything in Parama Puruśa and has a grip over the entire universe. Everything will eventually come under the control of such a devotee. To think that Parama Puruśa and nothing else is oneʼs own is therefore the cleverest thing to do. That is why it has been said “mamatá”: everything becomes full by His mamatá. Everyone will feel His closest proximity and receive the same treatment from Him as His nearest ones.	何謂瑪瑪塔(mamatá)?Mama tá=Mamatá。瑪瑪(Mama)意指「我的」，因此瑪瑪塔為內在認為某物是屬於自己的一種想法。一個人除了至上意識以外，不把任何東西認為是屬於自己的，這種靈性的見解也可以稱為神性之愛。一個像這樣將至上意識認為是屬於自己的人，將得到至上意識的一切，並且掌控整個宇宙。像這樣的虔誠者，一切事物最終將置於他的掌控中。因此，最聰明的作法是只把至上意識當成是自己的，那就是為何經典上說到瑪瑪塔的原因：在祂的瑪瑪塔裡，一切都變得圓滿，每個人都將感覺到祂是最親密的，並且從祂那裡得到祂視為親密之人的同等對待。		Shrii Shrii Ánandamúrti | 23 December 1978, Kolkata | 02 The True Nature of Bhakti | Ánanda Vacanámrtam Part 7	Shrii Shrii Ánandamúrti | 1978年12月23日於加爾各答 | 05 心輪(Anáhata Cakra) | 生命的奧秘‧脈輪科學觀，P.179	773	266
pair_1223_1978_232_251007	1223_1978_232_251007.txt	Devotees are capable of doing anything and everything. On the one hand they can endure immense torture, and on the other hand they can dance, sing and feast in joy. For them life is an abundance of blossoming flowers and sumptuous fruits. They derive bliss from every aspect of their lives.	虔誠者能夠做一切事，他們一方面能忍受巨大的磨難，而在另一方面又能快樂地唱歌、跳舞與享受。對於他們而言，生命充滿了盛開的花朵與鮮美的果實，他們的喜悅來自於生命的每一層面。		Shrii Shrii Ánandamúrti | 23 December 1978, Kolkata | 02 The True Nature of Bhakti | Ánanda Vacanámrtam Part 7	Shrii Shrii Ánandamúrti | 1978年12月23日於加爾各答 | 19 虔誠的真精神 | 虔誠瑜伽的真諦，P.232~233	290	84
pair_1223_1978_233_251002	1223_1978_233_251002.txt	One does not think of anything as being oneʼs own except Parama Puruśa (Viśńu) This spiritual outlook can also be called “prema”. One who has thus taken Parama Puruśa as his or her own gets everything in Parama Puruśa and has a grip over the entire universe. Everything will eventually come under the control of such a devotee. To think that Parama Puruśa and nothing else is oneʼs own is therefore the cleverest thing to do. That is why it has been said “mamatá”: everything becomes full by His mamatá. Everyone will feel His closest proximity and receive the same treatment from Him as His nearest ones. He will take everybody on His lap, saying, “Donʼt worry. I have come to help you”. This is the second characteristic of Iishvaraprema.  Bháva sa eva sándrátma budhaeh premanigatyate. To look upon the world with an all-encompassing vision, seeing everything as an expression of Parama Puruśa is called prema by those who are wise.	一個人除了至上意識外，不把任何東西認為是屬於自己的，這種靈性的見解也可以稱為神性之愛。一個像這樣將至上意識認為是屬於自己的人，將得到至上意識的一切，並且掌控整個宇宙。像這樣的虔誠者，一切事物最終將置於他的掌控中。因此，最聰明的作法是只把至上意識當成是自己的，這就是mamatá。由於祂的神性之愛(mamatá)，一切都變得圓滿，每個人都感覺到祂是最親密的，並且也被祂視為最親密之人。祂會將每一個人置於祂的膝上並安慰道：「別擔心，我來幫助你了。」這是內在對上主之愛(Iishvaraprema)的第二個特徵。Bháva sa eva sándrátma budhaeh premanigatyate──以整體的眼光看世界，將每件事物看成是至上意識的顯現，那些有智慧的人稱此為神性之愛。		Shrii Shrii Ánandamúrti | 23 December 1978, Kolkata | 02 The True Nature of Bhakti | Ánanda Vacanámrtam Part 7	Shrii Shrii Ánandamúrti | 1978年12月23日於加爾各答 | 19 虔誠的真精神 | 虔誠瑜伽的真諦，P.233	947	341
pair_1223_1978_237_250513	1223_1978_237_250513.txt	Who have attained Iishvaraprema, can never and will never exploit others. They will raise their voice against all sorts of tyranny, injustice and exploitation. Those who do not possess that kind of honest courage to oppose all wrongs are nothing but fakes – they are never genuine. Bhakti premasvarúpinii.  The actions of those absorbed in prema will reflect the true spirit of selfless benevolence.	內在對上主有真愛的人永不能也不會剝削其他人。他們將高聲疾呼，反對所有各種暴虐、不公與剝削。那些沒有誠實的勇氣對抗邪惡的人只是個冒牌貨—他們永遠不是真誠的。 Bhakti premasvarúpinii—那些專注於神性之愛的人，其行為將反映出無私、慈悲的真正精神。		Shrii Shrii Ánandamúrti | 23 December 1978, Kolkata | 02 The True Nature of Bhakti | Ánanda Vacanámrtam Part 7	Shrii Shrii Ánandamúrti | 1978年12月23日於加爾各答 | 19 虔誠的真精神 | 虔誠瑜伽的真諦，P.237	400	131
pair_1223_1979_296_240414	1223_1979_296_240414.txt	There is another expression of bhakti which occurs when devotees realize that all beings are created from ánanda, exist in ánanda and return to ánanda. This realization causes a radical change in their outlook – no longer can they differentiate between rich and poor, highborn and low-born. They observe an ocean of ánanda flowing within and around all created beings. “Rasa vae sah” – all are flowing in the same rasa, the same ocean of bliss.	虔誠尚有另一種的表達，它發生於當虔誠者了悟到萬物創造於喜悅、存在於喜悅，並且最後回歸於喜悅之中。此了悟徹底改變了他們原有的想法，他們再也不會在貧富之間、高貴與低微的出生之間產生分別心。他們看到在其內在與萬有中有一喜悅之洋的流動。Rasa vae sah──一切在同一個波流(rasa)、同一個喜悅的海洋裡流動。		23 December 1979, Kalikata | Devotion Is the Life-Force of a Devotee, Ánanda Vacanámrtam Part 7	1979年12月23日於加爾各答 | 虔誠為虔誠者的生命力，虔誠瑜伽的真諦，P.296	448	155
pair_1226_1965_134_250218	1226_1965_134_250218.txt	In the practice of yoga Sádhakas elevate Jaevii Shakti Kula Kuńd́alini (coiled serpentine) and merge it into Paramátmá. As the Kula Kuńd́alinii crosses various plexii the spiritual aspirant achieves Siddhis at the various stages of Yoga. The kula kuńd́alini can be raised only when the Sádhaka has a longing for Paramátman.	在瑜伽的鍛鍊裡，修行者提升其沉睡的生命潛能(Kula Kuńd́alini)融入至上意識。隨著沉睡的生命潛能穿越不同脈輪，靈性的修持者亦在瑜伽不同的階段裡得到各種成就(Siddhi)。只有當修行者對至上意識有強烈渴望時，生命沉睡的潛能才能被提升。		Shrii Shrii Ánandamúrti | 26 December 1965 DMC, Gazipur | 12 Yoga and Bhakti | Subháśita Saḿgraha Part 18	Shrii Shrii Ánandamúrti | 1965年12月26日於Gazipur大法會 | 11 瑜伽與虔誠 | 虔誠瑜伽的真諦，P.134	331	123
pair_1226_1965_139_250225	1226_1965_139_250225.txt	A Yogi depends on Bhakti in toto. Where there is no Bhakti the heart of a Yogi becomes like a barren desert. The heart of a Sadhaka is like soil, Iśtá Mantra the seed and Bhakti water. Where there are no cool showers of Bhakti there is no use sowing seed in a desert. So to be an ideal Yogi is the goal of everyone but one must remember that Bhakti has to be aroused.	瑜伽行者完全仰賴虔誠心，瑜伽行者的心中若無虔誠心，就會如沙漠般荒蕪。修行者的心就好比土壤，其生命目標梵咒(Iśtá Mantra)是種子，而虔誠則是水。沒有虔誠之水的澆灌，在沙漠中播種是徒勞無功的。所以成就自身為瑜伽行者的典範是每個人的目標，但一定要記得必須先喚起虔誠心。		Shrii Shrii Ánandamúrti | 26 December 1965 DMC, Gazipur | 12 Yoga and Bhakti | Subháśita Saḿgraha Part 18	Shrii Shrii Ánandamúrti | 1965年12月26日於Gazipur大法會 | 11 瑜伽與虔誠 | 虔誠瑜珈的真諦，P.139	369	136
pair_1226_1965_176_241204	1226_1965_176_241204.txt	The heart of a Sadhaka is like soil, Iśtá Mantra the seed and Bhakti water. Where there are no cool showers of Bhakti there is no use sowing seed in a desert. So to be an ideal Yogi is the goal of everyone but one must remember that Bhakti has to be aroused.	修行者的心靈好比土壤，其生命目標梵咒(Iśtá Mantra)為種子，而虔誠是水。沒有虔誠之水的灌溉，在沙漠中播種是徒勞無功的。成為理想的瑜伽行者是每一個人的目標，但是你必須記住先喚起虔誠之心。		Shrii Shrii Ánandamúrti | 26 December 1965 DMC, Gazipur | 12 Yoga and Bhakti | Subháśita Saḿgraha Part 18	Shrii Shrii Ánandamúrti | 1965年12月26日於Gazipur大法會 | 25 發展虔誠的情懷 | 靈性修持與三摩地，P.176	260	97
pair_1230_1966_354_241003	1230_1966_354_241003.txt	One should always remember that one is serving Parama Puruśa and none other. Had Parama Puruśa not come in your contact in the form of living beings, you would not have an opportunity to serve Him. He comes to you as a sick person or as a beggar to solicit your assistance. Naturally you are more grateful than the person you serve because Parama Puruśa has given you the opportunity to serve Him. Thus everyone should render external service.	我們應永遠記住，我們服務的就是至上意識本身而非其他。至上意識如果未以眾生的形象來到你的跟前，你就不會有服務祂的良機。祂以病人或乞丐的形象來到你的跟前請求你的幫助，當然，你比受你服務的人更為愉悅，因為至上意識給你服務祂的機會。因此每人皆應從事外在的服務。		Shrii Shrii Ánandamúrti | 30 December 1966 DMC, Jamalpur | 27 Visheśa Yoga Sádhaná and Service | Yoga Sádhaná	Shrii Shrii Ánandamúrti | 1966年12月30日於Jamalpur大法會 | 24 特殊瑜伽的修持 | 瑜伽修持科學觀，P.354	446	126
pair_1230_1981_045_240627	1230_1981_045_240627.txt	What could be more painful than spiritual bondage, which is the greatest obstacle in the path of human movement, and which leads human beings to forget their humanity and identify themselves with animality? Yet to fight against these obstacles and emerge victorious, and thereby to bring about human emancipation – all these tasks become easier if human beings take the shelter of Parama Puruśa.	有什麼比靈性束縛更令人痛苦的呢？它是人類前進道上最大的阻礙，它讓人們忘了自己的人性，而視自身為動物。然而，如果人類能以至上意識為庇護，則要與這些阻礙戰鬥，並獲得勝利為人類帶來解脫，這種種工作就會變得簡單多了。		Shrii Shrii Ánandamúrti | 30 December 1981, Anandanagar | 07 Obstacles Are the Signs of Progress | A Few Problems Solved Part 5	Shrii Shrii Ánandamúrti | 1981年12月30日於Anandanagar | 七、阻礙是進步的徵兆 | 完美生命的實踐，P.45	396	104
pair_1231_1981_067_240822	1231_1981_067_240822.txt	While performing meditation, when spiritual aspirants develop their intrinsic love for Parama Puruśa, there no longer remains any separate identity in them; they become completely identified with Parama Puruśa.	在從事靜坐修持，當靈性的修持者發展出其內在對至上意識的愛時，他們不再與至上意識是分離的，而是與祂完全合一的。		Shrii Shrii Ánandamúrti | 31 December 1981 evening, Anandanagar | 08 One Who Realizes Brahma Becomes Brahma | A Few Problems Solved Part 5	Shrii Shrii Ánandamúrti | 1981年12月31日夜晚於喜悅之城文藝復興大會 | 10 了悟至上意識者成就自身為至上意識 | 完美生命的實踐，P.67	212	54
pair_1231_1988_000_250708	1231_1988_000_250708.txt	One of the important expressions of negative microvita on human mind or human society is dogma. If you want to encourage positive microvita, encourage spirituality, you must fight dogma in different spheres and levels and arenas and strata of our society. This never-ending fight against dogma will help you a lot in establishing a society of spiritualistic order, maintaining a balance amongst the three layers of human existence, the physical, the psychic and the spiritual.(1) Wherever there is suppression, repression and oppression human beings are forced to follow the path of dogma. Communism preaches dogma, capitalism preaches dogma, and so-called religions based on the scriptures also preach dogma. Now is the time for the emergence for the third psychic force where there will be no more suppression, repression and oppression. Let the mind develop according to its longings; let the mind be free. Let there be a human society of coordination and cooperation.(2)	在人類心理或人類社會裡，負性微生元的一個重要的表現是「教條」。如果你們要促進正性微生元，促進靈修，你們必須要在社會的各個層面和教條作戰；與教條做無止盡的奮戰，將幫助你們建立一個靈性秩序的社會，並維持人類在物理、心理、靈性三個層面生存的平衡。(1) 只要有壓抑、壓制和壓迫的地方，人類便被迫要走上教條之路。共產主義宣揚教條，資本主義宣揚教條，而所謂以經典為基礎的宗教也宣揚教條。現在是第三種心理力量出現的時候了，在這種力量裡不會再有壓抑、壓制和壓迫。讓心靈依照其渴望來發展，讓心靈自由，讓我們人類的社會是一個協調與合作的社會。(2)			Shrii Shrii Ánandamúrti | (1) 1988年12月31日於喜悅之城RU，15 微生元及其對小宇宙心和大宇宙心的身體結構的影響，微生元概要 | (2) 1989年11月13日於加爾各答，12 壓抑、壓制和壓迫，民主與社會面面觀	974	265
